goal,start,end,sessions,agents,sessions_with_touches,edges_all,edges_write,edges_read,edges_cross_goal_dropped,layers_all,layers_write,root_share_all,isolated_share_all,multi_parent_share_all,gui_gap,touch_share
G01,2025-04-02,2025-05-10,1081,7,211,115,45,70,0,13,13,0.9038,0.8816,0.0962,0.8926,0.1952
G02,2025-05-10,2025-05-12,43,4,7,2,0,2,4,2,1,0.9535,0.9302,0.0000,0.9659,0.1628
G03,2025-05-12,2025-05-15,56,4,20,4,2,2,12,4,2,0.9286,0.8929,0.0000,0.7143,0.3571
G04,2025-05-15,2025-06-19,845,6,219,108,46,62,18,10,8,0.8840,0.8521,0.1020,0.8454,0.2592
G05,2025-06-19,2025-06-26,199,4,38,8,7,1,10,3,3,0.9598,0.9296,0.0000,0.8209,0.1910
G06,2025-06-26,2025-07-16,601,4,163,92,41,51,15,13,9,0.8502,0.8253,0.0222,0.7873,0.2712
G07,2025-07-16,2025-07-18,88,4,12,0,0,0,7,1,1,1.0000,1.0000,NaN,0.8871,0.1364
G08,2025-07-18,2025-08-13,1060,4,217,116,92,24,29,28,28,0.8934,0.8717,0.0265,0.7291,0.2047
G09,2025-08-13,2025-08-18,141,4,55,10,5,5,12,3,3,0.9291,0.8936,0.0000,0.7630,0.3901
G10,2025-08-18,2025-08-25,301,7,3,0,0,0,2,1,1,1.0000,1.0000,NaN,0.9403,0.0100
G11,2025-08-25,2025-09-01,362,7,52,13,6,7,14,4,3,0.9669,0.9475,0.0833,0.8908,0.1436
G12,2025-09-01,2025-09-08,335,7,96,39,17,22,24,7,5,0.8955,0.8716,0.0857,0.8151,0.2866
G13,2025-09-08,2025-09-22,656,6,160,62,29,33,40,9,6,0.9238,0.8918,0.2400,0.8779,0.2439
G14,2025-09-22,2025-09-29,330,6,46,9,2,7,10,2,2,0.9727,0.9636,0.0000,0.8822,0.1394
G15,2025-09-29,2025-10-06,252,7,46,15,6,9,15,3,3,0.9405,0.9087,0.0000,0.8465,0.1825
G16,2025-10-06,2025-10-13,351,7,103,46,20,26,12,10,8,0.8832,0.8519,0.1220,0.7544,0.2934
G17,2025-10-13,2025-10-20,280,7,136,98,34,64,20,12,12,0.7464,0.6857,0.3099,0.6066,0.4857
G18,2025-10-20,2025-11-03,827,8,447,355,126,229,47,22,19,0.6602,0.6034,0.2206,0.6338,0.5405
G19,2025-11-03,2025-11-17,898,8,425,371,144,227,53,56,46,0.6704,0.6425,0.2196,0.6569,0.4733
G20,2025-11-17,2025-12-01,1435,10,656,761,340,421,65,105,64,0.6899,0.6613,0.4472,0.6150,0.4571
G21,2025-12-01,2025-12-08,535,9,258,320,90,230,28,26,14,0.7364,0.6710,0.3901,0.6894,0.4822
G22,2025-12-08,2025-12-15,617,10,329,396,170,226,43,59,26,0.6775,0.6094,0.4573,0.4623,0.5332
G23,2025-12-15,2025-12-22,821,10,468,440,120,320,36,50,24,0.7820,0.7479,0.5196,0.3559,0.5700
G24,2025-12-22,2025-12-29,922,10,339,337,158,179,44,52,14,0.7939,0.7603,0.4211,0.6818,0.3677
G25,2025-12-29,2026-01-05,648,10,454,476,110,366,31,21,11,0.5571,0.5123,0.3519,0.5888,0.7006
G26,2026-01-05,2026-01-12,493,10,338,338,144,194,65,28,12,0.5558,0.4909,0.3562,0.2822,0.6856
G27,2026-01-12,2026-01-26,1750,10,1556,3081,1542,1539,121,162,145,0.2017,0.1669,0.6135,0.1935,0.8891
G28,2026-01-26,2026-02-02,781,11,630,899,435,464,41,104,80,0.2817,0.2612,0.4545,0.1315,0.8067
G29,2026-02-02,2026-02-09,939,12,855,1387,682,705,51,64,62,0.2428,0.2045,0.5148,0.1037,0.9105
G30,2026-02-09,2026-02-16,1265,12,1016,1699,804,895,65,172,128,0.2877,0.2680,0.5394,0.1209,0.8032
G31,2026-02-16,2026-02-23,1292,13,1114,2325,1209,1116,197,185,148,0.2082,0.1827,0.6197,0.0867,0.8622
G32,2026-02-23,2026-03-02,1371,12,1237,2507,1359,1148,162,206,155,0.1459,0.1262,0.7045,0.0244,0.9023
G33,2026-03-02,2026-03-05,797,12,741,1319,912,407,55,162,130,0.1368,0.0979,0.7195,0.0525,0.9297
G34,2026-03-05,2026-03-16,1834,13,1696,3107,1902,1205,45,307,275,0.1085,0.1003,0.7511,0.0211,0.9248
G35,2026-03-16,2026-03-23,1357,13,981,1550,969,581,65,145,129,0.3102,0.2962,0.5780,0.1872,0.7229
G36,2026-03-23,2026-03-30,1227,13,1075,2851,1381,1470,103,196,165,0.2445,0.2119,0.6807,0.0616,0.8761
G37,2026-03-30,2026-04-02,551,12,452,828,337,491,227,59,48,0.2868,0.2486,0.5394,0.1619,0.8203
G38,2026-04-02,2026-04-27,3182,14,2324,7664,3394,4270,501,370,301,0.3366,0.3133,0.7589,0.1313,0.7304
G39,2026-04-27,2026-05-04,990,15,917,1358,980,378,83,98,88,0.1152,0.0929,0.3573,0.0775,0.9263
G40,2026-05-04,2026-05-11,1110,15,974,1700,1382,318,69,190,187,0.1784,0.1640,0.7149,0.0279,0.8775
G41,2026-05-11,2026-05-18,1014,15,914,1841,1197,644,166,124,105,0.1489,0.1272,0.6813,0.0446,0.9014
G42,2026-05-18,2026-05-25,1221,16,1011,1590,1084,506,137,117,111,0.2735,0.2482,0.4386,0.1617,0.8280
G43,2026-05-25,2026-05-26,307,16,273,451,288,163,46,36,32,0.1726,0.1205,0.4606,0.0539,0.8893
G44,2026-05-26,2026-06-01,774,18,666,1457,841,616,231,89,71,0.1964,0.1718,0.6994,0.0800,0.8605
G45,2026-06-01,2026-06-08,1063,18,942,2040,1128,912,266,101,94,0.1543,0.1364,0.7419,0.0662,0.8862
G46,2026-06-08,2026-06-15,2836,18,2127,4681,1899,2782,490,273,261,0.2983,0.2867,0.7050,0.1326,0.7500
G47,2026-06-15,2026-06-22,1361,17,952,1794,737,1057,340,86,76,0.4313,0.4078,0.6757,0.1070,0.6995
G48,2026-06-22,2026-06-23,260,17,146,152,83,69,205,12,11,0.6423,0.5731,0.4409,0.0767,0.5615
G49,2026-06-23,2026-06-29,1057,17,299,194,97,97,162,33,29,0.8619,0.8458,0.2329,0.3094,0.2829
G50,2026-06-29,2026-07-06,2975,21,1607,2070,1372,698,558,277,252,0.6615,0.6440,0.6653,0.1968,0.5402
G51,2026-07-06,open,32871,32,26235,77432,43980,33452,1318,3701,3242,0.2614,0.2492,0.7986,0.0750,0.7981
