subset,definition,n_goals,n_sessions,analysis,edges,statistic,window,value,gen_mean,gen_p025,gen_p975,quantile,n,ci_low,ci_high,baseline,baseline_ci_low,baseline_ci_high,n_agents
full,all goals,51,78362,D3,all,multi_parent_share,"",0.69978,0.42276,0.41536,0.43002,1.00000,47888,,,,,,
full,all goals,51,78362,D3,all,mean_parents,"",2.67380,1.73879,1.72502,1.75264,1.00000,47888,,,,,,
full,all goals,51,78362,D3,all,sibling_merge_share,"",0.44257,0.41661,0.40061,0.44320,0.96875,47888,,,,,,
full,all goals,51,78362,D3,all,outdeg_gini,"",0.49381,0.53358,0.52702,0.54208,0.00000,47888,,,,,,
full,all goals,51,78362,D3,all,top10_child_share,"",0.40138,0.44463,0.43664,0.45456,0.00000,47888,,,,,,
full,all goals,51,78362,D3,all,cross_layer_share,"",0.60074,0.19813,0.18874,0.20424,1.00000,47888,,,,,,
full,all goals,51,78362,D3,write,multi_parent_share,"",0.55121,0.42276,0.41536,0.43002,1.00000,37033,,,,,,
full,all goals,51,78362,D3,write,mean_parents,"",1.90614,1.73879,1.72502,1.75264,1.00000,37033,,,,,,
full,all goals,51,78362,D3,write,sibling_merge_share,"",0.22197,0.41661,0.40061,0.44320,0.00000,37033,,,,,,
full,all goals,51,78362,D3,write,outdeg_gini,"",0.35043,0.53358,0.52702,0.54208,0.00000,37033,,,,,,
full,all goals,51,78362,D3,write,top10_child_share,"",0.28974,0.44463,0.43664,0.45456,0.00000,37033,,,,,,
full,all goals,51,78362,D3,write,cross_layer_share,"",0.45026,0.19813,0.18874,0.20424,1.00000,37033,,,,,,
full,all goals,51,78362,step cost,all,slope of turns,"",0.02082,,,,,77725,-0.10276,0.06412,,,,
full,all goals,51,78362,step cost,all,slope of active_min,"",0.15120,,,,,77725,-0.13046,0.25099,,,,
full,all goals,51,78362,D4,all,with_parents,goal,0.59908,,,,,49112,0.52965,0.67140,0.06146,0.04943,0.07453,45
full,all goals,51,78362,D4,all,all_pairs,goal,0.37568,,,,,78316,0.30106,0.46985,0.03854,0.02844,0.04928,46
full,all goals,51,78362,D4,all,with_parents,day,0.59908,,,,,49112,0.53330,0.67010,0.24268,0.20849,0.28284,45
full,all goals,51,78362,D4,all,all_pairs,day,0.37568,,,,,78316,0.29754,0.46924,0.15219,0.12036,0.19925,46
full,all goals,51,78362,D4,write,with_parents,goal,0.65387,,,,,37766,0.59042,0.72145,0.05412,0.04247,0.06643,45
full,all goals,51,78362,D4,write,all_pairs,goal,0.31531,,,,,78316,0.24369,0.40259,0.02610,0.01914,0.03427,46
full,all goals,51,78362,D4,write,with_parents,day,0.65387,,,,,37766,0.58708,0.72103,0.22325,0.19388,0.25924,45
full,all goals,51,78362,D4,write,all_pairs,day,0.31531,,,,,78316,0.24392,0.40291,0.10766,0.08298,0.14151,46
gap < 20%,goals whose unattributed GUI writes are under 20% of write actions,12,48005,D3,all,multi_parent_share,"",0.76263,0.42306,0.40962,0.43464,1.00000,35564,,,,,,
gap < 20%,goals whose unattributed GUI writes are under 20% of write actions,12,48005,D3,all,mean_parents,"",2.94019,1.74348,1.72380,1.77282,1.00000,35564,,,,,,
gap < 20%,goals whose unattributed GUI writes are under 20% of write actions,12,48005,D3,all,sibling_merge_share,"",0.46394,0.39892,0.37317,0.43861,1.00000,35564,,,,,,
gap < 20%,goals whose unattributed GUI writes are under 20% of write actions,12,48005,D3,all,outdeg_gini,"",0.50213,0.54476,0.53599,0.55569,0.00000,35564,,,,,,
gap < 20%,goals whose unattributed GUI writes are under 20% of write actions,12,48005,D3,all,top10_child_share,"",0.40907,0.45806,0.44784,0.47207,0.00000,35564,,,,,,
gap < 20%,goals whose unattributed GUI writes are under 20% of write actions,12,48005,D3,all,cross_layer_share,"",0.63442,0.20324,0.18982,0.21259,1.00000,35564,,,,,,
gap < 20%,goals whose unattributed GUI writes are under 20% of write actions,12,48005,D3,write,multi_parent_share,"",0.60256,0.42306,0.40962,0.43464,1.00000,28935,,,,,,
gap < 20%,goals whose unattributed GUI writes are under 20% of write actions,12,48005,D3,write,mean_parents,"",2.02208,1.74348,1.72380,1.77282,1.00000,28935,,,,,,
gap < 20%,goals whose unattributed GUI writes are under 20% of write actions,12,48005,D3,write,sibling_merge_share,"",0.23109,0.39892,0.37317,0.43861,0.00000,28935,,,,,,
gap < 20%,goals whose unattributed GUI writes are under 20% of write actions,12,48005,D3,write,outdeg_gini,"",0.35863,0.54476,0.53599,0.55569,0.00000,28935,,,,,,
gap < 20%,goals whose unattributed GUI writes are under 20% of write actions,12,48005,D3,write,top10_child_share,"",0.28797,0.45806,0.44784,0.47207,0.00000,28935,,,,,,
gap < 20%,goals whose unattributed GUI writes are under 20% of write actions,12,48005,D3,write,cross_layer_share,"",0.47907,0.20324,0.18982,0.21259,1.00000,28935,,,,,,
gap < 20%,goals whose unattributed GUI writes are under 20% of write actions,12,48005,step cost,all,slope of turns,"",0.04770,,,,,47900,-0.09749,0.07967,,,,
gap < 20%,goals whose unattributed GUI writes are under 20% of write actions,12,48005,step cost,all,slope of active_min,"",0.21000,,,,,47900,-0.14965,0.28644,,,,
gap < 20%,goals whose unattributed GUI writes are under 20% of write actions,12,48005,D4,all,with_parents,goal,0.65938,,,,,35917,0.57989,0.73737,0.04972,0.03718,0.06577,36
gap < 20%,goals whose unattributed GUI writes are under 20% of write actions,12,48005,D4,all,all_pairs,goal,0.49354,,,,,47986,0.40296,0.60587,0.03721,0.02753,0.04834,36
gap < 20%,goals whose unattributed GUI writes are under 20% of write actions,12,48005,D4,all,with_parents,day,0.65938,,,,,35917,0.58214,0.73337,0.25199,0.21364,0.30374,36
gap < 20%,goals whose unattributed GUI writes are under 20% of write actions,12,48005,D4,all,all_pairs,day,0.49354,,,,,47986,0.40575,0.60019,0.18861,0.14969,0.24245,36
gap < 20%,goals whose unattributed GUI writes are under 20% of write actions,12,48005,D4,write,with_parents,goal,0.70360,,,,,29211,0.63810,0.77591,0.04430,0.03272,0.05842,36
gap < 20%,goals whose unattributed GUI writes are under 20% of write actions,12,48005,D4,write,all_pairs,goal,0.42831,,,,,47986,0.33765,0.53416,0.02697,0.01911,0.03715,36
gap < 20%,goals whose unattributed GUI writes are under 20% of write actions,12,48005,D4,write,with_parents,day,0.70360,,,,,29211,0.63112,0.77729,0.22667,0.18962,0.26948,36
gap < 20%,goals whose unattributed GUI writes are under 20% of write actions,12,48005,D4,write,all_pairs,day,0.42831,,,,,47986,0.34117,0.53446,0.13798,0.10587,0.18396,36
gap < 10%,goals whose unattributed GUI writes are under 10% of write actions,2,1417,D3,all,multi_parent_share,"",0.66002,0.42574,0.38956,0.45521,1.00000,1153,,,,,,
gap < 10%,goals whose unattributed GUI writes are under 10% of write actions,2,1417,D3,all,mean_parents,"",1.84735,1.72987,1.63436,1.79908,1.00000,1153,,,,,,
gap < 10%,goals whose unattributed GUI writes are under 10% of write actions,2,1417,D3,all,sibling_merge_share,"",0.26675,0.45196,0.38471,0.50365,0.00000,1153,,,,,,
gap < 10%,goals whose unattributed GUI writes are under 10% of write actions,2,1417,D3,all,outdeg_gini,"",0.36964,0.50930,0.48064,0.53971,0.00000,1153,,,,,,
gap < 10%,goals whose unattributed GUI writes are under 10% of write actions,2,1417,D3,all,top10_child_share,"",0.30423,0.41696,0.38258,0.44743,0.00000,1153,,,,,,
gap < 10%,goals whose unattributed GUI writes are under 10% of write actions,2,1417,D3,all,cross_layer_share,"",0.40329,0.18742,0.16732,0.21104,1.00000,1153,,,,,,
gap < 10%,goals whose unattributed GUI writes are under 10% of write actions,2,1417,D3,write,multi_parent_share,"",0.52586,0.42574,0.38956,0.45521,1.00000,1044,,,,,,
gap < 10%,goals whose unattributed GUI writes are under 10% of write actions,2,1417,D3,write,mean_parents,"",1.59387,1.72987,1.63436,1.79908,0.00000,1044,,,,,,
gap < 10%,goals whose unattributed GUI writes are under 10% of write actions,2,1417,D3,write,sibling_merge_share,"",0.22587,0.45196,0.38471,0.50365,0.00000,1044,,,,,,
gap < 10%,goals whose unattributed GUI writes are under 10% of write actions,2,1417,D3,write,outdeg_gini,"",0.30033,0.50930,0.48064,0.53971,0.00000,1044,,,,,,
gap < 10%,goals whose unattributed GUI writes are under 10% of write actions,2,1417,D3,write,top10_child_share,"",0.26562,0.41696,0.38258,0.44743,0.00000,1044,,,,,,
gap < 10%,goals whose unattributed GUI writes are under 10% of write actions,2,1417,D3,write,cross_layer_share,"",0.31911,0.18742,0.16732,0.21104,1.00000,1044,,,,,,
gap < 10%,goals whose unattributed GUI writes are under 10% of write actions,2,1417,step cost,all,slope of turns,"",0.00847,,,,,1417,-0.14139,0.04379,,,,
gap < 10%,goals whose unattributed GUI writes are under 10% of write actions,2,1417,step cost,all,slope of active_min,"",-0.22231,,,,,1417,-0.34638,-0.19307,,,,
gap < 10%,goals whose unattributed GUI writes are under 10% of write actions,2,1417,D4,all,with_parents,goal,0.79223,,,,,1184,0.65123,0.89859,0.16206,0.13629,0.19072,16
gap < 10%,goals whose unattributed GUI writes are under 10% of write actions,2,1417,D4,all,all_pairs,goal,0.66196,,,,,1417,0.48183,0.81728,0.13541,0.10282,0.16906,16
gap < 10%,goals whose unattributed GUI writes are under 10% of write actions,2,1417,D4,all,with_parents,day,0.79223,,,,,1184,0.63886,0.90121,0.28936,0.23390,0.33748,16
gap < 10%,goals whose unattributed GUI writes are under 10% of write actions,2,1417,D4,all,all_pairs,day,0.66196,,,,,1417,0.48912,0.82937,0.24178,0.18304,0.30570,16
gap < 10%,goals whose unattributed GUI writes are under 10% of write actions,2,1417,D4,write,with_parents,goal,0.83614,,,,,1068,0.71115,0.91934,0.15255,0.13015,0.17728,16
gap < 10%,goals whose unattributed GUI writes are under 10% of write actions,2,1417,D4,write,all_pairs,goal,0.63020,,,,,1417,0.44643,0.79541,0.11498,0.08252,0.14573,16
gap < 10%,goals whose unattributed GUI writes are under 10% of write actions,2,1417,D4,write,with_parents,day,0.83614,,,,,1068,0.70436,0.92014,0.28201,0.24000,0.32305,16
gap < 10%,goals whose unattributed GUI writes are under 10% of write actions,2,1417,D4,write,all_pairs,day,0.63020,,,,,1417,0.44852,0.79735,0.21255,0.15433,0.26771,16
touch share >= 80%,goals where at least 80% of sessions touch an artifact,14,14490,D3,all,multi_parent_share,"",0.63662,0.42285,0.41354,0.43347,1.00000,11528,,,,,,
touch share >= 80%,goals where at least 80% of sessions touch an artifact,14,14490,D3,all,mean_parents,"",2.09421,1.73300,1.70785,1.75823,1.00000,11528,,,,,,
touch share >= 80%,goals where at least 80% of sessions touch an artifact,14,14490,D3,all,sibling_merge_share,"",0.35318,0.43776,0.41963,0.45508,0.00000,11528,,,,,,
touch share >= 80%,goals where at least 80% of sessions touch an artifact,14,14490,D3,all,outdeg_gini,"",0.42668,0.51977,0.51216,0.52713,0.00000,11528,,,,,,
touch share >= 80%,goals where at least 80% of sessions touch an artifact,14,14490,D3,all,top10_child_share,"",0.33759,0.42766,0.41794,0.43739,0.00000,11528,,,,,,
touch share >= 80%,goals where at least 80% of sessions touch an artifact,14,14490,D3,all,cross_layer_share,"",0.48451,0.19153,0.18562,0.19838,1.00000,11528,,,,,,
touch share >= 80%,goals where at least 80% of sessions touch an artifact,14,14490,D3,write,multi_parent_share,"",0.44630,0.42285,0.41354,0.43347,1.00000,9059,,,,,,
touch share >= 80%,goals where at least 80% of sessions touch an artifact,14,14490,D3,write,mean_parents,"",1.58759,1.73300,1.70785,1.75823,0.00000,9059,,,,,,
touch share >= 80%,goals where at least 80% of sessions touch an artifact,14,14490,D3,write,sibling_merge_share,"",0.19144,0.43776,0.41963,0.45508,0.00000,9059,,,,,,
touch share >= 80%,goals where at least 80% of sessions touch an artifact,14,14490,D3,write,outdeg_gini,"",0.28538,0.51977,0.51216,0.52713,0.00000,9059,,,,,,
touch share >= 80%,goals where at least 80% of sessions touch an artifact,14,14490,D3,write,top10_child_share,"",0.25073,0.42766,0.41794,0.43739,0.00000,9059,,,,,,
touch share >= 80%,goals where at least 80% of sessions touch an artifact,14,14490,D3,write,cross_layer_share,"",0.34189,0.19153,0.18562,0.19838,1.00000,9059,,,,,,
touch share >= 80%,goals where at least 80% of sessions touch an artifact,14,14490,step cost,all,slope of turns,"",-0.01558,,,,,14404,-0.10730,0.06465,,,,
touch share >= 80%,goals where at least 80% of sessions touch an artifact,14,14490,step cost,all,slope of active_min,"",-0.13367,,,,,14404,-0.23373,-0.03575,,,,
touch share >= 80%,goals where at least 80% of sessions touch an artifact,14,14490,D4,all,with_parents,goal,0.62571,,,,,11777,0.55643,0.69386,0.13248,0.11273,0.15018,22
touch share >= 80%,goals where at least 80% of sessions touch an artifact,14,14490,D4,all,all_pairs,goal,0.50884,,,,,14482,0.41886,0.60218,0.10774,0.08554,0.12933,22
touch share >= 80%,goals where at least 80% of sessions touch an artifact,14,14490,D4,all,with_parents,day,0.62571,,,,,11777,0.55421,0.69294,0.25926,0.22341,0.29521,22
touch share >= 80%,goals where at least 80% of sessions touch an artifact,14,14490,D4,all,all_pairs,day,0.50884,,,,,14482,0.41706,0.60403,0.21083,0.17218,0.25289,22
touch share >= 80%,goals where at least 80% of sessions touch an artifact,14,14490,D4,write,with_parents,goal,0.67452,,,,,9257,0.61098,0.73091,0.12269,0.10726,0.13849,22
touch share >= 80%,goals where at least 80% of sessions touch an artifact,14,14490,D4,write,all_pairs,goal,0.43116,,,,,14482,0.34347,0.52853,0.07842,0.06115,0.09849,22
touch share >= 80%,goals where at least 80% of sessions touch an artifact,14,14490,D4,write,with_parents,day,0.67452,,,,,9257,0.61799,0.73066,0.24264,0.21577,0.27020,22
touch share >= 80%,goals where at least 80% of sessions touch an artifact,14,14490,D4,write,all_pairs,day,0.43116,,,,,14482,0.34205,0.52193,0.15509,0.12159,0.19324,22
from 2025-10,goals starting on or after 2025-10-01,36,72012,D3,all,multi_parent_share,"",0.70679,0.42290,0.41503,0.43073,1.00000,47355,,,,,,
from 2025-10,goals starting on or after 2025-10-01,36,72012,D3,all,mean_parents,"",2.69173,1.74046,1.72631,1.75648,1.00000,47355,,,,,,
from 2025-10,goals starting on or after 2025-10-01,36,72012,D3,all,sibling_merge_share,"",0.44299,0.41197,0.39455,0.43981,0.96875,47355,,,,,,
from 2025-10,goals starting on or after 2025-10-01,36,72012,D3,all,outdeg_gini,"",0.49370,0.53669,0.52960,0.54535,0.00000,47355,,,,,,
from 2025-10,goals starting on or after 2025-10-01,36,72012,D3,all,top10_child_share,"",0.40121,0.44821,0.43969,0.45937,0.00000,47355,,,,,,
from 2025-10,goals starting on or after 2025-10-01,36,72012,D3,all,cross_layer_share,"",0.60320,0.19944,0.18919,0.20585,1.00000,47355,,,,,,
from 2025-10,goals starting on or after 2025-10-01,36,72012,D3,write,multi_parent_share,"",0.55556,0.42290,0.41503,0.43073,1.00000,36729,,,,,,
from 2025-10,goals starting on or after 2025-10-01,36,72012,D3,write,mean_parents,"",1.91342,1.74046,1.72631,1.75648,1.00000,36729,,,,,,
from 2025-10,goals starting on or after 2025-10-01,36,72012,D3,write,sibling_merge_share,"",0.22205,0.41197,0.39455,0.43981,0.00000,36729,,,,,,
from 2025-10,goals starting on or after 2025-10-01,36,72012,D3,write,outdeg_gini,"",0.35070,0.53669,0.52960,0.54535,0.00000,36729,,,,,,
from 2025-10,goals starting on or after 2025-10-01,36,72012,D3,write,top10_child_share,"",0.28927,0.44821,0.43969,0.45937,0.00000,36729,,,,,,
from 2025-10,goals starting on or after 2025-10-01,36,72012,D3,write,cross_layer_share,"",0.45218,0.19944,0.18919,0.20585,1.00000,36729,,,,,,
from 2025-10,goals starting on or after 2025-10-01,36,72012,step cost,all,slope of turns,"",0.01998,,,,,71769,-0.11191,0.06393,,,,
from 2025-10,goals starting on or after 2025-10-01,36,72012,step cost,all,slope of active_min,"",0.14933,,,,,71769,-0.14735,0.25492,,,,
from 2025-10,goals starting on or after 2025-10-01,36,72012,D4,all,with_parents,goal,0.60618,,,,,48421,0.54020,0.68069,0.06184,0.04938,0.07529,40
from 2025-10,goals starting on or after 2025-10-01,36,72012,D4,all,all_pairs,goal,0.40779,,,,,71979,0.32809,0.50414,0.04160,0.03212,0.05188,40
from 2025-10,goals starting on or after 2025-10-01,36,72012,D4,all,with_parents,day,0.60618,,,,,48421,0.53762,0.68217,0.24448,0.21028,0.28545,40
from 2025-10,goals starting on or after 2025-10-01,36,72012,D4,all,all_pairs,day,0.40779,,,,,71979,0.33144,0.50666,0.16447,0.13089,0.20884,40
from 2025-10,goals starting on or after 2025-10-01,36,72012,D4,write,with_parents,goal,0.65981,,,,,37350,0.59571,0.72630,0.05437,0.04248,0.06669,40
from 2025-10,goals starting on or after 2025-10-01,36,72012,D4,write,all_pairs,goal,0.34238,,,,,71979,0.27025,0.43036,0.02821,0.02143,0.03728,40
from 2025-10,goals starting on or after 2025-10-01,36,72012,D4,write,with_parents,day,0.65981,,,,,37350,0.59861,0.72552,0.22435,0.19590,0.25928,40
from 2025-10,goals starting on or after 2025-10-01,36,72012,D4,write,all_pairs,day,0.34238,,,,,71979,0.27250,0.43829,0.11642,0.09063,0.15155,40
no GUI-heavy early goals,all goals except those before 2025-10 with a gap of at least 80%,40,73870,D3,all,multi_parent_share,"",0.70391,0.42281,0.41500,0.43032,1.00000,47556,,,,,,
no GUI-heavy early goals,all goals except those before 2025-10 with a gap of at least 80%,40,73870,D3,all,mean_parents,"",2.68469,1.73987,1.72559,1.75613,1.00000,47556,,,,,,
no GUI-heavy early goals,all goals except those before 2025-10 with a gap of at least 80%,40,73870,D3,all,sibling_merge_share,"",0.44293,0.41316,0.39596,0.44113,0.96875,47556,,,,,,
no GUI-heavy early goals,all goals except those before 2025-10 with a gap of at least 80%,40,73870,D3,all,outdeg_gini,"",0.49378,0.53586,0.52889,0.54440,0.00000,47556,,,,,,
no GUI-heavy early goals,all goals except those before 2025-10 with a gap of at least 80%,40,73870,D3,all,top10_child_share,"",0.40130,0.44729,0.43863,0.45806,0.00000,47556,,,,,,
no GUI-heavy early goals,all goals except those before 2025-10 with a gap of at least 80%,40,73870,D3,all,cross_layer_share,"",0.60227,0.19906,0.18898,0.20554,1.00000,47556,,,,,,
no GUI-heavy early goals,all goals except those before 2025-10 with a gap of at least 80%,40,73870,D3,write,multi_parent_share,"",0.55359,0.42281,0.41500,0.43032,1.00000,36865,,,,,,
no GUI-heavy early goals,all goals except those before 2025-10 with a gap of at least 80%,40,73870,D3,write,mean_parents,"",1.91013,1.73987,1.72559,1.75613,1.00000,36865,,,,,,
no GUI-heavy early goals,all goals except those before 2025-10 with a gap of at least 80%,40,73870,D3,write,sibling_merge_share,"",0.22202,0.41316,0.39596,0.44113,0.00000,36865,,,,,,
no GUI-heavy early goals,all goals except those before 2025-10 with a gap of at least 80%,40,73870,D3,write,outdeg_gini,"",0.35059,0.53586,0.52889,0.54440,0.00000,36865,,,,,,
no GUI-heavy early goals,all goals except those before 2025-10 with a gap of at least 80%,40,73870,D3,write,top10_child_share,"",0.28949,0.44729,0.43863,0.45806,0.00000,36865,,,,,,
no GUI-heavy early goals,all goals except those before 2025-10 with a gap of at least 80%,40,73870,D3,write,cross_layer_share,"",0.45133,0.19906,0.18898,0.20554,1.00000,36865,,,,,,
no GUI-heavy early goals,all goals except those before 2025-10 with a gap of at least 80%,40,73870,step cost,all,slope of turns,"",0.02037,,,,,73627,-0.10572,0.06401,,,,
no GUI-heavy early goals,all goals except those before 2025-10 with a gap of at least 80%,40,73870,step cost,all,slope of active_min,"",0.15124,,,,,73627,-0.13539,0.25510,,,,
no GUI-heavy early goals,all goals except those before 2025-10 with a gap of at least 80%,40,73870,D4,all,with_parents,goal,0.60393,,,,,48676,0.53380,0.67531,0.06173,0.04884,0.07542,42
no GUI-heavy early goals,all goals except those before 2025-10 with a gap of at least 80%,40,73870,D4,all,all_pairs,goal,0.39813,,,,,73837,0.32347,0.50294,0.04069,0.03131,0.05271,42
no GUI-heavy early goals,all goals except those before 2025-10 with a gap of at least 80%,40,73870,D4,all,with_parents,day,0.60393,,,,,48676,0.53841,0.67661,0.24406,0.21001,0.28585,42
no GUI-heavy early goals,all goals except those before 2025-10 with a gap of at least 80%,40,73870,D4,all,all_pairs,day,0.39813,,,,,73837,0.32122,0.49046,0.16089,0.12574,0.20454,42
no GUI-heavy early goals,all goals except those before 2025-10 with a gap of at least 80%,40,73870,D4,write,with_parents,goal,0.65792,,,,,37515,0.59244,0.72453,0.05428,0.04278,0.06766,42
no GUI-heavy early goals,all goals except those before 2025-10 with a gap of at least 80%,40,73870,D4,write,all_pairs,goal,0.33428,,,,,73837,0.26057,0.42357,0.02758,0.02108,0.03609,42
no GUI-heavy early goals,all goals except those before 2025-10 with a gap of at least 80%,40,73870,D4,write,with_parents,day,0.65792,,,,,37515,0.59324,0.72517,0.22415,0.19508,0.26063,42
no GUI-heavy early goals,all goals except those before 2025-10 with a gap of at least 80%,40,73870,D4,write,all_pairs,day,0.33428,,,,,73837,0.26326,0.42585,0.11389,0.08858,0.14955,42
