graph,goal,node,layer,agent,no_edge
ai_village,G43,0,0,4,1
ai_village,G43,1,0,13,0
ai_village,G43,2,0,1,0
ai_village,G43,3,0,12,0
ai_village,G43,4,0,0,0
ai_village,G43,5,0,7,0
ai_village,G43,6,0,3,0
ai_village,G43,7,0,11,0
ai_village,G43,8,0,14,1
ai_village,G43,9,1,1,0
ai_village,G43,10,0,9,0
ai_village,G43,11,0,5,0
ai_village,G43,12,0,2,0
ai_village,G43,13,0,8,0
ai_village,G43,14,0,4,1
ai_village,G43,15,2,1,0
ai_village,G43,16,1,0,0
ai_village,G43,17,1,13,0
ai_village,G43,18,0,6,0
ai_village,G43,19,1,0,0
ai_village,G43,20,1,10,0
ai_village,G43,21,1,7,0
ai_village,G43,22,1,11,0
ai_village,G43,23,3,1,0
ai_village,G43,24,1,2,0
ai_village,G43,25,2,0,0
ai_village,G43,26,1,8,0
ai_village,G43,27,1,5,0
ai_village,G43,28,1,3,0
ai_village,G43,29,4,1,0
ai_village,G43,30,0,4,0
ai_village,G43,31,1,9,0
ai_village,G43,32,2,2,0
ai_village,G43,33,3,0,0
ai_village,G43,34,0,15,0
ai_village,G43,35,1,6,0
ai_village,G43,36,2,7,0
ai_village,G43,37,3,13,0
ai_village,G43,38,0,14,1
ai_village,G43,39,0,0,0
ai_village,G43,40,5,1,0
ai_village,G43,41,2,5,0
ai_village,G43,42,1,12,0
ai_village,G43,43,2,10,0
ai_village,G43,44,2,11,0
ai_village,G43,45,3,2,0
ai_village,G43,46,4,0,0
ai_village,G43,47,3,8,0
ai_village,G43,48,1,4,0
ai_village,G43,49,2,9,0
ai_village,G43,50,2,3,0
ai_village,G43,51,6,1,0
ai_village,G43,52,2,6,0
ai_village,G43,53,5,0,0
ai_village,G43,54,2,6,0
ai_village,G43,55,4,13,0
ai_village,G43,56,4,2,0
ai_village,G43,57,0,4,0
ai_village,G43,58,6,0,0
ai_village,G43,59,4,8,0
ai_village,G43,60,5,5,0
ai_village,G43,61,3,3,0
ai_village,G43,62,1,4,0
ai_village,G43,63,7,1,0
ai_village,G43,64,5,11,0
ai_village,G43,65,2,12,0
ai_village,G43,66,7,0,0
ai_village,G43,67,3,9,0
ai_village,G43,68,0,14,1
ai_village,G43,69,5,2,0
ai_village,G43,70,6,7,0
ai_village,G43,71,5,10,0
ai_village,G43,72,8,0,0
ai_village,G43,73,6,8,0
ai_village,G43,74,3,6,0
ai_village,G43,75,9,1,0
ai_village,G43,76,7,3,0
ai_village,G43,77,6,5,0
ai_village,G43,78,5,13,0
ai_village,G43,79,9,0,0
ai_village,G43,80,1,15,0
ai_village,G43,81,0,4,1
ai_village,G43,82,6,2,0
ai_village,G43,83,7,8,0
ai_village,G43,84,10,1,0
ai_village,G43,85,3,12,0
ai_village,G43,86,10,0,0
ai_village,G43,87,11,7,0
ai_village,G43,88,4,9,0
ai_village,G43,89,4,6,0
ai_village,G43,90,6,11,0
ai_village,G43,91,8,3,0
ai_village,G43,92,7,2,0
ai_village,G43,93,10,0,0
ai_village,G43,94,6,10,0
ai_village,G43,95,8,13,0
ai_village,G43,96,9,3,0
ai_village,G43,97,0,4,1
ai_village,G43,98,8,8,0
ai_village,G43,99,11,1,0
ai_village,G43,100,3,12,0
ai_village,G43,101,0,14,1
ai_village,G43,102,12,7,0
ai_village,G43,103,11,0,0
ai_village,G43,104,8,2,0
ai_village,G43,105,5,9,0
ai_village,G43,106,5,6,0
ai_village,G43,107,7,5,0
ai_village,G43,108,12,1,0
ai_village,G43,109,12,0,0
ai_village,G43,110,10,3,0
ai_village,G43,111,9,13,0
ai_village,G43,112,0,4,1
ai_village,G43,113,9,2,0
ai_village,G43,114,13,0,0
ai_village,G43,115,9,8,0
ai_village,G43,116,0,12,1
ai_village,G43,117,10,11,0
ai_village,G43,118,13,1,0
ai_village,G43,119,10,10,0
ai_village,G43,120,8,5,0
ai_village,G43,121,10,2,0
ai_village,G43,122,10,6,0
ai_village,G43,123,13,7,0
ai_village,G43,124,14,1,0
ai_village,G43,125,6,9,0
ai_village,G43,126,0,4,1
ai_village,G43,127,7,15,0
ai_village,G43,128,14,3,0
ai_village,G43,129,15,1,0
ai_village,G43,130,11,2,0
ai_village,G43,131,0,12,1
ai_village,G43,132,14,7,0
ai_village,G43,133,14,13,0
ai_village,G43,134,10,8,0
ai_village,G43,135,0,14,1
ai_village,G43,136,14,0,0
ai_village,G43,137,12,2,0
ai_village,G43,138,11,6,0
ai_village,G43,139,15,3,0
ai_village,G43,140,15,10,0
ai_village,G43,141,0,4,1
ai_village,G43,142,7,9,0
ai_village,G43,143,16,1,0
ai_village,G43,144,11,11,0
ai_village,G43,145,15,0,0
ai_village,G43,146,9,5,0
ai_village,G43,147,11,15,0
ai_village,G43,148,16,3,0
ai_village,G43,149,16,13,0
ai_village,G43,150,13,2,0
ai_village,G43,151,17,1,0
ai_village,G43,152,15,7,0
ai_village,G43,153,12,8,0
ai_village,G43,154,16,0,0
ai_village,G43,155,13,6,0
ai_village,G43,156,0,12,1
ai_village,G43,157,18,1,0
ai_village,G43,158,17,5,0
ai_village,G43,159,0,4,1
ai_village,G43,160,14,2,0
ai_village,G43,161,16,0,0
ai_village,G43,162,19,1,0
ai_village,G43,163,8,9,0
ai_village,G43,164,16,10,0
ai_village,G43,165,17,3,0
ai_village,G43,166,18,7,0
ai_village,G43,167,0,14,1
ai_village,G43,168,17,0,0
ai_village,G43,169,13,15,0
ai_village,G43,170,17,13,0
ai_village,G43,171,18,8,0
ai_village,G43,172,18,5,0
ai_village,G43,173,20,1,0
ai_village,G43,174,15,2,0
ai_village,G43,175,12,11,0
ai_village,G43,176,0,4,1
ai_village,G43,177,0,12,1
ai_village,G43,178,18,3,0
ai_village,G43,179,14,6,0
ai_village,G43,180,19,3,0
ai_village,G43,181,18,2,0
ai_village,G43,182,9,9,0
ai_village,G43,183,19,5,0
ai_village,G43,184,21,1,0
ai_village,G43,185,0,4,1
ai_village,G43,186,19,2,0
ai_village,G43,187,19,7,0
ai_village,G43,188,18,0,0
ai_village,G43,189,17,10,0
ai_village,G43,190,0,12,1
ai_village,G43,191,20,8,0
ai_village,G43,192,22,1,0
ai_village,G43,193,18,13,0
ai_village,G43,194,18,0,0
ai_village,G43,195,10,9,0
ai_village,G43,196,15,6,0
ai_village,G43,197,19,11,0
ai_village,G43,198,0,14,1
ai_village,G43,199,20,5,0
ai_village,G43,200,0,4,1
ai_village,G43,201,20,2,0
ai_village,G43,202,23,1,0
ai_village,G43,203,0,0,1
ai_village,G43,204,20,3,0
ai_village,G43,205,21,6,0
ai_village,G43,206,20,10,0
ai_village,G43,207,20,7,0
ai_village,G43,208,0,12,1
ai_village,G43,209,21,15,0
ai_village,G43,210,24,1,0
ai_village,G43,211,21,2,0
ai_village,G43,212,18,0,0
ai_village,G43,213,21,5,0
ai_village,G43,214,20,11,0
ai_village,G43,215,21,3,0
ai_village,G43,216,20,9,0
ai_village,G43,217,25,1,0
ai_village,G43,218,0,4,1
ai_village,G43,219,22,2,0
ai_village,G43,220,21,8,0
ai_village,G43,221,26,1,0
ai_village,G43,222,22,3,0
ai_village,G43,223,18,0,0
ai_village,G43,224,22,5,0
ai_village,G43,225,21,11,0
ai_village,G43,226,22,6,0
ai_village,G43,227,21,10,0
ai_village,G43,228,23,2,0
ai_village,G43,229,21,7,0
ai_village,G43,230,0,14,1
ai_village,G43,231,18,0,0
ai_village,G43,232,0,4,1
ai_village,G43,233,27,1,0
ai_village,G43,234,23,6,0
ai_village,G43,235,21,9,0
ai_village,G43,236,22,8,0
ai_village,G43,237,23,3,0
ai_village,G43,238,23,15,0
ai_village,G43,239,28,1,0
ai_village,G43,240,23,5,0
ai_village,G43,241,0,12,1
ai_village,G43,242,19,0,0
ai_village,G43,243,24,2,0
ai_village,G43,244,19,0,0
ai_village,G43,245,0,4,1
ai_village,G43,246,24,6,0
ai_village,G43,247,22,10,0
ai_village,G43,248,22,7,0
ai_village,G43,249,25,2,0
ai_village,G43,250,29,11,0
ai_village,G43,251,23,8,0
ai_village,G43,252,24,5,0
ai_village,G43,253,20,0,0
ai_village,G43,254,22,9,0
ai_village,G43,255,30,1,0
ai_village,G43,256,24,15,0
ai_village,G43,257,24,3,0
ai_village,G43,258,0,4,1
ai_village,G43,259,20,0,0
ai_village,G43,260,23,7,0
ai_village,G43,261,0,14,1
ai_village,G43,262,31,11,0
ai_village,G43,263,26,2,0
ai_village,G43,264,25,5,0
ai_village,G43,265,23,10,0
ai_village,G43,266,32,1,0
ai_village,G43,267,33,12,0
ai_village,G43,268,32,3,0
ai_village,G43,269,21,0,0
ai_village,G43,270,0,4,1
ai_village,G43,271,23,9,0
ai_village,G43,272,32,7,0
ai_village,G43,273,25,6,0
ai_village,G43,274,22,0,0
ai_village,G43,275,33,3,0
ai_village,G43,276,27,2,0
ai_village,G43,277,24,8,0
ai_village,G43,278,0,4,1
ai_village,G43,279,19,13,0
ai_village,G43,280,32,11,0
ai_village,G43,281,33,1,0
ai_village,G43,282,34,10,0
ai_village,G43,283,28,2,0
ai_village,G43,284,23,0,0
ai_village,G43,285,34,7,0
ai_village,G43,286,25,8,0
ai_village,G43,287,34,13,0
ai_village,G43,288,34,3,0
ai_village,G43,289,26,5,0
ai_village,G43,290,34,2,0
ai_village,G43,291,0,4,1
ai_village,G43,292,34,3,0
ai_village,G43,293,0,14,1
ai_village,G43,294,34,1,0
ai_village,G43,295,24,9,0
ai_village,G43,296,27,5,0
ai_village,G43,297,35,10,0
ai_village,G43,298,24,0,0
ai_village,G43,299,35,7,0
ai_village,G43,300,35,3,0
ai_village,G43,301,33,11,0
ai_village,G43,302,0,12,1
ai_village,G43,303,26,6,0
ai_village,G43,304,27,5,0
ai_village,G43,305,35,2,0
ai_village,G43,306,35,10,0
generator,G43,0,0,-1,0
generator,G43,1,1,-1,0
generator,G43,2,1,-1,0
generator,G43,3,1,-1,0
generator,G43,4,1,-1,0
generator,G43,5,1,-1,0
generator,G43,6,1,-1,0
generator,G43,7,1,-1,0
generator,G43,8,1,-1,0
generator,G43,9,1,-1,0
generator,G43,10,1,-1,0
generator,G43,11,1,-1,0
generator,G43,12,1,-1,0
generator,G43,13,1,-1,0
generator,G43,14,1,-1,0
generator,G43,15,1,-1,0
generator,G43,16,1,-1,0
generator,G43,17,1,-1,0
generator,G43,18,1,-1,0
generator,G43,19,1,-1,0
generator,G43,20,1,-1,0
generator,G43,21,2,-1,0
generator,G43,22,2,-1,0
generator,G43,23,2,-1,0
generator,G43,24,2,-1,0
generator,G43,25,2,-1,0
generator,G43,26,2,-1,0
generator,G43,27,2,-1,0
generator,G43,28,2,-1,0
generator,G43,29,2,-1,0
generator,G43,30,2,-1,0
generator,G43,31,2,-1,0
generator,G43,32,2,-1,0
generator,G43,33,2,-1,0
generator,G43,34,2,-1,0
generator,G43,35,2,-1,0
generator,G43,36,2,-1,0
generator,G43,37,2,-1,0
generator,G43,38,2,-1,0
generator,G43,39,2,-1,0
generator,G43,40,2,-1,0
generator,G43,41,2,-1,0
generator,G43,42,2,-1,0
generator,G43,43,2,-1,0
generator,G43,44,2,-1,0
generator,G43,45,2,-1,0
generator,G43,46,2,-1,0
generator,G43,47,2,-1,0
generator,G43,48,2,-1,0
generator,G43,49,3,-1,0
generator,G43,50,3,-1,0
generator,G43,51,3,-1,0
generator,G43,52,3,-1,0
generator,G43,53,3,-1,0
generator,G43,54,3,-1,0
generator,G43,55,3,-1,0
generator,G43,56,3,-1,0
generator,G43,57,3,-1,0
generator,G43,58,3,-1,0
generator,G43,59,3,-1,0
generator,G43,60,3,-1,0
generator,G43,61,3,-1,0
generator,G43,62,3,-1,0
generator,G43,63,3,-1,0
generator,G43,64,3,-1,0
generator,G43,65,3,-1,0
generator,G43,66,3,-1,0
generator,G43,67,3,-1,0
generator,G43,68,3,-1,0
generator,G43,69,3,-1,0
generator,G43,70,3,-1,0
generator,G43,71,3,-1,0
generator,G43,72,3,-1,0
generator,G43,73,3,-1,0
generator,G43,74,3,-1,0
generator,G43,75,3,-1,0
generator,G43,76,3,-1,0
generator,G43,77,3,-1,0
generator,G43,78,3,-1,0
generator,G43,79,4,-1,0
generator,G43,80,4,-1,0
generator,G43,81,4,-1,0
generator,G43,82,4,-1,0
generator,G43,83,4,-1,0
generator,G43,84,4,-1,0
generator,G43,85,4,-1,0
generator,G43,86,4,-1,0
generator,G43,87,4,-1,0
generator,G43,88,4,-1,0
generator,G43,89,4,-1,0
generator,G43,90,4,-1,0
generator,G43,91,4,-1,0
generator,G43,92,4,-1,0
generator,G43,93,4,-1,0
generator,G43,94,4,-1,0
generator,G43,95,4,-1,0
generator,G43,96,4,-1,0
generator,G43,97,4,-1,0
generator,G43,98,4,-1,0
generator,G43,99,4,-1,0
generator,G43,100,4,-1,0
generator,G43,101,4,-1,0
generator,G43,102,4,-1,0
generator,G43,103,4,-1,0
generator,G43,104,4,-1,0
generator,G43,105,4,-1,0
generator,G43,106,4,-1,0
generator,G43,107,5,-1,0
generator,G43,108,5,-1,0
generator,G43,109,5,-1,0
generator,G43,110,5,-1,0
generator,G43,111,5,-1,0
generator,G43,112,5,-1,0
generator,G43,113,5,-1,0
generator,G43,114,5,-1,0
generator,G43,115,5,-1,0
generator,G43,116,5,-1,0
generator,G43,117,5,-1,0
generator,G43,118,5,-1,0
generator,G43,119,5,-1,0
generator,G43,120,5,-1,0
generator,G43,121,5,-1,0
generator,G43,122,5,-1,0
generator,G43,123,5,-1,0
generator,G43,124,5,-1,0
generator,G43,125,5,-1,0
generator,G43,126,5,-1,0
generator,G43,127,5,-1,0
generator,G43,128,5,-1,0
generator,G43,129,5,-1,0
generator,G43,130,5,-1,0
generator,G43,131,5,-1,0
generator,G43,132,5,-1,0
generator,G43,133,5,-1,0
generator,G43,134,5,-1,0
generator,G43,135,5,-1,0
generator,G43,136,5,-1,0
generator,G43,137,5,-1,0
generator,G43,138,5,-1,0
generator,G43,139,5,-1,0
generator,G43,140,5,-1,0
generator,G43,141,5,-1,0
generator,G43,142,5,-1,0
generator,G43,143,5,-1,0
generator,G43,144,5,-1,0
generator,G43,145,6,-1,0
generator,G43,146,6,-1,0
generator,G43,147,6,-1,0
generator,G43,148,6,-1,0
generator,G43,149,6,-1,0
generator,G43,150,6,-1,0
generator,G43,151,6,-1,0
generator,G43,152,6,-1,0
generator,G43,153,6,-1,0
generator,G43,154,6,-1,0
generator,G43,155,6,-1,0
generator,G43,156,6,-1,0
generator,G43,157,6,-1,0
generator,G43,158,6,-1,0
generator,G43,159,6,-1,0
generator,G43,160,6,-1,0
generator,G43,161,6,-1,0
generator,G43,162,6,-1,0
generator,G43,163,6,-1,0
generator,G43,164,6,-1,0
generator,G43,165,6,-1,0
generator,G43,166,6,-1,0
generator,G43,167,6,-1,0
generator,G43,168,6,-1,0
generator,G43,169,6,-1,0
generator,G43,170,6,-1,0
generator,G43,171,6,-1,0
generator,G43,172,6,-1,0
generator,G43,173,6,-1,0
generator,G43,174,6,-1,0
generator,G43,175,6,-1,0
generator,G43,176,6,-1,0
generator,G43,177,6,-1,0
generator,G43,178,7,-1,0
generator,G43,179,7,-1,0
generator,G43,180,7,-1,0
generator,G43,181,7,-1,0
generator,G43,182,7,-1,0
generator,G43,183,7,-1,0
generator,G43,184,7,-1,0
generator,G43,185,7,-1,0
generator,G43,186,7,-1,0
generator,G43,187,7,-1,0
generator,G43,188,7,-1,0
generator,G43,189,7,-1,0
generator,G43,190,7,-1,0
generator,G43,191,7,-1,0
generator,G43,192,7,-1,0
generator,G43,193,7,-1,0
generator,G43,194,7,-1,0
generator,G43,195,7,-1,0
generator,G43,196,7,-1,0
generator,G43,197,7,-1,0
generator,G43,198,7,-1,0
generator,G43,199,7,-1,0
generator,G43,200,7,-1,0
generator,G43,201,7,-1,0
generator,G43,202,7,-1,0
generator,G43,203,7,-1,0
generator,G43,204,7,-1,0
generator,G43,205,7,-1,0
generator,G43,206,7,-1,0
generator,G43,207,7,-1,0
generator,G43,208,7,-1,0
generator,G43,209,7,-1,0
generator,G43,210,7,-1,0
generator,G43,211,7,-1,0
generator,G43,212,7,-1,0
generator,G43,213,7,-1,0
generator,G43,214,7,-1,0
generator,G43,215,7,-1,0
generator,G43,216,7,-1,0
generator,G43,217,7,-1,0
generator,G43,218,7,-1,0
generator,G43,219,7,-1,0
generator,G43,220,7,-1,0
generator,G43,221,7,-1,0
generator,G43,222,7,-1,0
generator,G43,223,7,-1,0
generator,G43,224,8,-1,0
generator,G43,225,8,-1,0
generator,G43,226,8,-1,0
generator,G43,227,8,-1,0
generator,G43,228,8,-1,0
generator,G43,229,8,-1,0
generator,G43,230,8,-1,0
generator,G43,231,8,-1,0
generator,G43,232,8,-1,0
generator,G43,233,8,-1,0
generator,G43,234,8,-1,0
generator,G43,235,8,-1,0
generator,G43,236,8,-1,0
generator,G43,237,8,-1,0
generator,G43,238,8,-1,0
generator,G43,239,8,-1,0
generator,G43,240,8,-1,0
generator,G43,241,8,-1,0
generator,G43,242,9,-1,0
generator,G43,243,9,-1,0
generator,G43,244,9,-1,0
generator,G43,245,9,-1,0
generator,G43,246,9,-1,0
generator,G43,247,9,-1,0
generator,G43,248,9,-1,0
generator,G43,249,9,-1,0
generator,G43,250,9,-1,0
generator,G43,251,9,-1,0
generator,G43,252,9,-1,0
generator,G43,253,9,-1,0
generator,G43,254,9,-1,0
generator,G43,255,9,-1,0
generator,G43,256,9,-1,0
generator,G43,257,9,-1,0
generator,G43,258,9,-1,0
generator,G43,259,9,-1,0
generator,G43,260,9,-1,0
generator,G43,261,9,-1,0
generator,G43,262,9,-1,0
generator,G43,263,9,-1,0
generator,G43,264,9,-1,0
generator,G43,265,9,-1,0
generator,G43,266,9,-1,0
generator,G43,267,9,-1,0
generator,G43,268,9,-1,0
generator,G43,269,9,-1,0
generator,G43,270,9,-1,0
generator,G43,271,9,-1,0
generator,G43,272,10,-1,0
generator,G43,273,10,-1,0
generator,G43,274,10,-1,0
generator,G43,275,10,-1,0
generator,G43,276,10,-1,0
generator,G43,277,10,-1,0
generator,G43,278,11,-1,0
generator,G43,279,11,-1,0
generator,G43,280,11,-1,0
generator,G43,281,11,-1,0
generator,G43,282,11,-1,0
generator,G43,283,11,-1,0
generator,G43,284,11,-1,0
generator,G43,285,11,-1,0
generator,G43,286,11,-1,0
generator,G43,287,11,-1,0
generator,G43,288,11,-1,0
generator,G43,289,11,-1,0
generator,G43,290,12,-1,0
generator,G43,291,12,-1,0
generator,G43,292,12,-1,0
generator,G43,293,12,-1,0
generator,G43,294,12,-1,0
generator,G43,295,12,-1,0
generator,G43,296,12,-1,0
generator,G43,297,13,-1,0
generator,G43,298,13,-1,0
generator,G43,299,13,-1,0
generator,G43,300,13,-1,0
generator,G43,301,14,-1,0
generator,G43,302,14,-1,0
generator,G43,303,14,-1,0
generator,G43,304,15,-1,0
generator,G43,305,15,-1,0
generator,G43,306,16,-1,0
