month,turns,bash_turn_share,gui_turn_share,type_turn_share,locate_turn_share,seven_key_share,sessions,sessions_with_bash,sessions_with_gui
2025-04,23724,0.0018,0.9684,0.1195,0.1238,0.0000,891,0.0224,1.0000
2025-05,19855,0.0040,0.9230,0.0875,0.1937,0.0000,649,0.0308,1.0000
2025-06,25933,0.0022,0.8712,0.0924,0.1312,0.0000,859,0.0268,1.0000
2025-07,34162,0.0111,0.9247,0.1050,0.1628,0.0000,1091,0.0449,1.0000
2025-08,41556,0.0053,0.9137,0.0858,0.1633,0.0000,1282,0.0382,0.9969
2025-09,48144,0.0078,0.8715,0.0848,0.1483,0.0000,1442,0.0513,0.9993
2025-10,47890,0.0520,0.8610,0.1070,0.1243,0.0000,1588,0.2538,0.9975
2025-11,67779,0.0597,0.8951,0.0940,0.1187,0.0000,2334,0.2288,0.9344
2025-12,103201,0.1513,0.8055,0.0951,0.0906,0.0000,3272,0.3854,0.8741
2026-01,94111,0.3299,0.6234,0.0929,0.0617,0.0008,3287,0.6708,0.8229
2026-02,124611,0.4828,0.4738,0.0675,0.0360,0.0189,4743,0.7708,0.7672
2026-03,162261,0.5259,0.4233,0.0378,0.0378,0.0259,5559,0.8055,0.8217
2026-04,152617,0.3934,0.5385,0.0388,0.0546,0.0000,4120,0.7114,0.9240
2026-05,164951,0.5327,0.3898,0.0378,0.0402,0.0000,4648,0.8397,0.9410
2026-06,254373,0.3819,0.5278,0.1318,0.0412,0.0000,7754,0.6749,0.9292
2026-07,502630,0.4696,0.4332,0.0655,0.0515,0.0000,15441,0.7781,0.8531
2026-08,409475,0.5027,0.3885,0.0425,0.0585,0.0000,12152,0.8159,0.8456
2026-09,233214,0.5465,0.3503,0.0356,0.0457,0.0000,7002,0.8392,0.8806
