variant,window,measure,stratum,rate,rate_ci_low,rate_ci_high,baseline,baseline_ci_low,baseline_ci_high,difference,difference_ci_low,difference_ci_high,ratio,ratio_ci_low,ratio_ci_high,n_pairs,n_agents,median_pool,median_k
all,goal,with_parents,all,0.60178,0.53425,0.67409,0.06324,0.05121,0.07651,0.53854,0.46982,0.61175,9.51526,7.63677,12.05510,50251,45,312.00000,2.00000
all,goal,all_pairs,all,0.38613,0.31369,0.48825,0.04058,0.03166,0.05160,0.34555,0.26964,0.44673,9.51526,6.85738,13.32786,78316,46,135.00000,1.00000
all,goal,own_work,all,0.65990,0.60354,0.72376,0.10402,0.08732,0.12193,0.55588,0.49551,0.62307,6.34382,5.29539,7.71752,45825,45,125.00000,2.00000
all,day,with_parents,all,0.60178,0.53631,0.67267,0.25019,0.21793,0.28970,0.35159,0.27205,0.43095,2.40525,1.99432,2.88248,50251,45,23.00000,2.00000
all,day,all_pairs,all,0.38613,0.30985,0.48331,0.16054,0.12936,0.20525,0.22559,0.13891,0.32640,2.40525,1.74409,3.26877,78316,46,17.00000,1.00000
all,day,own_work,all,0.65990,0.60062,0.72472,0.39127,0.36177,0.42726,0.26863,0.19892,0.33963,1.68655,1.48145,1.90797,45825,45,9.00000,2.00000
all,goal,with_parents,regime_pre,0.43163,0.34698,0.51616,0.09614,0.07923,0.11342,0.33549,0.25017,0.42284,4.48949,3.37823,5.91309,12733,23,34.00000,2.00000
all,goal,all_pairs,regime_pre,0.21173,0.13978,0.30900,0.04716,0.03168,0.06795,0.16457,0.08686,0.26411,4.48949,2.55932,7.79137,25957,24,24.00000,0.00000
all,goal,own_work,regime_pre,0.50960,0.42365,0.58939,0.13370,0.11579,0.15123,0.37589,0.28617,0.45470,3.81142,3.04560,4.69957,10785,23,20.00000,1.00000
all,day,with_parents,regime_pre,0.43163,0.34614,0.51737,0.23445,0.19580,0.27685,0.19718,0.10375,0.28800,1.84105,1.40664,2.36035,12733,23,8.00000,2.00000
all,day,all_pairs,regime_pre,0.21173,0.14274,0.31298,0.11501,0.07926,0.16374,0.09673,0.01292,0.20351,1.84105,1.08929,3.14222,25957,24,4.00000,0.00000
all,day,own_work,regime_pre,0.50960,0.42563,0.59126,0.31751,0.27901,0.35645,0.19209,0.09752,0.28613,1.60498,1.29218,1.97800,10785,23,5.00000,1.00000
all,goal,with_parents,regime_post,0.65953,0.59102,0.73431,0.05208,0.03928,0.06639,0.60745,0.53815,0.68306,12.66379,9.66766,17.09438,37516,34,850.00000,3.00000
all,goal,all_pairs,regime_post,0.47263,0.38907,0.57842,0.03732,0.02837,0.04897,0.43531,0.34811,0.53914,12.66379,9.01997,17.60123,52352,34,741.00000,2.00000
all,goal,own_work,regime_post,0.70616,0.63691,0.77413,0.09486,0.07621,0.11681,0.61129,0.53932,0.68092,7.44404,5.87936,9.43498,35039,34,254.00000,2.00000
all,day,with_parents,regime_post,0.65953,0.58638,0.73521,0.25555,0.21355,0.30706,0.40398,0.31568,0.48899,2.58084,2.09105,3.17924,37516,34,31.00000,3.00000
all,day,all_pairs,regime_post,0.47263,0.38843,0.57560,0.18313,0.14502,0.23179,0.28950,0.18968,0.40286,2.58084,1.87261,3.55865,52352,34,27.00000,2.00000
all,day,own_work,regime_post,0.70616,0.63992,0.77456,0.41396,0.37424,0.45784,0.29219,0.21384,0.36945,1.70585,1.48288,1.94937,35039,34,11.00000,2.00000
write,goal,with_parents,all,0.65852,0.59600,0.72584,0.05545,0.04412,0.06805,0.60307,0.53863,0.67344,11.87550,9.42384,15.19200,38421,45,503.00000,2.00000
write,goal,all_pairs,all,0.32306,0.25571,0.40909,0.02720,0.02049,0.03530,0.29586,0.22656,0.38260,11.87550,8.29407,17.07290,78316,46,135.00000,0.00000
write,goal,own_work,all,0.69665,0.63886,0.75731,0.09813,0.08034,0.11622,0.59852,0.53741,0.66470,7.09932,5.92005,8.74659,36318,45,157.00000,1.00000
write,day,with_parents,all,0.65852,0.59568,0.72479,0.23068,0.20260,0.26731,0.42784,0.35714,0.49941,2.85472,2.41038,3.36103,38421,45,26.00000,2.00000
write,day,all_pairs,all,0.32306,0.25495,0.41001,0.11317,0.08695,0.14857,0.20989,0.13291,0.29899,2.85472,2.01349,4.03643,78316,46,17.00000,0.00000
write,day,own_work,all,0.69665,0.64157,0.75655,0.38320,0.35302,0.41507,0.31345,0.24789,0.38252,1.81798,1.62006,2.05383,36318,45,10.00000,1.00000
write,goal,with_parents,regime_pre,0.47921,0.40359,0.54852,0.09091,0.07689,0.10575,0.38829,0.30805,0.45860,5.27099,4.20358,6.50897,8345,23,36.00000,1.00000
write,goal,all_pairs,regime_pre,0.15406,0.09694,0.23430,0.02923,0.01933,0.04305,0.12483,0.06539,0.20666,5.27099,2.73671,9.51818,25957,24,24.00000,0.00000
write,goal,own_work,regime_pre,0.53030,0.45177,0.60320,0.12972,0.11265,0.14780,0.40058,0.31918,0.47613,4.08813,3.31650,4.95194,7541,23,22.00000,1.00000
write,day,with_parents,regime_pre,0.47921,0.40352,0.54302,0.22852,0.20161,0.25711,0.25069,0.16963,0.32188,2.09699,1.70115,2.52054,8345,23,9.00000,1.00000
write,day,all_pairs,regime_pre,0.15406,0.09682,0.23321,0.07347,0.04843,0.10828,0.08059,0.01396,0.16226,2.09699,1.15505,3.73090,25957,24,4.00000,0.00000
write,day,own_work,regime_pre,0.53030,0.45464,0.60269,0.32183,0.28549,0.35478,0.20847,0.12636,0.28919,1.64777,1.37618,1.96873,7541,23,5.00000,1.00000
write,goal,with_parents,regime_post,0.70827,0.64290,0.77693,0.04561,0.03351,0.06003,0.66266,0.59512,0.73132,15.52805,11.63421,21.27577,30076,34,956.00000,2.00000
write,goal,all_pairs,regime_post,0.40690,0.33074,0.50737,0.02620,0.01872,0.03556,0.38070,0.30377,0.48073,15.52805,10.64836,23.11284,52352,34,741.00000,1.00000
write,goal,own_work,regime_post,0.74024,0.67915,0.80334,0.08985,0.06922,0.11009,0.65039,0.58715,0.71777,8.23850,6.58126,10.80054,28777,34,310.00000,2.00000
write,day,with_parents,regime_post,0.70827,0.64551,0.77515,0.23128,0.19574,0.27448,0.47700,0.39757,0.55185,3.06246,2.52468,3.69404,30076,34,32.00000,2.00000
write,day,all_pairs,regime_post,0.40690,0.32366,0.51236,0.13287,0.10210,0.17401,0.27403,0.17793,0.38398,3.06246,2.09983,4.30356,52352,34,27.00000,1.00000
write,day,own_work,regime_post,0.74024,0.67703,0.80259,0.39928,0.35944,0.44530,0.34096,0.26514,0.41591,1.85393,1.61571,2.13236,28777,34,13.00000,2.00000
