scope,edges,statistic,observed,gen_mean,gen_sd,gen_p025,gen_p975,quantile,gen_n,n_goals,n_nodes,n_edges,n_child_nodes,n_multi
pooled,all,multi_parent_share,0.69978,0.42276,0.00455,0.41536,0.43002,1.00000,64,51,78362,128043,47888,33511
pooled,all,mean_parents,2.67380,1.73879,0.00847,1.72502,1.75264,1.00000,64,51,78362,128043,47888,33511
pooled,all,sibling_merge_share,0.44257,0.41661,0.01068,0.40061,0.44320,0.96875,64,51,78362,128043,47888,33511
pooled,all,outdeg_gini,0.49381,0.53358,0.00382,0.52702,0.54208,0.00000,64,51,78362,128043,47888,33511
pooled,all,top10_child_share,0.40138,0.44463,0.00460,0.43664,0.45456,0.00000,64,51,78362,128043,47888,33511
pooled,all,cross_layer_share,0.60074,0.19813,0.00386,0.18874,0.20424,1.00000,64,51,78362,128043,47888,33511
pooled,all,parents_1,0.30022,0.57724,0.00455,0.56998,0.58464,0.00000,64,51,78362,128043,47888,33511
pooled,all,parents_2,0.29859,0.29994,0.00334,0.29392,0.30535,0.34375,64,51,78362,128043,47888,33511
pooled,all,parents_3,0.16409,0.06073,0.00120,0.05868,0.06302,1.00000,64,51,78362,128043,47888,33511
pooled,all,parents_4+,0.23709,0.06208,0.00099,0.05987,0.06368,1.00000,64,51,78362,128043,47888,33511
goal_median,all,multi_parent_share,0.46171,0.42278,0.00348,0.41464,0.42729,1.00000,64,49,,,,
goal_median,all,mean_parents,1.73723,1.72876,0.00767,1.71584,1.74280,0.87500,64,49,,,,
goal_median,all,sibling_merge_share,0.31507,0.44145,0.00705,0.42901,0.45410,0.00000,64,43,,,,
goal_median,all,outdeg_gini,0.40000,0.51056,0.00323,0.50531,0.51682,0.00000,64,49,,,,
goal_median,all,top10_child_share,0.34118,0.42004,0.00386,0.41203,0.42708,0.00000,64,49,,,,
goal_median,all,cross_layer_share,0.40040,0.18867,0.00280,0.18394,0.19358,1.00000,64,49,,,,
G01,all,multi_parent_share,0.08824,0.42093,0.01940,0.38521,0.45329,0.00000,64,1,1081,112,102,9
G01,all,mean_parents,1.09804,1.72645,0.05416,1.64035,1.82021,0.00000,64,1,1081,112,102,9
G01,all,sibling_merge_share,0.33333,0.43489,0.03100,0.37045,0.49412,0.00000,64,1,1081,112,102,9
G01,all,outdeg_gini,0.41161,0.52302,0.01500,0.50066,0.55511,0.00000,64,1,1081,112,102,9
G01,all,top10_child_share,0.42857,0.43257,0.02161,0.39936,0.47441,0.48438,64,1,1081,112,102,9
G01,all,cross_layer_share,0.08036,0.19075,0.01311,0.16326,0.21284,0.00000,64,1,1081,112,102,9
G02,all,multi_parent_share,0.00000,0.39397,0.06892,0.25179,0.52381,0.00000,64,1,43,2,2,0
G02,all,mean_parents,1.00000,1.56399,0.12469,1.37083,1.80595,0.00000,64,1,43,2,2,0
G02,all,sibling_merge_share,NaN,0.68584,0.15335,0.42156,0.94444,NaN,64,1,43,2,2,0
G02,all,outdeg_gini,0.00000,0.32193,0.02774,0.26961,0.37046,0.00000,64,1,43,2,2,0
G02,all,top10_child_share,1.00000,0.27350,0.03568,0.21178,0.33542,1.00000,64,1,43,2,2,0
G02,all,cross_layer_share,0.00000,0.13088,0.04940,0.05000,0.22770,0.00000,64,1,43,2,2,0
G03,all,multi_parent_share,0.00000,0.39687,0.06659,0.27273,0.50909,0.00000,64,1,56,4,4,0
G03,all,mean_parents,1.00000,1.60199,0.12955,1.33773,1.81818,0.00000,64,1,56,4,4,0
G03,all,sibling_merge_share,NaN,0.67566,0.11933,0.42875,0.88546,NaN,64,1,56,4,4,0
G03,all,outdeg_gini,0.00000,0.34299,0.02870,0.29477,0.39063,0.00000,64,1,56,4,4,0
G03,all,top10_child_share,0.25000,0.27736,0.03338,0.21387,0.34917,0.19531,64,1,56,4,4,0
G03,all,cross_layer_share,0.00000,0.13207,0.03886,0.06436,0.20000,0.00000,64,1,56,4,4,0
G04,all,multi_parent_share,0.10784,0.41954,0.02189,0.37613,0.45175,0.00000,64,1,845,113,102,11
G04,all,mean_parents,1.10784,1.72786,0.06022,1.60530,1.83866,0.00000,64,1,845,113,102,11
G04,all,sibling_merge_share,0.09091,0.45054,0.04439,0.37963,0.53158,0.00000,64,1,845,113,102,11
G04,all,outdeg_gini,0.26168,0.51228,0.02010,0.48332,0.55343,0.00000,64,1,845,113,102,11
G04,all,top10_child_share,0.25664,0.42254,0.02515,0.38576,0.47666,0.00000,64,1,845,113,102,11
G04,all,cross_layer_share,0.06195,0.18575,0.01508,0.15688,0.21386,0.00000,64,1,845,113,102,11
G05,all,multi_parent_share,0.00000,0.41896,0.03540,0.35859,0.47904,0.00000,64,1,199,6,6,0
G05,all,mean_parents,1.00000,1.71970,0.08519,1.55631,1.84773,0.00000,64,1,199,6,6,0
G05,all,sibling_merge_share,NaN,0.53464,0.07469,0.41506,0.66920,NaN,64,1,199,6,6,0
G05,all,outdeg_gini,0.00000,0.45036,0.02231,0.40866,0.49903,0.00000,64,1,199,6,6,0
G05,all,top10_child_share,0.16667,0.35583,0.03013,0.30625,0.42664,0.00000,64,1,199,6,6,0
G05,all,cross_layer_share,0.00000,0.16909,0.02723,0.10921,0.21083,0.00000,64,1,199,6,6,0
G06,all,multi_parent_share,0.02326,0.41823,0.01982,0.37954,0.44950,0.00000,64,1,601,88,86,2
G06,all,mean_parents,1.02326,1.71708,0.05720,1.62604,1.83617,0.00000,64,1,601,88,86,2
G06,all,sibling_merge_share,0.00000,0.45957,0.04279,0.38854,0.53990,0.00000,64,1,601,88,86,2
G06,all,outdeg_gini,0.33905,0.50444,0.01855,0.47047,0.54476,0.00000,64,1,601,88,86,2
G06,all,top10_child_share,0.31818,0.41384,0.02674,0.37468,0.46345,0.00000,64,1,601,88,86,2
G06,all,cross_layer_share,0.02273,0.18286,0.01732,0.15120,0.22042,0.00000,64,1,601,88,86,2
G07,all,multi_parent_share,NaN,0.40876,0.06258,0.30057,0.52213,NaN,64,1,88,0,0,0
G07,all,mean_parents,NaN,1.64027,0.13202,1.43851,1.96667,NaN,64,1,88,0,0,0
G07,all,sibling_merge_share,NaN,0.57988,0.09671,0.38379,0.75366,NaN,64,1,88,0,0,0
G07,all,outdeg_gini,NaN,0.38141,0.02187,0.34019,0.42661,NaN,64,1,88,0,0,0
G07,all,top10_child_share,NaN,0.29950,0.03085,0.24253,0.35574,NaN,64,1,88,0,0,0
G07,all,cross_layer_share,NaN,0.14903,0.03423,0.08423,0.21788,NaN,64,1,88,0,0,0
G08,all,multi_parent_share,0.02970,0.42105,0.01954,0.38123,0.45538,0.00000,64,1,1060,104,101,3
G08,all,mean_parents,1.02970,1.72605,0.05229,1.61244,1.81664,0.00000,64,1,1060,104,101,3
G08,all,sibling_merge_share,0.00000,0.43438,0.03587,0.37601,0.50175,0.00000,64,1,1060,104,101,3
G08,all,outdeg_gini,0.09864,0.51623,0.01683,0.48984,0.54851,0.00000,64,1,1060,104,101,3
G08,all,top10_child_share,0.20192,0.42634,0.02162,0.39339,0.46342,0.00000,64,1,1060,104,101,3
G08,all,cross_layer_share,0.02885,0.19002,0.01573,0.16205,0.21736,0.00000,64,1,1060,104,101,3
G09,all,multi_parent_share,0.00000,0.42344,0.04419,0.33679,0.50911,0.00000,64,1,141,10,10,0
G09,all,mean_parents,1.00000,1.69297,0.11013,1.51036,1.91929,0.00000,64,1,141,10,10,0
G09,all,sibling_merge_share,NaN,0.56598,0.08695,0.40523,0.70631,NaN,64,1,141,10,10,0
G09,all,outdeg_gini,0.25714,0.42331,0.02316,0.38205,0.47042,0.00000,64,1,141,10,10,0
G09,all,top10_child_share,0.40000,0.33159,0.03216,0.28756,0.40500,0.96094,64,1,141,10,10,0
G09,all,cross_layer_share,0.00000,0.15894,0.03108,0.11025,0.22510,0.00000,64,1,141,10,10,0
G10,all,multi_parent_share,NaN,0.42510,0.02908,0.37333,0.47475,NaN,64,1,301,0,0,0
G10,all,mean_parents,NaN,1.71604,0.06915,1.58667,1.84142,NaN,64,1,301,0,0,0
G10,all,sibling_merge_share,NaN,0.50277,0.05888,0.38808,0.60695,NaN,64,1,301,0,0,0
G10,all,outdeg_gini,NaN,0.46767,0.02306,0.42762,0.51259,NaN,64,1,301,0,0,0
G10,all,top10_child_share,NaN,0.37570,0.02784,0.32816,0.42818,NaN,64,1,301,0,0,0
G10,all,cross_layer_share,NaN,0.17364,0.02141,0.13451,0.21192,NaN,64,1,301,0,0,0
G11,all,multi_parent_share,0.08333,0.42499,0.02935,0.37320,0.47881,0.00000,64,1,362,13,12,1
G11,all,mean_parents,1.08333,1.70680,0.07741,1.59003,1.84287,0.00000,64,1,362,13,12,1
G11,all,sibling_merge_share,0.00000,0.48983,0.06069,0.36145,0.59747,0.00000,64,1,362,13,12,1
G11,all,outdeg_gini,0.17094,0.48078,0.02239,0.44800,0.52923,0.00000,64,1,362,13,12,1
G11,all,top10_child_share,0.15385,0.38852,0.03064,0.34754,0.45233,0.00000,64,1,362,13,12,1
G11,all,cross_layer_share,0.07692,0.17766,0.02167,0.13887,0.22060,0.00000,64,1,362,13,12,1
G12,all,multi_parent_share,0.08824,0.42071,0.02914,0.36272,0.47470,0.00000,64,1,335,38,34,3
G12,all,mean_parents,1.11765,1.71683,0.07934,1.57874,1.84813,0.00000,64,1,335,38,34,3
G12,all,sibling_merge_share,0.00000,0.49648,0.05447,0.39449,0.60044,0.00000,64,1,335,38,34,3
G12,all,outdeg_gini,0.36842,0.47829,0.02439,0.43540,0.52452,0.00000,64,1,335,38,34,3
G12,all,top10_child_share,0.44737,0.38507,0.03024,0.33317,0.44521,0.96875,64,1,335,38,34,3
G12,all,cross_layer_share,0.07895,0.17820,0.02042,0.14596,0.21813,0.00000,64,1,335,38,34,3
G13,all,multi_parent_share,0.24490,0.42490,0.02105,0.38714,0.46561,0.00000,64,1,656,61,49,12
G13,all,mean_parents,1.24490,1.73347,0.06139,1.63557,1.85802,0.00000,64,1,656,61,49,12
G13,all,sibling_merge_share,0.00000,0.45531,0.04038,0.38635,0.53770,0.00000,64,1,656,61,49,12
G13,all,outdeg_gini,0.33407,0.50238,0.01943,0.46785,0.54233,0.00000,64,1,656,61,49,12
G13,all,top10_child_share,0.36066,0.40910,0.02840,0.36177,0.46475,0.01562,64,1,656,61,49,12
G13,all,cross_layer_share,0.11475,0.18971,0.01948,0.15581,0.22570,0.00000,64,1,656,61,49,12
G14,all,multi_parent_share,0.00000,0.42610,0.02641,0.37432,0.46763,0.00000,64,1,330,10,10,0
G14,all,mean_parents,1.00000,1.73528,0.06811,1.60532,1.85403,0.00000,64,1,330,10,10,0
G14,all,sibling_merge_share,NaN,0.50187,0.05227,0.40521,0.59691,NaN,64,1,330,10,10,0
G14,all,outdeg_gini,0.40000,0.47518,0.01848,0.44128,0.50986,0.00000,64,1,330,10,10,0
G14,all,top10_child_share,0.60000,0.38133,0.02182,0.34174,0.42287,1.00000,64,1,330,10,10,0
G14,all,cross_layer_share,0.00000,0.17753,0.02078,0.14453,0.21296,0.00000,64,1,330,10,10,0
G15,all,multi_parent_share,0.00000,0.42374,0.03191,0.36255,0.47580,0.00000,64,1,252,15,15,0
G15,all,mean_parents,1.00000,1.71078,0.07384,1.57201,1.86335,0.00000,64,1,252,15,15,0
G15,all,sibling_merge_share,NaN,0.51410,0.05908,0.41941,0.63679,NaN,64,1,252,15,15,0
G15,all,outdeg_gini,0.17222,0.46233,0.02555,0.41775,0.50332,0.00000,64,1,252,15,15,0
G15,all,top10_child_share,0.33333,0.37209,0.03232,0.31487,0.43230,0.10938,64,1,252,15,15,0
G15,all,cross_layer_share,0.00000,0.17176,0.01961,0.13378,0.20693,0.00000,64,1,252,15,15,0
G16,all,multi_parent_share,0.10526,0.41567,0.02682,0.35879,0.46286,0.00000,64,1,351,42,38,4
G16,all,mean_parents,1.10526,1.70661,0.07306,1.56043,1.85379,0.00000,64,1,351,42,38,4
G16,all,sibling_merge_share,0.50000,0.48784,0.04856,0.39098,0.57258,0.58594,64,1,351,42,38,4
G16,all,outdeg_gini,0.37888,0.47527,0.02190,0.44062,0.50860,0.00000,64,1,351,42,38,4
G16,all,top10_child_share,0.42857,0.38080,0.02653,0.34052,0.43654,0.95312,64,1,351,42,38,4
G16,all,cross_layer_share,0.09524,0.17768,0.01613,0.14858,0.20690,0.00000,64,1,351,42,38,4
G17,all,multi_parent_share,0.28125,0.42361,0.03498,0.36102,0.49104,0.00000,64,1,280,85,64,18
G17,all,mean_parents,1.32812,1.73085,0.08201,1.58584,1.89686,0.00000,64,1,280,85,64,18
G17,all,sibling_merge_share,0.11111,0.50541,0.06412,0.36694,0.60760,0.00000,64,1,280,85,64,18
G17,all,outdeg_gini,0.36844,0.46956,0.02162,0.43049,0.50828,0.00000,64,1,280,85,64,18
G17,all,top10_child_share,0.34118,0.37812,0.02607,0.33226,0.43060,0.07812,64,1,280,85,64,18
G17,all,cross_layer_share,0.17647,0.17642,0.02366,0.13556,0.22014,0.49219,64,1,280,85,64,18
G18,all,multi_parent_share,0.21577,0.42547,0.01751,0.39071,0.45778,0.00000,64,1,827,308,241,52
G18,all,mean_parents,1.27801,1.73606,0.04605,1.63771,1.81041,0.00000,64,1,827,308,241,52
G18,all,sibling_merge_share,0.11538,0.44285,0.03799,0.37510,0.51481,0.00000,64,1,827,308,241,52
G18,all,outdeg_gini,0.42694,0.50936,0.01713,0.48375,0.54900,0.00000,64,1,827,308,241,52
G18,all,top10_child_share,0.36364,0.41669,0.02235,0.38182,0.46632,0.00000,64,1,827,308,241,52
G18,all,cross_layer_share,0.19156,0.19042,0.01482,0.15882,0.21083,0.46875,64,1,827,308,241,52
G19,all,multi_parent_share,0.18085,0.42066,0.01960,0.38829,0.45580,0.00000,64,1,898,344,282,51
G19,all,mean_parents,1.21986,1.72669,0.05644,1.61173,1.81700,0.00000,64,1,898,344,282,51
G19,all,sibling_merge_share,0.07843,0.43878,0.03628,0.37542,0.52169,0.00000,64,1,898,344,282,51
G19,all,outdeg_gini,0.42535,0.51608,0.01712,0.48422,0.54652,0.00000,64,1,898,344,282,51
G19,all,top10_child_share,0.36628,0.42511,0.02192,0.38475,0.46366,0.00000,64,1,898,344,282,51
G19,all,cross_layer_share,0.17151,0.19030,0.01351,0.16737,0.21492,0.07812,64,1,898,344,282,51
G20,all,multi_parent_share,0.46229,0.42258,0.01700,0.39132,0.45607,0.98438,64,1,1435,714,411,190
G20,all,mean_parents,1.73723,1.73829,0.04827,1.66379,1.83321,0.53125,64,1,1435,714,411,190
G20,all,sibling_merge_share,0.51579,0.42650,0.03396,0.36411,0.49279,1.00000,64,1,1435,714,411,190
G20,all,outdeg_gini,0.49390,0.52834,0.01590,0.49673,0.55896,0.01562,64,1,1435,714,411,190
G20,all,top10_child_share,0.42997,0.43973,0.02117,0.40738,0.48750,0.32812,64,1,1435,714,411,190
G20,all,cross_layer_share,0.42157,0.19575,0.01410,0.16494,0.22603,1.00000,64,1,1435,714,411,190
G21,all,multi_parent_share,0.39394,0.41781,0.02197,0.37163,0.45557,0.17188,64,1,535,310,132,52
G21,all,mean_parents,2.34848,1.73104,0.05973,1.61489,1.86891,1.00000,64,1,535,310,132,52
G21,all,sibling_merge_share,0.61538,0.48355,0.04941,0.39435,0.57030,1.00000,64,1,535,310,132,52
G21,all,outdeg_gini,0.56968,0.49810,0.02056,0.45965,0.53651,1.00000,64,1,535,310,132,52
G21,all,top10_child_share,0.49677,0.40520,0.02502,0.35989,0.45285,1.00000,64,1,535,310,132,52
G21,all,cross_layer_share,0.56774,0.17952,0.01690,0.14965,0.20902,1.00000,64,1,535,310,132,52
G22,all,multi_parent_share,0.51445,0.42101,0.01798,0.38636,0.45337,1.00000,64,1,617,366,173,89
G22,all,mean_parents,2.11561,1.73060,0.05139,1.63527,1.82902,1.00000,64,1,617,366,173,89
G22,all,sibling_merge_share,0.47191,0.46333,0.03907,0.40248,0.54940,0.62500,64,1,617,366,173,89
G22,all,outdeg_gini,0.45680,0.50428,0.01890,0.46704,0.53554,0.00000,64,1,617,366,173,89
G22,all,top10_child_share,0.38525,0.41343,0.02435,0.37127,0.45667,0.15625,64,1,617,366,173,89
G22,all,cross_layer_share,0.51639,0.18910,0.01447,0.16749,0.21688,1.00000,64,1,617,366,173,89
G23,all,multi_parent_share,0.54777,0.42201,0.01778,0.39113,0.46079,1.00000,64,1,821,717,314,172
G23,all,mean_parents,2.28344,1.71824,0.04811,1.63155,1.80207,1.00000,64,1,821,717,314,172
G23,all,sibling_merge_share,0.57558,0.44195,0.03894,0.37733,0.53959,1.00000,64,1,821,717,314,172
G23,all,outdeg_gini,0.52087,0.51367,0.02068,0.47737,0.55769,0.75000,64,1,821,717,314,172
G23,all,top10_child_share,0.47001,0.42412,0.02633,0.37514,0.48438,0.93750,64,1,821,717,314,172
G23,all,cross_layer_share,0.54254,0.18854,0.01290,0.16621,0.21196,1.00000,64,1,821,717,314,172
G24,all,multi_parent_share,0.43750,0.42746,0.01857,0.40128,0.46735,0.78125,64,1,922,320,176,77
G24,all,mean_parents,1.81818,1.74584,0.05072,1.65733,1.84674,0.89062,64,1,922,320,176,77
G24,all,sibling_merge_share,0.54545,0.44191,0.03546,0.37752,0.50784,1.00000,64,1,922,320,176,77
G24,all,outdeg_gini,0.42901,0.51673,0.01835,0.48485,0.54915,0.00000,64,1,922,320,176,77
G24,all,top10_child_share,0.38438,0.42447,0.02264,0.37877,0.45855,0.06250,64,1,922,320,176,77
G24,all,cross_layer_share,0.44375,0.19291,0.01448,0.16391,0.21474,1.00000,64,1,922,320,176,77
G25,all,multi_parent_share,0.35714,0.42270,0.02070,0.37983,0.45947,0.00000,64,1,648,465,280,100
G25,all,mean_parents,1.66071,1.72952,0.05847,1.62581,1.85243,0.12500,64,1,648,465,280,100
G25,all,sibling_merge_share,0.32000,0.46287,0.04083,0.38042,0.54139,0.00000,64,1,648,465,280,100
G25,all,outdeg_gini,0.51108,0.50186,0.01768,0.47480,0.53209,0.67188,64,1,648,465,280,100
G25,all,top10_child_share,0.40860,0.41088,0.02386,0.37328,0.45493,0.50000,64,1,648,465,280,100
G25,all,cross_layer_share,0.37634,0.18663,0.01536,0.16308,0.21708,1.00000,64,1,648,465,280,100
G26,all,multi_parent_share,0.37056,0.41857,0.02463,0.37429,0.46194,0.01562,64,1,493,309,197,73
G26,all,mean_parents,1.56853,1.72605,0.06081,1.62348,1.85910,0.00000,64,1,493,309,197,73
G26,all,sibling_merge_share,0.31507,0.47408,0.04524,0.40934,0.57078,0.00000,64,1,493,309,197,73
G26,all,outdeg_gini,0.36864,0.49435,0.01924,0.46071,0.53057,0.00000,64,1,493,309,197,73
G26,all,top10_child_share,0.29773,0.40199,0.02689,0.35817,0.45678,0.00000,64,1,493,309,197,73
G26,all,cross_layer_share,0.34951,0.18455,0.01703,0.15582,0.21223,1.00000,64,1,493,309,197,73
G27,all,multi_parent_share,0.56820,0.42248,0.01714,0.38754,0.45136,1.00000,64,1,1750,2485,1195,679
G27,all,mean_parents,2.07950,1.73400,0.04045,1.66688,1.80366,1.00000,64,1,1750,2485,1195,679
G27,all,sibling_merge_share,0.43004,0.42377,0.03557,0.36226,0.49890,0.60938,64,1,1750,2485,1195,679
G27,all,outdeg_gini,0.49938,0.52976,0.01360,0.50554,0.55300,0.00000,64,1,1750,2485,1195,679
G27,all,top10_child_share,0.43461,0.44057,0.01842,0.40790,0.47510,0.34375,64,1,1750,2485,1195,679
G27,all,cross_layer_share,0.50463,0.19370,0.01286,0.16827,0.21716,1.00000,64,1,1750,2485,1195,679
G28,all,multi_parent_share,0.46341,0.42037,0.01927,0.38830,0.45513,0.98438,64,1,781,869,533,247
G28,all,mean_parents,1.63039,1.71959,0.04215,1.63776,1.79869,0.01562,64,1,781,869,533,247
G28,all,sibling_merge_share,0.16194,0.44586,0.03500,0.38030,0.50751,0.00000,64,1,781,869,533,247
G28,all,outdeg_gini,0.40704,0.51386,0.01411,0.49152,0.54209,0.00000,64,1,781,869,533,247
G28,all,top10_child_share,0.29459,0.42594,0.01607,0.39813,0.45776,0.00000,64,1,781,869,533,247
G28,all,cross_layer_share,0.34522,0.18752,0.01531,0.16129,0.21715,1.00000,64,1,781,869,533,247
G29,all,multi_parent_share,0.50746,0.42666,0.01770,0.39859,0.46162,1.00000,64,1,939,1305,670,340
G29,all,mean_parents,1.94776,1.73251,0.04074,1.65003,1.81266,1.00000,64,1,939,1305,670,340
G29,all,sibling_merge_share,0.31765,0.44065,0.03259,0.38063,0.50309,0.00000,64,1,939,1305,670,340
G29,all,outdeg_gini,0.47430,0.51460,0.01648,0.48628,0.54411,0.00000,64,1,939,1305,670,340
G29,all,top10_child_share,0.40690,0.42422,0.02139,0.38949,0.46473,0.20312,64,1,939,1305,670,340
G29,all,cross_layer_share,0.47739,0.18863,0.01142,0.16956,0.21152,1.00000,64,1,939,1305,670,340
G30,all,multi_parent_share,0.53431,0.42095,0.02261,0.38133,0.45330,1.00000,64,1,1265,1676,889,475
G30,all,mean_parents,1.88526,1.73279,0.04865,1.62207,1.81913,1.00000,64,1,1265,1676,889,475
G30,all,sibling_merge_share,0.24000,0.43432,0.03248,0.38544,0.51084,0.00000,64,1,1265,1676,889,475
G30,all,outdeg_gini,0.44673,0.52288,0.01647,0.49482,0.56099,0.00000,64,1,1265,1676,889,475
G30,all,top10_child_share,0.33771,0.43325,0.02286,0.39355,0.48198,0.00000,64,1,1265,1676,889,475
G30,all,cross_layer_share,0.44809,0.19033,0.01342,0.16477,0.21401,1.00000,64,1,1265,1676,889,475
G31,all,multi_parent_share,0.61174,0.42142,0.01893,0.38774,0.45974,1.00000,64,1,1292,2202,971,594
G31,all,mean_parents,2.26777,1.73381,0.04158,1.65715,1.82903,1.00000,64,1,1292,2202,971,594
G31,all,sibling_merge_share,0.38384,0.42995,0.03414,0.36508,0.49139,0.07812,64,1,1292,2202,971,594
G31,all,outdeg_gini,0.43118,0.52453,0.01303,0.50615,0.55133,0.00000,64,1,1292,2202,971,594
G31,all,top10_child_share,0.31153,0.43589,0.01597,0.41059,0.46633,0.00000,64,1,1292,2202,971,594
G31,all,cross_layer_share,0.52361,0.19211,0.01529,0.16709,0.21932,1.00000,64,1,1292,2202,971,594
G32,all,multi_parent_share,0.69864,0.42231,0.01589,0.39292,0.44869,1.00000,64,1,1371,2364,1105,772
G32,all,mean_parents,2.13937,1.74011,0.04412,1.66434,1.82345,1.00000,64,1,1371,2364,1105,772
G32,all,sibling_merge_share,0.30570,0.43232,0.02982,0.37933,0.48206,0.00000,64,1,1371,2364,1105,772
G32,all,outdeg_gini,0.39867,0.52563,0.01584,0.49931,0.56402,0.00000,64,1,1371,2364,1105,772
G32,all,top10_child_share,0.30541,0.43604,0.02115,0.39982,0.47545,0.00000,64,1,1371,2364,1105,772
G32,all,cross_layer_share,0.50127,0.19406,0.01032,0.17602,0.21033,1.00000,64,1,1371,2364,1105,772
G33,all,multi_parent_share,0.71073,0.42282,0.02030,0.38536,0.45691,1.00000,64,1,797,1229,643,457
G33,all,mean_parents,1.91135,1.72749,0.04881,1.62409,1.82823,1.00000,64,1,797,1229,643,457
G33,all,sibling_merge_share,0.22757,0.44872,0.03950,0.38362,0.52689,0.00000,64,1,797,1229,643,457
G33,all,outdeg_gini,0.37196,0.51237,0.01693,0.47947,0.54440,0.00000,64,1,797,1229,643,457
G33,all,top10_child_share,0.29129,0.42069,0.02232,0.37545,0.45877,0.00000,64,1,797,1229,643,457
G33,all,cross_layer_share,0.44020,0.18958,0.01410,0.16036,0.21273,1.00000,64,1,797,1229,643,457
G34,all,multi_parent_share,0.74137,0.42118,0.01713,0.38744,0.45451,1.00000,64,1,1834,3012,1593,1181
G34,all,mean_parents,1.89077,1.73242,0.04543,1.64088,1.83002,1.00000,64,1,1834,3012,1593,1181
G34,all,sibling_merge_share,0.26080,0.42116,0.02932,0.36589,0.47195,0.00000,64,1,1834,3012,1593,1181
G34,all,outdeg_gini,0.41432,0.53061,0.01400,0.50577,0.56017,0.00000,64,1,1834,3012,1593,1181
G34,all,top10_child_share,0.31474,0.44217,0.01778,0.41363,0.48339,0.00000,64,1,1834,3012,1593,1181
G34,all,cross_layer_share,0.40040,0.19533,0.01061,0.17161,0.21168,1.00000,64,1,1834,3012,1593,1181
G35,all,multi_parent_share,0.55791,0.41973,0.01736,0.38791,0.45116,1.00000,64,1,1357,1470,898,501
G35,all,mean_parents,1.63697,1.73356,0.04241,1.62906,1.81750,0.04688,64,1,1357,1470,898,501
G35,all,sibling_merge_share,0.20160,0.43021,0.03461,0.36448,0.51190,0.00000,64,1,1357,1470,898,501
G35,all,outdeg_gini,0.35769,0.52701,0.01490,0.50149,0.55585,0.00000,64,1,1357,1470,898,501
G35,all,top10_child_share,0.27619,0.43936,0.01819,0.40761,0.47633,0.00000,64,1,1357,1470,898,501
G35,all,cross_layer_share,0.34082,0.19265,0.01341,0.16223,0.21105,1.00000,64,1,1357,1470,898,501
G36,all,multi_parent_share,0.69248,0.42376,0.01723,0.38583,0.44802,1.00000,64,1,1227,2817,904,626
G36,all,mean_parents,3.11615,1.73706,0.05277,1.63465,1.83161,1.00000,64,1,1227,2817,904,626
G36,all,sibling_merge_share,0.59105,0.42356,0.03343,0.36399,0.47673,1.00000,64,1,1227,2817,904,626
G36,all,outdeg_gini,0.45861,0.52545,0.01732,0.50033,0.56839,0.00000,64,1,1227,2817,904,626
G36,all,top10_child_share,0.32978,0.43596,0.02355,0.39803,0.49133,0.00000,64,1,1227,2817,904,626
G36,all,cross_layer_share,0.65176,0.19598,0.01363,0.16802,0.22231,1.00000,64,1,1227,2817,904,626
G37,all,multi_parent_share,0.54220,0.42236,0.02259,0.38468,0.46100,1.00000,64,1,551,826,391,212
G37,all,mean_parents,2.11253,1.74466,0.06181,1.63018,1.86123,1.00000,64,1,551,826,391,212
G37,all,sibling_merge_share,0.49057,0.47383,0.04573,0.38819,0.55232,0.65625,64,1,551,826,391,212
G37,all,outdeg_gini,0.45196,0.49922,0.02066,0.45692,0.53890,0.01562,64,1,551,826,391,212
G37,all,top10_child_share,0.34262,0.40726,0.02856,0.35711,0.46712,0.00000,64,1,551,826,391,212
G37,all,cross_layer_share,0.50363,0.18319,0.01635,0.14953,0.20856,1.00000,64,1,551,826,391,212
G38,all,multi_parent_share,0.76095,0.42103,0.01415,0.38570,0.44352,1.00000,64,1,3182,7672,2100,1598
G38,all,mean_parents,3.65333,1.73256,0.02945,1.67769,1.78920,1.00000,64,1,3182,7672,2100,1598
G38,all,sibling_merge_share,0.64894,0.40975,0.02770,0.34951,0.46236,1.00000,64,1,3182,7672,2100,1598
G38,all,outdeg_gini,0.56845,0.53946,0.00998,0.52361,0.55698,1.00000,64,1,3182,7672,2100,1598
G38,all,top10_child_share,0.47980,0.45244,0.01295,0.43365,0.47601,0.98438,64,1,3182,7672,2100,1598
G38,all,cross_layer_share,0.70816,0.19733,0.00944,0.18102,0.21533,1.00000,64,1,3182,7672,2100,1598
G39,all,multi_parent_share,0.36686,0.42001,0.01806,0.39103,0.44937,0.01562,64,1,990,1368,875,321
G39,all,mean_parents,1.56343,1.72388,0.04005,1.64467,1.79070,0.00000,64,1,990,1368,875,321
G39,all,sibling_merge_share,0.20561,0.44069,0.02755,0.38914,0.49440,0.00000,64,1,990,1368,875,321
G39,all,outdeg_gini,0.33284,0.51472,0.01575,0.48796,0.54564,0.00000,64,1,990,1368,875,321
G39,all,top10_child_share,0.29240,0.42393,0.01965,0.39038,0.46295,0.00000,64,1,990,1368,875,321
G39,all,cross_layer_share,0.34503,0.18957,0.01232,0.16930,0.21421,1.00000,64,1,990,1368,875,321
G40,all,multi_parent_share,0.71508,0.42569,0.01907,0.38587,0.45755,1.00000,64,1,1110,1683,902,645
G40,all,mean_parents,1.86585,1.73660,0.04797,1.63041,1.81961,1.00000,64,1,1110,1683,902,645
G40,all,sibling_merge_share,0.27287,0.43921,0.03687,0.36869,0.49986,0.00000,64,1,1110,1683,902,645
G40,all,outdeg_gini,0.36899,0.51843,0.01715,0.48657,0.55394,0.00000,64,1,1110,1683,902,645
G40,all,top10_child_share,0.29471,0.42768,0.02064,0.39003,0.46164,0.00000,64,1,1110,1683,902,645
G40,all,cross_layer_share,0.40226,0.19185,0.01359,0.16616,0.21853,1.00000,64,1,1110,1683,902,645
G41,all,multi_parent_share,0.68085,0.41881,0.02100,0.38023,0.45913,1.00000,64,1,1014,1798,846,576
G41,all,mean_parents,2.12530,1.73365,0.05222,1.65605,1.86404,1.00000,64,1,1014,1798,846,576
G41,all,sibling_merge_share,0.37674,0.44308,0.03633,0.38660,0.52246,0.01562,64,1,1014,1798,846,576
G41,all,outdeg_gini,0.37395,0.51528,0.01587,0.48286,0.54657,0.00000,64,1,1014,1798,846,576
G41,all,top10_child_share,0.29366,0.42292,0.02065,0.37854,0.45886,0.00000,64,1,1014,1798,846,576
G41,all,cross_layer_share,0.48109,0.19153,0.01327,0.16603,0.21079,1.00000,64,1,1014,1798,846,576
G42,all,multi_parent_share,0.46171,0.42836,0.01502,0.39500,0.45631,1.00000,64,1,1221,1610,875,404
G42,all,mean_parents,1.84000,1.73617,0.04432,1.65447,1.82412,1.00000,64,1,1221,1610,875,404
G42,all,sibling_merge_share,0.34653,0.43480,0.03472,0.38044,0.50511,0.00000,64,1,1221,1610,875,404
G42,all,outdeg_gini,0.39771,0.52163,0.01686,0.49348,0.55798,0.00000,64,1,1221,1610,875,404
G42,all,top10_child_share,0.33851,0.42930,0.02291,0.39473,0.48406,0.00000,64,1,1221,1610,875,404
G42,all,cross_layer_share,0.43851,0.19237,0.01341,0.16635,0.21453,1.00000,64,1,1221,1610,875,404
G43,all,multi_parent_share,0.46215,0.42591,0.02967,0.36928,0.49060,0.90625,64,1,307,447,251,116
G43,all,mean_parents,1.78088,1.70547,0.07319,1.57377,1.83047,0.84375,64,1,307,447,251,116
G43,all,sibling_merge_share,0.23276,0.49748,0.06619,0.39462,0.63923,0.00000,64,1,307,447,251,116
G43,all,outdeg_gini,0.36409,0.47327,0.01966,0.43977,0.51470,0.00000,64,1,307,447,251,116
G43,all,top10_child_share,0.33557,0.37957,0.02689,0.33529,0.43466,0.03125,64,1,307,447,251,116
G43,all,cross_layer_share,0.40716,0.17083,0.02277,0.13304,0.20996,1.00000,64,1,307,447,251,116
G44,all,multi_parent_share,0.70712,0.42323,0.01905,0.38312,0.45259,1.00000,64,1,774,1465,618,437
G44,all,mean_parents,2.37055,1.72823,0.05159,1.64295,1.82380,1.00000,64,1,774,1465,618,437
G44,all,sibling_merge_share,0.45995,0.44871,0.05297,0.34862,0.55570,0.57812,64,1,774,1465,618,437
G44,all,outdeg_gini,0.40343,0.50894,0.02024,0.47325,0.55853,0.00000,64,1,774,1465,618,437
G44,all,top10_child_share,0.30922,0.41880,0.02460,0.38204,0.47283,0.00000,64,1,774,1465,618,437
G44,all,cross_layer_share,0.54744,0.18988,0.01618,0.15970,0.21625,1.00000,64,1,774,1465,618,437
G45,all,multi_parent_share,0.74434,0.42009,0.01909,0.38526,0.46125,1.00000,64,1,1063,2016,884,658
G45,all,mean_parents,2.28054,1.72953,0.04096,1.67260,1.80584,1.00000,64,1,1063,2016,884,658
G45,all,sibling_merge_share,0.46657,0.43511,0.03940,0.37000,0.50775,0.79688,64,1,1063,2016,884,658
G45,all,outdeg_gini,0.45971,0.52105,0.01685,0.49265,0.55138,0.00000,64,1,1063,2016,884,658
G45,all,top10_child_share,0.38492,0.43135,0.02293,0.39493,0.47400,0.01562,64,1,1063,2016,884,658
G45,all,cross_layer_share,0.51240,0.19019,0.01348,0.15938,0.20905,1.00000,64,1,1063,2016,884,658
G46,all,multi_parent_share,0.71342,0.41914,0.01689,0.38520,0.44972,1.00000,64,1,2836,4731,1975,1409
G46,all,mean_parents,2.39544,1.73854,0.03965,1.67978,1.81466,1.00000,64,1,2836,4731,1975,1409
G46,all,sibling_merge_share,0.42370,0.41601,0.03154,0.36157,0.48197,0.59375,64,1,2836,4731,1975,1409
G46,all,outdeg_gini,0.57116,0.53887,0.01412,0.51781,0.57018,0.98438,64,1,2836,4731,1975,1409
G46,all,top10_child_share,0.48404,0.45189,0.01864,0.42525,0.49225,0.93750,64,1,2836,4731,1975,1409
G46,all,cross_layer_share,0.55147,0.19682,0.01141,0.17577,0.21648,1.00000,64,1,2836,4731,1975,1409
G47,all,multi_parent_share,0.69822,0.42140,0.01608,0.39046,0.44956,1.00000,64,1,1361,1733,729,509
G47,all,mean_parents,2.37723,1.73774,0.04964,1.65822,1.82404,1.00000,64,1,1361,1733,729,509
G47,all,sibling_merge_share,0.56189,0.43427,0.03086,0.38315,0.48713,1.00000,64,1,1361,1733,729,509
G47,all,outdeg_gini,0.48418,0.52490,0.01717,0.49615,0.56019,0.00000,64,1,1361,1733,729,509
G47,all,top10_child_share,0.40046,0.43575,0.02169,0.40017,0.48010,0.04688,64,1,1361,1733,729,509
G47,all,cross_layer_share,0.54414,0.19166,0.01316,0.16269,0.21325,1.00000,64,1,1361,1733,729,509
G48,all,multi_parent_share,0.43617,0.42489,0.03548,0.34585,0.48649,0.62500,64,1,260,152,94,41
G48,all,mean_parents,1.61702,1.73793,0.10522,1.56873,1.94595,0.14062,64,1,260,152,94,41
G48,all,sibling_merge_share,0.29268,0.52683,0.06546,0.40781,0.65899,0.00000,64,1,260,152,94,41
G48,all,outdeg_gini,0.33490,0.46690,0.02386,0.42287,0.51225,0.00000,64,1,260,152,94,41
G48,all,top10_child_share,0.30263,0.37232,0.03087,0.32388,0.43069,0.01562,64,1,260,152,94,41
G48,all,cross_layer_share,0.33553,0.17481,0.02412,0.13290,0.22040,1.00000,64,1,260,152,94,41
G49,all,multi_parent_share,0.22069,0.42646,0.02124,0.39205,0.46600,0.00000,64,1,1057,191,145,32
G49,all,mean_parents,1.31724,1.73880,0.05997,1.63710,1.85900,0.00000,64,1,1057,191,145,32
G49,all,sibling_merge_share,0.28125,0.43622,0.03562,0.36158,0.49253,0.00000,64,1,1057,191,145,32
G49,all,outdeg_gini,0.42705,0.52027,0.01505,0.48951,0.55022,0.00000,64,1,1057,191,145,32
G49,all,top10_child_share,0.39267,0.43028,0.02031,0.38891,0.47068,0.04688,64,1,1057,191,145,32
G49,all,cross_layer_share,0.23560,0.19313,0.01442,0.16961,0.22150,1.00000,64,1,1057,191,145,32
G50,all,multi_parent_share,0.67206,0.42203,0.01691,0.39058,0.44783,1.00000,64,1,2975,2039,988,664
G50,all,mean_parents,2.06377,1.74033,0.03635,1.66352,1.79310,1.00000,64,1,2975,2039,988,664
G50,all,sibling_merge_share,0.28916,0.40773,0.02512,0.37233,0.46871,0.00000,64,1,2975,2039,988,664
G50,all,outdeg_gini,0.37843,0.53843,0.01374,0.51605,0.56303,0.00000,64,1,2975,2039,988,664
G50,all,top10_child_share,0.29917,0.44956,0.01843,0.41819,0.47831,0.00000,64,1,2975,2039,988,664
G50,all,cross_layer_share,0.49289,0.20067,0.01268,0.17284,0.22108,1.00000,64,1,2975,2039,988,664
G51,all,multi_parent_share,0.79665,0.42388,0.01107,0.40098,0.43896,1.00000,64,1,32871,76327,23973,19098
G51,all,mean_parents,3.18387,1.74849,0.02070,1.71176,1.78193,1.00000,64,1,32871,76327,23973,19098
G51,all,sibling_merge_share,0.48031,0.38562,0.02478,0.34765,0.44370,1.00000,64,1,32871,76327,23973,19098
G51,all,outdeg_gini,0.50217,0.55261,0.00802,0.53965,0.56771,0.00000,64,1,32871,76327,23973,19098
G51,all,top10_child_share,0.40789,0.46768,0.00945,0.45291,0.48621,0.00000,64,1,32871,76327,23973,19098
G51,all,cross_layer_share,0.66401,0.20751,0.00911,0.18725,0.22193,1.00000,64,1,32871,76327,23973,19098
pooled,write,multi_parent_share,0.55121,0.42276,0.00455,0.41536,0.43002,1.00000,64,51,78362,70590,37033,20413
pooled,write,mean_parents,1.90614,1.73879,0.00847,1.72502,1.75264,1.00000,64,51,78362,70590,37033,20413
pooled,write,sibling_merge_share,0.22197,0.41661,0.01068,0.40061,0.44320,0.00000,64,51,78362,70590,37033,20413
pooled,write,outdeg_gini,0.35043,0.53358,0.00382,0.52702,0.54208,0.00000,64,51,78362,70590,37033,20413
pooled,write,top10_child_share,0.28974,0.44463,0.00460,0.43664,0.45456,0.00000,64,51,78362,70590,37033,20413
pooled,write,cross_layer_share,0.45026,0.19813,0.00386,0.18874,0.20424,1.00000,64,51,78362,70590,37033,20413
pooled,write,parents_1,0.44879,0.57724,0.00455,0.56998,0.58464,0.00000,64,51,78362,70590,37033,20413
pooled,write,parents_2,0.35090,0.29994,0.00334,0.29392,0.30535,1.00000,64,51,78362,70590,37033,20413
pooled,write,parents_3,0.12000,0.06073,0.00120,0.05868,0.06302,1.00000,64,51,78362,70590,37033,20413
pooled,write,parents_4+,0.08031,0.06208,0.00099,0.05987,0.06368,1.00000,64,51,78362,70590,37033,20413
goal_median,write,multi_parent_share,0.26335,0.42296,0.00342,0.41512,0.42764,0.00000,64,48,,,,
goal_median,write,mean_parents,1.35246,1.72961,0.00783,1.71618,1.74448,0.00000,64,48,,,,
goal_median,write,sibling_merge_share,0.16872,0.43901,0.00775,0.42469,0.45395,0.00000,64,39,,,,
goal_median,write,outdeg_gini,0.25725,0.51132,0.00317,0.50585,0.51740,0.00000,64,48,,,,
goal_median,write,top10_child_share,0.23568,0.42073,0.00393,0.41261,0.42783,0.00000,64,48,,,,
goal_median,write,cross_layer_share,0.22971,0.18902,0.00275,0.18457,0.19401,1.00000,64,48,,,,
G01,write,multi_parent_share,0.02128,0.42093,0.01940,0.38521,0.45329,0.00000,64,1,1081,48,47,1
G01,write,mean_parents,1.02128,1.72645,0.05416,1.64035,1.82021,0.00000,64,1,1081,48,47,1
G01,write,sibling_merge_share,0.00000,0.43489,0.03100,0.37045,0.49412,0.00000,64,1,1081,48,47,1
G01,write,outdeg_gini,0.00000,0.52302,0.01500,0.50066,0.55511,0.00000,64,1,1081,48,47,1
G01,write,top10_child_share,0.10417,0.43257,0.02161,0.39936,0.47441,0.00000,64,1,1081,48,47,1
G01,write,cross_layer_share,0.00000,0.19075,0.01311,0.16326,0.21284,0.00000,64,1,1081,48,47,1
G02,write,multi_parent_share,NaN,0.39397,0.06892,0.25179,0.52381,NaN,64,1,43,0,0,0
G02,write,mean_parents,NaN,1.56399,0.12469,1.37083,1.80595,NaN,64,1,43,0,0,0
G02,write,sibling_merge_share,NaN,0.68584,0.15335,0.42156,0.94444,NaN,64,1,43,0,0,0
G02,write,outdeg_gini,NaN,0.32193,0.02774,0.26961,0.37046,NaN,64,1,43,0,0,0
G02,write,top10_child_share,NaN,0.27350,0.03568,0.21178,0.33542,NaN,64,1,43,0,0,0
G02,write,cross_layer_share,NaN,0.13088,0.04940,0.05000,0.22770,NaN,64,1,43,0,0,0
G03,write,multi_parent_share,0.00000,0.39687,0.06659,0.27273,0.50909,0.00000,64,1,56,3,3,0
G03,write,mean_parents,1.00000,1.60199,0.12955,1.33773,1.81818,0.00000,64,1,56,3,3,0
G03,write,sibling_merge_share,NaN,0.67566,0.11933,0.42875,0.88546,NaN,64,1,56,3,3,0
G03,write,outdeg_gini,0.00000,0.34299,0.02870,0.29477,0.39063,0.00000,64,1,56,3,3,0
G03,write,top10_child_share,0.33333,0.27736,0.03338,0.21387,0.34917,0.95312,64,1,56,3,3,0
G03,write,cross_layer_share,0.00000,0.13207,0.03886,0.06436,0.20000,0.00000,64,1,56,3,3,0
G04,write,multi_parent_share,0.00000,0.41954,0.02189,0.37613,0.45175,0.00000,64,1,845,57,57,0
G04,write,mean_parents,1.00000,1.72786,0.06022,1.60530,1.83866,0.00000,64,1,845,57,57,0
G04,write,sibling_merge_share,NaN,0.45054,0.04439,0.37963,0.53158,NaN,64,1,845,57,57,0
G04,write,outdeg_gini,0.01723,0.51228,0.02010,0.48332,0.55343,0.00000,64,1,845,57,57,0
G04,write,top10_child_share,0.12281,0.42254,0.02515,0.38576,0.47666,0.00000,64,1,845,57,57,0
G04,write,cross_layer_share,0.00000,0.18575,0.01508,0.15688,0.21386,0.00000,64,1,845,57,57,0
G05,write,multi_parent_share,0.00000,0.41896,0.03540,0.35859,0.47904,0.00000,64,1,199,6,6,0
G05,write,mean_parents,1.00000,1.71970,0.08519,1.55631,1.84773,0.00000,64,1,199,6,6,0
G05,write,sibling_merge_share,NaN,0.53464,0.07469,0.41506,0.66920,NaN,64,1,199,6,6,0
G05,write,outdeg_gini,0.00000,0.45036,0.02231,0.40866,0.49903,0.00000,64,1,199,6,6,0
G05,write,top10_child_share,0.16667,0.35583,0.03013,0.30625,0.42664,0.00000,64,1,199,6,6,0
G05,write,cross_layer_share,0.00000,0.16909,0.02723,0.10921,0.21083,0.00000,64,1,199,6,6,0
G06,write,multi_parent_share,0.02381,0.41823,0.01982,0.37954,0.44950,0.00000,64,1,601,43,42,1
G06,write,mean_parents,1.02381,1.71708,0.05720,1.62604,1.83617,0.00000,64,1,601,43,42,1
G06,write,sibling_merge_share,0.00000,0.45957,0.04279,0.38854,0.53990,0.00000,64,1,601,43,42,1
G06,write,outdeg_gini,0.02270,0.50444,0.01855,0.47047,0.54476,0.00000,64,1,601,43,42,1
G06,write,top10_child_share,0.13953,0.41384,0.02674,0.37468,0.46345,0.00000,64,1,601,43,42,1
G06,write,cross_layer_share,0.02326,0.18286,0.01732,0.15120,0.22042,0.00000,64,1,601,43,42,1
G07,write,multi_parent_share,NaN,0.40876,0.06258,0.30057,0.52213,NaN,64,1,88,0,0,0
G07,write,mean_parents,NaN,1.64027,0.13202,1.43851,1.96667,NaN,64,1,88,0,0,0
G07,write,sibling_merge_share,NaN,0.57988,0.09671,0.38379,0.75366,NaN,64,1,88,0,0,0
G07,write,outdeg_gini,NaN,0.38141,0.02187,0.34019,0.42661,NaN,64,1,88,0,0,0
G07,write,top10_child_share,NaN,0.29950,0.03085,0.24253,0.35574,NaN,64,1,88,0,0,0
G07,write,cross_layer_share,NaN,0.14903,0.03423,0.08423,0.21788,NaN,64,1,88,0,0,0
G08,write,multi_parent_share,0.02326,0.42105,0.01954,0.38123,0.45538,0.00000,64,1,1060,88,86,2
G08,write,mean_parents,1.02326,1.72605,0.05229,1.61244,1.81664,0.00000,64,1,1060,88,86,2
G08,write,sibling_merge_share,0.00000,0.43438,0.03587,0.37601,0.50175,0.00000,64,1,1060,88,86,2
G08,write,outdeg_gini,0.01123,0.51623,0.01683,0.48984,0.54851,0.00000,64,1,1060,88,86,2
G08,write,top10_child_share,0.11364,0.42634,0.02162,0.39339,0.46342,0.00000,64,1,1060,88,86,2
G08,write,cross_layer_share,0.02273,0.19002,0.01573,0.16205,0.21736,0.00000,64,1,1060,88,86,2
G09,write,multi_parent_share,0.00000,0.42344,0.04419,0.33679,0.50911,0.00000,64,1,141,5,5,0
G09,write,mean_parents,1.00000,1.69297,0.11013,1.51036,1.91929,0.00000,64,1,141,5,5,0
G09,write,sibling_merge_share,NaN,0.56598,0.08695,0.40523,0.70631,NaN,64,1,141,5,5,0
G09,write,outdeg_gini,0.00000,0.42331,0.02316,0.38205,0.47042,0.00000,64,1,141,5,5,0
G09,write,top10_child_share,0.20000,0.33159,0.03216,0.28756,0.40500,0.00000,64,1,141,5,5,0
G09,write,cross_layer_share,0.00000,0.15894,0.03108,0.11025,0.22510,0.00000,64,1,141,5,5,0
G10,write,multi_parent_share,NaN,0.42510,0.02908,0.37333,0.47475,NaN,64,1,301,0,0,0
G10,write,mean_parents,NaN,1.71604,0.06915,1.58667,1.84142,NaN,64,1,301,0,0,0
G10,write,sibling_merge_share,NaN,0.50277,0.05888,0.38808,0.60695,NaN,64,1,301,0,0,0
G10,write,outdeg_gini,NaN,0.46767,0.02306,0.42762,0.51259,NaN,64,1,301,0,0,0
G10,write,top10_child_share,NaN,0.37570,0.02784,0.32816,0.42818,NaN,64,1,301,0,0,0
G10,write,cross_layer_share,NaN,0.17364,0.02141,0.13451,0.21192,NaN,64,1,301,0,0,0
G11,write,multi_parent_share,0.00000,0.42499,0.02935,0.37320,0.47881,0.00000,64,1,362,6,6,0
G11,write,mean_parents,1.00000,1.70680,0.07741,1.59003,1.84287,0.00000,64,1,362,6,6,0
G11,write,sibling_merge_share,NaN,0.48983,0.06069,0.36145,0.59747,NaN,64,1,362,6,6,0
G11,write,outdeg_gini,0.00000,0.48078,0.02239,0.44800,0.52923,0.00000,64,1,362,6,6,0
G11,write,top10_child_share,0.16667,0.38852,0.03064,0.34754,0.45233,0.00000,64,1,362,6,6,0
G11,write,cross_layer_share,0.00000,0.17766,0.02167,0.13887,0.22060,0.00000,64,1,362,6,6,0
G12,write,multi_parent_share,0.00000,0.42071,0.02914,0.36272,0.47470,0.00000,64,1,335,17,17,0
G12,write,mean_parents,1.00000,1.71683,0.07934,1.57874,1.84813,0.00000,64,1,335,17,17,0
G12,write,sibling_merge_share,NaN,0.49648,0.05447,0.39449,0.60044,NaN,64,1,335,17,17,0
G12,write,outdeg_gini,0.05515,0.47829,0.02439,0.43540,0.52452,0.00000,64,1,335,17,17,0
G12,write,top10_child_share,0.17647,0.38507,0.03024,0.33317,0.44521,0.00000,64,1,335,17,17,0
G12,write,cross_layer_share,0.00000,0.17820,0.02042,0.14596,0.21813,0.00000,64,1,335,17,17,0
G13,write,multi_parent_share,0.15385,0.42490,0.02105,0.38714,0.46561,0.00000,64,1,656,30,26,4
G13,write,mean_parents,1.15385,1.73347,0.06139,1.63557,1.85802,0.00000,64,1,656,30,26,4
G13,write,sibling_merge_share,0.00000,0.45531,0.04038,0.38635,0.53770,0.00000,64,1,656,30,26,4
G13,write,outdeg_gini,0.06190,0.50238,0.01943,0.46785,0.54233,0.00000,64,1,656,30,26,4
G13,write,top10_child_share,0.16667,0.40910,0.02840,0.36177,0.46475,0.00000,64,1,656,30,26,4
G13,write,cross_layer_share,0.10000,0.18971,0.01948,0.15581,0.22570,0.00000,64,1,656,30,26,4
G14,write,multi_parent_share,0.00000,0.42610,0.02641,0.37432,0.46763,0.00000,64,1,330,3,3,0
G14,write,mean_parents,1.00000,1.73528,0.06811,1.60532,1.85403,0.00000,64,1,330,3,3,0
G14,write,sibling_merge_share,NaN,0.50187,0.05227,0.40521,0.59691,NaN,64,1,330,3,3,0
G14,write,outdeg_gini,0.00000,0.47518,0.01848,0.44128,0.50986,0.00000,64,1,330,3,3,0
G14,write,top10_child_share,0.33333,0.38133,0.02182,0.34174,0.42287,0.00000,64,1,330,3,3,0
G14,write,cross_layer_share,0.00000,0.17753,0.02078,0.14453,0.21296,0.00000,64,1,330,3,3,0
G15,write,multi_parent_share,0.00000,0.42374,0.03191,0.36255,0.47580,0.00000,64,1,252,6,6,0
G15,write,mean_parents,1.00000,1.71078,0.07384,1.57201,1.86335,0.00000,64,1,252,6,6,0
G15,write,sibling_merge_share,NaN,0.51410,0.05908,0.41941,0.63679,NaN,64,1,252,6,6,0
G15,write,outdeg_gini,0.00000,0.46233,0.02555,0.41775,0.50332,0.00000,64,1,252,6,6,0
G15,write,top10_child_share,0.16667,0.37209,0.03232,0.31487,0.43230,0.00000,64,1,252,6,6,0
G15,write,cross_layer_share,0.00000,0.17176,0.01961,0.13378,0.20693,0.00000,64,1,252,6,6,0
G16,write,multi_parent_share,0.00000,0.41567,0.02682,0.35879,0.46286,0.00000,64,1,351,17,17,0
G16,write,mean_parents,1.00000,1.70661,0.07306,1.56043,1.85379,0.00000,64,1,351,17,17,0
G16,write,sibling_merge_share,NaN,0.48784,0.04856,0.39098,0.57258,NaN,64,1,351,17,17,0
G16,write,outdeg_gini,0.05515,0.47527,0.02190,0.44062,0.50860,0.00000,64,1,351,17,17,0
G16,write,top10_child_share,0.17647,0.38080,0.02653,0.34052,0.43654,0.00000,64,1,351,17,17,0
G16,write,cross_layer_share,0.00000,0.17768,0.01613,0.14858,0.20690,0.00000,64,1,351,17,17,0
G17,write,multi_parent_share,0.13333,0.42361,0.03498,0.36102,0.49104,0.00000,64,1,280,34,30,4
G17,write,mean_parents,1.13333,1.73085,0.08201,1.58584,1.89686,0.00000,64,1,280,34,30,4
G17,write,sibling_merge_share,0.25000,0.50541,0.06412,0.36694,0.60760,0.00000,64,1,280,34,30,4
G17,write,outdeg_gini,0.12982,0.46956,0.02162,0.43049,0.50828,0.00000,64,1,280,34,30,4
G17,write,top10_child_share,0.20588,0.37812,0.02607,0.33226,0.43060,0.00000,64,1,280,34,30,4
G17,write,cross_layer_share,0.08824,0.17642,0.02366,0.13556,0.22014,0.00000,64,1,280,34,30,4
G18,write,multi_parent_share,0.07368,0.42547,0.01751,0.39071,0.45778,0.00000,64,1,827,103,95,7
G18,write,mean_parents,1.08421,1.73606,0.04605,1.63771,1.81041,0.00000,64,1,827,103,95,7
G18,write,sibling_merge_share,0.00000,0.44285,0.03799,0.37510,0.51481,0.00000,64,1,827,103,95,7
G18,write,outdeg_gini,0.10690,0.50936,0.01713,0.48375,0.54900,0.00000,64,1,827,103,95,7
G18,write,top10_child_share,0.21359,0.41669,0.02235,0.38182,0.46632,0.00000,64,1,827,103,95,7
G18,write,cross_layer_share,0.06796,0.19042,0.01482,0.15882,0.21083,0.00000,64,1,827,103,95,7
G19,write,multi_parent_share,0.09155,0.42066,0.01960,0.38829,0.45580,0.00000,64,1,898,155,142,13
G19,write,mean_parents,1.09155,1.72669,0.05644,1.61173,1.81700,0.00000,64,1,898,155,142,13
G19,write,sibling_merge_share,0.00000,0.43878,0.03628,0.37542,0.52169,0.00000,64,1,898,155,142,13
G19,write,outdeg_gini,0.14274,0.51608,0.01712,0.48422,0.54652,0.00000,64,1,898,155,142,13
G19,write,top10_child_share,0.19355,0.42511,0.02192,0.38475,0.46366,0.00000,64,1,898,155,142,13
G19,write,cross_layer_share,0.07742,0.19030,0.01351,0.16737,0.21492,0.00000,64,1,898,155,142,13
G20,write,multi_parent_share,0.39035,0.42258,0.01700,0.39132,0.45607,0.01562,64,1,1435,333,228,89
G20,write,mean_parents,1.46053,1.73829,0.04827,1.66379,1.83321,0.00000,64,1,1435,333,228,89
G20,write,sibling_merge_share,0.14607,0.42650,0.03396,0.36411,0.49279,0.00000,64,1,1435,333,228,89
G20,write,outdeg_gini,0.34870,0.52834,0.01590,0.49673,0.55896,0.00000,64,1,1435,333,228,89
G20,write,top10_child_share,0.37538,0.43973,0.02117,0.40738,0.48750,0.01562,64,1,1435,333,228,89
G20,write,cross_layer_share,0.30931,0.19575,0.01410,0.16494,0.22603,1.00000,64,1,1435,333,228,89
G21,write,multi_parent_share,0.23077,0.41781,0.02197,0.37163,0.45557,0.00000,64,1,535,82,65,15
G21,write,mean_parents,1.26154,1.73104,0.05973,1.61489,1.86891,0.00000,64,1,535,82,65,15
G21,write,sibling_merge_share,0.00000,0.48355,0.04941,0.39435,0.57030,0.00000,64,1,535,82,65,15
G21,write,outdeg_gini,0.31353,0.49810,0.02056,0.45965,0.53651,0.00000,64,1,535,82,65,15
G21,write,top10_child_share,0.39024,0.40520,0.02502,0.35989,0.45285,0.31250,64,1,535,82,65,15
G21,write,cross_layer_share,0.19512,0.17952,0.01690,0.14965,0.20902,0.82812,64,1,535,82,65,15
G22,write,multi_parent_share,0.27273,0.42101,0.01798,0.38636,0.45337,0.00000,64,1,617,152,110,30
G22,write,mean_parents,1.38182,1.73060,0.05139,1.63527,1.82902,0.00000,64,1,617,152,110,30
G22,write,sibling_merge_share,0.20000,0.46333,0.03907,0.40248,0.54940,0.00000,64,1,617,152,110,30
G22,write,outdeg_gini,0.32484,0.50428,0.01890,0.46704,0.53554,0.00000,64,1,617,152,110,30
G22,write,top10_child_share,0.36184,0.41343,0.02435,0.37127,0.45667,0.01562,64,1,617,152,110,30
G22,write,cross_layer_share,0.21711,0.18910,0.01447,0.16749,0.21688,0.96875,64,1,617,152,110,30
G23,write,multi_parent_share,0.24038,0.42201,0.01778,0.39113,0.46079,0.00000,64,1,821,272,208,50
G23,write,mean_parents,1.30769,1.71824,0.04811,1.63155,1.80207,0.00000,64,1,821,272,208,50
G23,write,sibling_merge_share,0.18000,0.44195,0.03894,0.37733,0.53959,0.00000,64,1,821,272,208,50
G23,write,outdeg_gini,0.25343,0.51367,0.02068,0.47737,0.55769,0.00000,64,1,821,272,208,50
G23,write,top10_child_share,0.27941,0.42412,0.02633,0.37514,0.48438,0.00000,64,1,821,272,208,50
G23,write,cross_layer_share,0.22794,0.18854,0.01290,0.16621,0.21196,1.00000,64,1,821,272,208,50
G24,write,multi_parent_share,0.20312,0.42746,0.01857,0.40128,0.46735,0.00000,64,1,922,160,128,26
G24,write,mean_parents,1.25000,1.74584,0.05072,1.65733,1.84674,0.00000,64,1,922,160,128,26
G24,write,sibling_merge_share,0.11538,0.44191,0.03546,0.37752,0.50784,0.00000,64,1,922,160,128,26
G24,write,outdeg_gini,0.31821,0.51673,0.01835,0.48485,0.54915,0.00000,64,1,922,160,128,26
G24,write,top10_child_share,0.38750,0.42447,0.02264,0.37877,0.45855,0.06250,64,1,922,160,128,26
G24,write,cross_layer_share,0.16875,0.19291,0.01448,0.16391,0.21474,0.07812,64,1,922,160,128,26
G25,write,multi_parent_share,0.13861,0.42270,0.02070,0.37983,0.45947,0.00000,64,1,648,117,101,14
G25,write,mean_parents,1.15842,1.72952,0.05847,1.62581,1.85243,0.00000,64,1,648,117,101,14
G25,write,sibling_merge_share,0.00000,0.46287,0.04083,0.38042,0.54139,0.00000,64,1,648,117,101,14
G25,write,outdeg_gini,0.26756,0.50186,0.01768,0.47480,0.53209,0.00000,64,1,648,117,101,14
G25,write,top10_child_share,0.31624,0.41088,0.02386,0.37328,0.45493,0.00000,64,1,648,117,101,14
G25,write,cross_layer_share,0.11111,0.18663,0.01536,0.16308,0.21708,0.00000,64,1,648,117,101,14
G26,write,multi_parent_share,0.23711,0.41857,0.02463,0.37429,0.46194,0.00000,64,1,493,127,97,23
G26,write,mean_parents,1.30928,1.72605,0.06081,1.62348,1.85910,0.00000,64,1,493,127,97,23
G26,write,sibling_merge_share,0.21739,0.47408,0.04524,0.40934,0.57078,0.00000,64,1,493,127,97,23
G26,write,outdeg_gini,0.27756,0.49435,0.01924,0.46071,0.53057,0.00000,64,1,493,127,97,23
G26,write,top10_child_share,0.29134,0.40199,0.02689,0.35817,0.45678,0.00000,64,1,493,127,97,23
G26,write,cross_layer_share,0.22835,0.18455,0.01703,0.15582,0.21223,1.00000,64,1,493,127,97,23
G27,write,multi_parent_share,0.38958,0.42248,0.01714,0.38754,0.45136,0.03125,64,1,1750,1278,806,314
G27,write,mean_parents,1.58561,1.73400,0.04045,1.66688,1.80366,0.00000,64,1,1750,1278,806,314
G27,write,sibling_merge_share,0.25478,0.42377,0.03557,0.36226,0.49890,0.00000,64,1,1750,1278,806,314
G27,write,outdeg_gini,0.30703,0.52976,0.01360,0.50554,0.55300,0.00000,64,1,1750,1278,806,314
G27,write,top10_child_share,0.28717,0.44057,0.01842,0.40790,0.47510,0.00000,64,1,1750,1278,806,314
G27,write,cross_layer_share,0.35681,0.19370,0.01286,0.16827,0.21716,1.00000,64,1,1750,1278,806,314
G28,write,multi_parent_share,0.36364,0.42037,0.01927,0.38830,0.45513,0.01562,64,1,781,425,297,108
G28,write,mean_parents,1.43098,1.71959,0.04215,1.63776,1.79869,0.00000,64,1,781,425,297,108
G28,write,sibling_merge_share,0.10185,0.44586,0.03500,0.38030,0.50751,0.00000,64,1,781,425,297,108
G28,write,outdeg_gini,0.25303,0.51386,0.01411,0.49152,0.54209,0.00000,64,1,781,425,297,108
G28,write,top10_child_share,0.22353,0.42594,0.01607,0.39813,0.45776,0.00000,64,1,781,425,297,108
G28,write,cross_layer_share,0.28000,0.18752,0.01531,0.16129,0.21715,1.00000,64,1,781,425,297,108
G29,write,multi_parent_share,0.34831,0.42666,0.01770,0.39859,0.46162,0.00000,64,1,939,642,445,155
G29,write,mean_parents,1.44270,1.73251,0.04074,1.65003,1.81266,0.00000,64,1,939,642,445,155
G29,write,sibling_merge_share,0.18065,0.44065,0.03259,0.38063,0.50309,0.00000,64,1,939,642,445,155
G29,write,outdeg_gini,0.26796,0.51460,0.01648,0.48628,0.54411,0.00000,64,1,939,642,445,155
G29,write,top10_child_share,0.26168,0.42422,0.02139,0.38949,0.46473,0.00000,64,1,939,642,445,155
G29,write,cross_layer_share,0.29751,0.18863,0.01142,0.16956,0.21152,1.00000,64,1,939,642,445,155
G30,write,multi_parent_share,0.40228,0.42095,0.02261,0.38133,0.45330,0.15625,64,1,1265,807,527,212
G30,write,mean_parents,1.53131,1.73279,0.04865,1.62207,1.81913,0.00000,64,1,1265,807,527,212
G30,write,sibling_merge_share,0.12264,0.43432,0.03248,0.38544,0.51084,0.00000,64,1,1265,807,527,212
G30,write,outdeg_gini,0.28260,0.52288,0.01647,0.49482,0.56099,0.00000,64,1,1265,807,527,212
G30,write,top10_child_share,0.23544,0.43325,0.02286,0.39355,0.48198,0.00000,64,1,1265,807,527,212
G30,write,cross_layer_share,0.32342,0.19033,0.01342,0.16477,0.21401,1.00000,64,1,1265,807,527,212
G31,write,multi_parent_share,0.46686,0.42142,0.01893,0.38774,0.45974,0.98438,64,1,1292,1161,679,317
G31,write,mean_parents,1.70987,1.73381,0.04158,1.65715,1.82903,0.25000,64,1,1292,1161,679,317
G31,write,sibling_merge_share,0.14511,0.42995,0.03414,0.36508,0.49139,0.00000,64,1,1292,1161,679,317
G31,write,outdeg_gini,0.29892,0.52453,0.01303,0.50615,0.55133,0.00000,64,1,1292,1161,679,317
G31,write,top10_child_share,0.25065,0.43589,0.01597,0.41059,0.46633,0.00000,64,1,1292,1161,679,317
G31,write,cross_layer_share,0.39104,0.19211,0.01529,0.16709,0.21932,1.00000,64,1,1292,1161,679,317
G32,write,multi_parent_share,0.45926,0.42231,0.01589,0.39292,0.44869,0.98438,64,1,1371,1297,810,372
G32,write,mean_parents,1.60123,1.74011,0.04412,1.66434,1.82345,0.00000,64,1,1371,1297,810,372
G32,write,sibling_merge_share,0.09140,0.43232,0.02982,0.37933,0.48206,0.00000,64,1,1371,1297,810,372
G32,write,outdeg_gini,0.28211,0.52563,0.01584,0.49931,0.56402,0.00000,64,1,1371,1297,810,372
G32,write,top10_child_share,0.23593,0.43604,0.02115,0.39982,0.47545,0.00000,64,1,1371,1297,810,372
G32,write,cross_layer_share,0.36160,0.19406,0.01032,0.17602,0.21033,1.00000,64,1,1371,1297,810,372
G33,write,multi_parent_share,0.48545,0.42282,0.02030,0.38536,0.45691,1.00000,64,1,797,862,550,267
G33,write,mean_parents,1.56727,1.72749,0.04881,1.62409,1.82823,0.00000,64,1,797,862,550,267
G33,write,sibling_merge_share,0.13109,0.44872,0.03950,0.38362,0.52689,0.00000,64,1,797,862,550,267
G33,write,outdeg_gini,0.26969,0.51237,0.01693,0.47947,0.54440,0.00000,64,1,797,862,550,267
G33,write,top10_child_share,0.23898,0.42069,0.02232,0.37545,0.45877,0.00000,64,1,797,862,550,267
G33,write,cross_layer_share,0.33527,0.18958,0.01410,0.16036,0.21273,1.00000,64,1,797,862,550,267
G34,write,multi_parent_share,0.46606,0.42118,0.01713,0.38744,0.45451,1.00000,64,1,1834,1834,1208,563
G34,write,mean_parents,1.51821,1.73242,0.04543,1.64088,1.83002,0.00000,64,1,1834,1834,1208,563
G34,write,sibling_merge_share,0.14387,0.42116,0.02932,0.36589,0.47195,0.00000,64,1,1834,1834,1208,563
G34,write,outdeg_gini,0.28225,0.53061,0.01400,0.50577,0.56017,0.00000,64,1,1834,1834,1208,563
G34,write,top10_child_share,0.24973,0.44217,0.01778,0.41363,0.48339,0.00000,64,1,1834,1834,1208,563
G34,write,cross_layer_share,0.30534,0.19533,0.01061,0.17161,0.21168,1.00000,64,1,1834,1834,1208,563
G35,write,multi_parent_share,0.35030,0.41973,0.01736,0.38791,0.45116,0.00000,64,1,1357,931,668,234
G35,write,mean_parents,1.39371,1.73356,0.04241,1.62906,1.81750,0.00000,64,1,1357,931,668,234
G35,write,sibling_merge_share,0.09829,0.43021,0.03461,0.36448,0.51190,0.00000,64,1,1357,931,668,234
G35,write,outdeg_gini,0.21951,0.52701,0.01490,0.50149,0.55585,0.00000,64,1,1357,931,668,234
G35,write,top10_child_share,0.20623,0.43936,0.01819,0.40761,0.47633,0.00000,64,1,1357,931,668,234
G35,write,cross_layer_share,0.25886,0.19265,0.01341,0.16223,0.21105,1.00000,64,1,1357,931,668,234
G36,write,multi_parent_share,0.59006,0.42376,0.01723,0.38583,0.44802,1.00000,64,1,1227,1374,644,380
G36,write,mean_parents,2.13354,1.73706,0.05277,1.63465,1.83161,1.00000,64,1,1227,1374,644,380
G36,write,sibling_merge_share,0.32105,0.42356,0.03343,0.36399,0.47673,0.00000,64,1,1227,1374,644,380
G36,write,outdeg_gini,0.33974,0.52545,0.01732,0.50033,0.56839,0.00000,64,1,1227,1374,644,380
G36,write,top10_child_share,0.26055,0.43596,0.02355,0.39803,0.49133,0.00000,64,1,1227,1374,644,380
G36,write,cross_layer_share,0.51310,0.19598,0.01363,0.16802,0.22231,1.00000,64,1,1227,1374,644,380
G37,write,multi_parent_share,0.42081,0.42236,0.02259,0.38468,0.46100,0.43750,64,1,551,343,221,93
G37,write,mean_parents,1.55204,1.74466,0.06181,1.63018,1.86123,0.00000,64,1,551,343,221,93
G37,write,sibling_merge_share,0.19355,0.47383,0.04573,0.38819,0.55232,0.00000,64,1,551,343,221,93
G37,write,outdeg_gini,0.26108,0.49922,0.02066,0.45692,0.53890,0.00000,64,1,551,343,221,93
G37,write,top10_child_share,0.22741,0.40726,0.02856,0.35711,0.46712,0.00000,64,1,551,343,221,93
G37,write,cross_layer_share,0.32653,0.18319,0.01635,0.14953,0.20856,1.00000,64,1,551,343,221,93
G38,write,multi_parent_share,0.52305,0.42103,0.01415,0.38570,0.44352,1.00000,64,1,3182,3400,1562,817
G38,write,mean_parents,2.17670,1.73256,0.02945,1.67769,1.78920,1.00000,64,1,3182,3400,1562,817
G38,write,sibling_merge_share,0.36965,0.40975,0.02770,0.34951,0.46236,0.06250,64,1,3182,3400,1562,817
G38,write,outdeg_gini,0.37946,0.53946,0.00998,0.52361,0.55698,0.00000,64,1,3182,3400,1562,817
G38,write,top10_child_share,0.31176,0.45244,0.01295,0.43365,0.47601,0.00000,64,1,3182,3400,1562,817
G38,write,cross_layer_share,0.51765,0.19733,0.00944,0.18102,0.21533,1.00000,64,1,3182,3400,1562,817
G39,write,multi_parent_share,0.23765,0.42001,0.01806,0.39103,0.44937,0.00000,64,1,990,991,749,178
G39,write,mean_parents,1.32310,1.72388,0.04005,1.64467,1.79070,0.00000,64,1,990,991,749,178
G39,write,sibling_merge_share,0.16292,0.44069,0.02755,0.38914,0.49440,0.00000,64,1,990,991,749,178
G39,write,outdeg_gini,0.19871,0.51472,0.01575,0.48796,0.54564,0.00000,64,1,990,991,749,178
G39,write,top10_child_share,0.21090,0.42393,0.01965,0.39038,0.46295,0.00000,64,1,990,991,749,178
G39,write,cross_layer_share,0.23108,0.18957,0.01232,0.16930,0.21421,1.00000,64,1,990,991,749,178
G40,write,multi_parent_share,0.62731,0.42569,0.01907,0.38587,0.45755,1.00000,64,1,1110,1379,813,510
G40,write,mean_parents,1.69619,1.73660,0.04797,1.63041,1.81961,0.18750,64,1,1110,1379,813,510
G40,write,sibling_merge_share,0.22549,0.43921,0.03687,0.36869,0.49986,0.00000,64,1,1110,1379,813,510
G40,write,outdeg_gini,0.31388,0.51843,0.01715,0.48657,0.55394,0.00000,64,1,1110,1379,813,510
G40,write,top10_child_share,0.26251,0.42768,0.02064,0.39003,0.46164,0.00000,64,1,1110,1379,813,510
G40,write,cross_layer_share,0.34735,0.19185,0.01359,0.16616,0.21853,1.00000,64,1,1110,1379,813,510
G41,write,multi_parent_share,0.52891,0.41881,0.02100,0.38023,0.45913,1.00000,64,1,1014,1182,709,375
G41,write,mean_parents,1.66714,1.73365,0.05222,1.65605,1.86404,0.09375,64,1,1014,1182,709,375
G41,write,sibling_merge_share,0.24533,0.44308,0.03633,0.38660,0.52246,0.00000,64,1,1014,1182,709,375
G41,write,outdeg_gini,0.27904,0.51528,0.01587,0.48286,0.54657,0.00000,64,1,1014,1182,709,375
G41,write,top10_child_share,0.23181,0.42292,0.02065,0.37854,0.45886,0.00000,64,1,1014,1182,709,375
G41,write,cross_layer_share,0.35364,0.19153,0.01327,0.16603,0.21079,1.00000,64,1,1014,1182,709,375
G42,write,multi_parent_share,0.34200,0.42836,0.01502,0.39500,0.45631,0.00000,64,1,1221,1074,731,250
G42,write,mean_parents,1.46922,1.73617,0.04432,1.65447,1.82412,0.00000,64,1,1221,1074,731,250
G42,write,sibling_merge_share,0.19200,0.43480,0.03472,0.38044,0.50511,0.00000,64,1,1221,1074,731,250
G42,write,outdeg_gini,0.27380,0.52163,0.01686,0.49348,0.55798,0.00000,64,1,1221,1074,731,250
G42,write,top10_child_share,0.28026,0.42930,0.02291,0.39473,0.48406,0.00000,64,1,1221,1074,731,250
G42,write,cross_layer_share,0.31006,0.19237,0.01341,0.16635,0.21453,1.00000,64,1,1221,1074,731,250
G43,write,multi_parent_share,0.16883,0.42591,0.02967,0.36928,0.49060,0.00000,64,1,307,285,231,39
G43,write,mean_parents,1.23377,1.70547,0.07319,1.57377,1.83047,0.00000,64,1,307,285,231,39
G43,write,sibling_merge_share,0.23077,0.49748,0.06619,0.39462,0.63923,0.00000,64,1,307,285,231,39
G43,write,outdeg_gini,0.17097,0.47327,0.01966,0.43977,0.51470,0.00000,64,1,307,285,231,39
G43,write,top10_child_share,0.22456,0.37957,0.02689,0.33529,0.43466,0.00000,64,1,307,285,231,39
G43,write,cross_layer_share,0.18246,0.17083,0.02277,0.13304,0.20996,0.64062,64,1,307,285,231,39
G44,write,multi_parent_share,0.46552,0.42323,0.01905,0.38312,0.45259,1.00000,64,1,774,847,522,243
G44,write,mean_parents,1.62261,1.72823,0.05159,1.64295,1.82380,0.01562,64,1,774,847,522,243
G44,write,sibling_merge_share,0.16872,0.44871,0.05297,0.34862,0.55570,0.00000,64,1,774,847,522,243
G44,write,outdeg_gini,0.26850,0.50894,0.02024,0.47325,0.55853,0.00000,64,1,774,847,522,243
G44,write,top10_child_share,0.23140,0.41880,0.02460,0.38204,0.47283,0.00000,64,1,774,847,522,243
G44,write,cross_layer_share,0.36836,0.18988,0.01618,0.15970,0.21625,1.00000,64,1,774,847,522,243
G45,write,multi_parent_share,0.40295,0.42009,0.01909,0.38526,0.46125,0.20312,64,1,1063,1111,747,301
G45,write,mean_parents,1.48728,1.72953,0.04096,1.67260,1.80584,0.00000,64,1,1063,1111,747,301
G45,write,sibling_merge_share,0.25249,0.43511,0.03940,0.37000,0.50775,0.00000,64,1,1063,1111,747,301
G45,write,outdeg_gini,0.24389,0.52105,0.01685,0.49265,0.55138,0.00000,64,1,1063,1111,747,301
G45,write,top10_child_share,0.22862,0.43135,0.02293,0.39493,0.47400,0.00000,64,1,1063,1111,747,301
G45,write,cross_layer_share,0.28263,0.19019,0.01348,0.15938,0.20905,1.00000,64,1,1063,1111,747,301
G46,write,multi_parent_share,0.37073,0.41914,0.01689,0.38520,0.44972,0.00000,64,1,2836,1876,1230,456
G46,write,mean_parents,1.52520,1.73854,0.03965,1.67978,1.81466,0.00000,64,1,2836,1876,1230,456
G46,write,sibling_merge_share,0.25439,0.41601,0.03154,0.36157,0.48197,0.00000,64,1,2836,1876,1230,456
G46,write,outdeg_gini,0.26356,0.53887,0.01412,0.51781,0.57018,0.00000,64,1,2836,1876,1230,456
G46,write,top10_child_share,0.25107,0.45189,0.01864,0.42525,0.49225,0.00000,64,1,2836,1876,1230,456
G46,write,cross_layer_share,0.32569,0.19682,0.01141,0.17577,0.21648,1.00000,64,1,2836,1876,1230,456
G47,write,multi_parent_share,0.37021,0.42140,0.01608,0.39046,0.44956,0.00000,64,1,1361,735,470,174
G47,write,mean_parents,1.56383,1.73774,0.04964,1.65822,1.82404,0.00000,64,1,1361,735,470,174
G47,write,sibling_merge_share,0.32759,0.43427,0.03086,0.38315,0.48713,0.00000,64,1,1361,735,470,174
G47,write,outdeg_gini,0.30345,0.52490,0.01717,0.49615,0.56019,0.00000,64,1,1361,735,470,174
G47,write,top10_child_share,0.27619,0.43575,0.02169,0.40017,0.48010,0.00000,64,1,1361,735,470,174
G47,write,cross_layer_share,0.32517,0.19166,0.01316,0.16269,0.21325,1.00000,64,1,1361,735,470,174
G48,write,multi_parent_share,0.25397,0.42489,0.03548,0.34585,0.48649,0.00000,64,1,260,83,63,16
G48,write,mean_parents,1.31746,1.73793,0.10522,1.56873,1.94595,0.00000,64,1,260,83,63,16
G48,write,sibling_merge_share,0.12500,0.52683,0.06546,0.40781,0.65899,0.00000,64,1,260,83,63,16
G48,write,outdeg_gini,0.22189,0.46690,0.02386,0.42287,0.51225,0.00000,64,1,260,83,63,16
G48,write,top10_child_share,0.22892,0.37232,0.03087,0.32388,0.43069,0.00000,64,1,260,83,63,16
G48,write,cross_layer_share,0.21687,0.17481,0.02412,0.13290,0.22040,0.92188,64,1,260,83,63,16
G49,write,multi_parent_share,0.34921,0.42646,0.02124,0.39205,0.46600,0.00000,64,1,1057,95,63,22
G49,write,mean_parents,1.50794,1.73880,0.05997,1.63710,1.85900,0.00000,64,1,1057,95,63,22
G49,write,sibling_merge_share,0.27273,0.43622,0.03562,0.36158,0.49253,0.00000,64,1,1057,95,63,22
G49,write,outdeg_gini,0.25096,0.52027,0.01505,0.48951,0.55022,0.00000,64,1,1057,95,63,22
G49,write,top10_child_share,0.25263,0.43028,0.02031,0.38891,0.47068,0.00000,64,1,1057,95,63,22
G49,write,cross_layer_share,0.31579,0.19313,0.01442,0.16961,0.22150,1.00000,64,1,1057,95,63,22
G50,write,multi_parent_share,0.54477,0.42203,0.01691,0.39058,0.44783,1.00000,64,1,2975,1346,793,432
G50,write,mean_parents,1.69735,1.74033,0.03635,1.66352,1.79310,0.14062,64,1,2975,1346,793,432
G50,write,sibling_merge_share,0.19907,0.40773,0.02512,0.37233,0.46871,0.00000,64,1,2975,1346,793,432
G50,write,outdeg_gini,0.29514,0.53843,0.01374,0.51605,0.56303,0.00000,64,1,2975,1346,793,432
G50,write,top10_child_share,0.24146,0.44956,0.01843,0.41819,0.47831,0.00000,64,1,2975,1346,793,432
G50,write,cross_layer_share,0.38633,0.20067,0.01268,0.17284,0.22108,1.00000,64,1,2975,1346,793,432
G51,write,multi_parent_share,0.66630,0.42388,0.01107,0.40098,0.43896,1.00000,64,1,32871,43368,19970,13306
G51,write,mean_parents,2.17166,1.74849,0.02070,1.71176,1.78193,1.00000,64,1,32871,43368,19970,13306
G51,write,sibling_merge_share,0.22629,0.38562,0.02478,0.34765,0.44370,0.00000,64,1,32871,43368,19970,13306
G51,write,outdeg_gini,0.36825,0.55261,0.00802,0.53965,0.56771,0.00000,64,1,32871,43368,19970,13306
G51,write,top10_child_share,0.28895,0.46768,0.00945,0.45291,0.48621,0.00000,64,1,32871,43368,19970,13306
G51,write,cross_layer_share,0.51423,0.20751,0.00911,0.18725,0.22193,1.00000,64,1,32871,43368,19970,13306
pooled,read,multi_parent_share,0.46670,0.42276,0.00455,0.41536,0.43002,1.00000,64,51,78362,57453,30358,14168
pooled,read,mean_parents,1.89252,1.73879,0.00847,1.72502,1.75264,1.00000,64,51,78362,57453,30358,14168
pooled,read,sibling_merge_share,0.16114,0.41661,0.01068,0.40061,0.44320,0.00000,64,51,78362,57453,30358,14168
pooled,read,outdeg_gini,0.55963,0.53358,0.00382,0.52702,0.54208,1.00000,64,51,78362,57453,30358,14168
pooled,read,top10_child_share,0.50358,0.44463,0.00460,0.43664,0.45456,1.00000,64,51,78362,57453,30358,14168
pooled,read,cross_layer_share,0.41843,0.19813,0.00386,0.18874,0.20424,1.00000,64,51,78362,57453,30358,14168
pooled,read,parents_1,0.53330,0.57724,0.00455,0.56998,0.58464,0.00000,64,51,78362,57453,30358,14168
pooled,read,parents_2,0.24353,0.29994,0.00334,0.29392,0.30535,0.00000,64,51,78362,57453,30358,14168
pooled,read,parents_3,0.11644,0.06073,0.00120,0.05868,0.06302,1.00000,64,51,78362,57453,30358,14168
pooled,read,parents_4+,0.10673,0.06208,0.00099,0.05987,0.06368,1.00000,64,51,78362,57453,30358,14168
goal_median,read,multi_parent_share,0.28041,0.42279,0.00333,0.41483,0.42741,0.00000,64,48,,,,
goal_median,read,mean_parents,1.36769,1.72857,0.00778,1.71554,1.74340,0.00000,64,48,,,,
goal_median,read,sibling_merge_share,0.06867,0.43996,0.00801,0.42469,0.45480,0.00000,64,39,,,,
goal_median,read,outdeg_gini,0.40396,0.51132,0.00317,0.50585,0.51740,0.00000,64,48,,,,
goal_median,read,top10_child_share,0.36793,0.42069,0.00388,0.41261,0.42749,0.00000,64,48,,,,
goal_median,read,cross_layer_share,0.20057,0.18887,0.00288,0.18415,0.19401,1.00000,64,48,,,,
G01,read,multi_parent_share,0.06780,0.42093,0.01940,0.38521,0.45329,0.00000,64,1,1081,64,59,4
G01,read,mean_parents,1.08475,1.72645,0.05416,1.64035,1.82021,0.00000,64,1,1081,64,59,4
G01,read,sibling_merge_share,0.00000,0.43489,0.03100,0.37045,0.49412,0.00000,64,1,1081,64,59,4
G01,read,outdeg_gini,0.51736,0.52302,0.01500,0.50066,0.55511,0.37500,64,1,1081,64,59,4
G01,read,top10_child_share,0.54688,0.43257,0.02161,0.39936,0.47441,1.00000,64,1,1081,64,59,4
G01,read,cross_layer_share,0.07812,0.19075,0.01311,0.16326,0.21284,0.00000,64,1,1081,64,59,4
G02,read,multi_parent_share,0.00000,0.39397,0.06892,0.25179,0.52381,0.00000,64,1,43,2,2,0
G02,read,mean_parents,1.00000,1.56399,0.12469,1.37083,1.80595,0.00000,64,1,43,2,2,0
G02,read,sibling_merge_share,NaN,0.68584,0.15335,0.42156,0.94444,NaN,64,1,43,2,2,0
G02,read,outdeg_gini,0.00000,0.32193,0.02774,0.26961,0.37046,0.00000,64,1,43,2,2,0
G02,read,top10_child_share,1.00000,0.27350,0.03568,0.21178,0.33542,1.00000,64,1,43,2,2,0
G02,read,cross_layer_share,0.00000,0.13088,0.04940,0.05000,0.22770,0.00000,64,1,43,2,2,0
G03,read,multi_parent_share,0.00000,0.39687,0.06659,0.27273,0.50909,0.00000,64,1,56,1,1,0
G03,read,mean_parents,1.00000,1.60199,0.12955,1.33773,1.81818,0.00000,64,1,56,1,1,0
G03,read,sibling_merge_share,NaN,0.67566,0.11933,0.42875,0.88546,NaN,64,1,56,1,1,0
G03,read,outdeg_gini,0.00000,0.34299,0.02870,0.29477,0.39063,0.00000,64,1,56,1,1,0
G03,read,top10_child_share,1.00000,0.27736,0.03338,0.21387,0.34917,1.00000,64,1,56,1,1,0
G03,read,cross_layer_share,0.00000,0.13207,0.03886,0.06436,0.20000,0.00000,64,1,56,1,1,0
G04,read,multi_parent_share,0.05660,0.41954,0.02189,0.37613,0.45175,0.00000,64,1,845,56,53,3
G04,read,mean_parents,1.05660,1.72786,0.06022,1.60530,1.83866,0.00000,64,1,845,56,53,3
G04,read,sibling_merge_share,0.00000,0.45054,0.04439,0.37963,0.53158,0.00000,64,1,845,56,53,3
G04,read,outdeg_gini,0.24807,0.51228,0.02010,0.48332,0.55343,0.00000,64,1,845,56,53,3
G04,read,top10_child_share,0.25000,0.42254,0.02515,0.38576,0.47666,0.00000,64,1,845,56,53,3
G04,read,cross_layer_share,0.01786,0.18575,0.01508,0.15688,0.21386,0.00000,64,1,845,56,53,3
G05,read,multi_parent_share,NaN,0.41896,0.03540,0.35859,0.47904,NaN,64,1,199,0,0,0
G05,read,mean_parents,NaN,1.71970,0.08519,1.55631,1.84773,NaN,64,1,199,0,0,0
G05,read,sibling_merge_share,NaN,0.53464,0.07469,0.41506,0.66920,NaN,64,1,199,0,0,0
G05,read,outdeg_gini,NaN,0.45036,0.02231,0.40866,0.49903,NaN,64,1,199,0,0,0
G05,read,top10_child_share,NaN,0.35583,0.03013,0.30625,0.42664,NaN,64,1,199,0,0,0
G05,read,cross_layer_share,NaN,0.16909,0.02723,0.10921,0.21083,NaN,64,1,199,0,0,0
G06,read,multi_parent_share,0.00000,0.41823,0.01982,0.37954,0.44950,0.00000,64,1,601,45,45,0
G06,read,mean_parents,1.00000,1.71708,0.05720,1.62604,1.83617,0.00000,64,1,601,45,45,0
G06,read,sibling_merge_share,NaN,0.45957,0.04279,0.38854,0.53990,NaN,64,1,601,45,45,0
G06,read,outdeg_gini,0.38283,0.50444,0.01855,0.47047,0.54476,0.00000,64,1,601,45,45,0
G06,read,top10_child_share,0.37778,0.41384,0.02674,0.37468,0.46345,0.07812,64,1,601,45,45,0
G06,read,cross_layer_share,0.00000,0.18286,0.01732,0.15120,0.22042,0.00000,64,1,601,45,45,0
G07,read,multi_parent_share,NaN,0.40876,0.06258,0.30057,0.52213,NaN,64,1,88,0,0,0
G07,read,mean_parents,NaN,1.64027,0.13202,1.43851,1.96667,NaN,64,1,88,0,0,0
G07,read,sibling_merge_share,NaN,0.57988,0.09671,0.38379,0.75366,NaN,64,1,88,0,0,0
G07,read,outdeg_gini,NaN,0.38141,0.02187,0.34019,0.42661,NaN,64,1,88,0,0,0
G07,read,top10_child_share,NaN,0.29950,0.03085,0.24253,0.35574,NaN,64,1,88,0,0,0
G07,read,cross_layer_share,NaN,0.14903,0.03423,0.08423,0.21788,NaN,64,1,88,0,0,0
G08,read,multi_parent_share,0.00000,0.42105,0.01954,0.38123,0.45538,0.00000,64,1,1060,16,16,0
G08,read,mean_parents,1.00000,1.72605,0.05229,1.61244,1.81664,0.00000,64,1,1060,16,16,0
G08,read,sibling_merge_share,NaN,0.43438,0.03587,0.37601,0.50175,NaN,64,1,1060,16,16,0
G08,read,outdeg_gini,0.16346,0.51623,0.01683,0.48984,0.54851,0.00000,64,1,1060,16,16,0
G08,read,top10_child_share,0.31250,0.42634,0.02162,0.39339,0.46342,0.00000,64,1,1060,16,16,0
G08,read,cross_layer_share,0.00000,0.19002,0.01573,0.16205,0.21736,0.00000,64,1,1060,16,16,0
G09,read,multi_parent_share,0.00000,0.42344,0.04419,0.33679,0.50911,0.00000,64,1,141,5,5,0
G09,read,mean_parents,1.00000,1.69297,0.11013,1.51036,1.91929,0.00000,64,1,141,5,5,0
G09,read,sibling_merge_share,NaN,0.56598,0.08695,0.40523,0.70631,NaN,64,1,141,5,5,0
G09,read,outdeg_gini,0.26667,0.42331,0.02316,0.38205,0.47042,0.00000,64,1,141,5,5,0
G09,read,top10_child_share,0.60000,0.33159,0.03216,0.28756,0.40500,1.00000,64,1,141,5,5,0
G09,read,cross_layer_share,0.00000,0.15894,0.03108,0.11025,0.22510,0.00000,64,1,141,5,5,0
G10,read,multi_parent_share,NaN,0.42510,0.02908,0.37333,0.47475,NaN,64,1,301,0,0,0
G10,read,mean_parents,NaN,1.71604,0.06915,1.58667,1.84142,NaN,64,1,301,0,0,0
G10,read,sibling_merge_share,NaN,0.50277,0.05888,0.38808,0.60695,NaN,64,1,301,0,0,0
G10,read,outdeg_gini,NaN,0.46767,0.02306,0.42762,0.51259,NaN,64,1,301,0,0,0
G10,read,top10_child_share,NaN,0.37570,0.02784,0.32816,0.42818,NaN,64,1,301,0,0,0
G10,read,cross_layer_share,NaN,0.17364,0.02141,0.13451,0.21192,NaN,64,1,301,0,0,0
G11,read,multi_parent_share,0.00000,0.42499,0.02935,0.37320,0.47881,0.00000,64,1,362,7,7,0
G11,read,mean_parents,1.00000,1.70680,0.07741,1.59003,1.84287,0.00000,64,1,362,7,7,0
G11,read,sibling_merge_share,NaN,0.48983,0.06069,0.36145,0.59747,NaN,64,1,362,7,7,0
G11,read,outdeg_gini,0.11905,0.48078,0.02239,0.44800,0.52923,0.00000,64,1,362,7,7,0
G11,read,top10_child_share,0.28571,0.38852,0.03064,0.34754,0.45233,0.00000,64,1,362,7,7,0
G11,read,cross_layer_share,0.00000,0.17766,0.02167,0.13887,0.22060,0.00000,64,1,362,7,7,0
G12,read,multi_parent_share,0.11111,0.42071,0.02914,0.36272,0.47470,0.00000,64,1,335,21,18,2
G12,read,mean_parents,1.16667,1.71683,0.07934,1.57874,1.84813,0.00000,64,1,335,21,18,2
G12,read,sibling_merge_share,0.00000,0.49648,0.05447,0.39449,0.60044,0.00000,64,1,335,21,18,2
G12,read,outdeg_gini,0.40476,0.47829,0.02439,0.43540,0.52452,0.00000,64,1,335,21,18,2
G12,read,top10_child_share,0.38095,0.38507,0.03024,0.33317,0.44521,0.46875,64,1,335,21,18,2
G12,read,cross_layer_share,0.00000,0.17820,0.02042,0.14596,0.21813,0.00000,64,1,335,21,18,2
G13,read,multi_parent_share,0.06897,0.42490,0.02105,0.38714,0.46561,0.00000,64,1,656,31,29,2
G13,read,mean_parents,1.06897,1.73347,0.06139,1.63557,1.85802,0.00000,64,1,656,31,29,2
G13,read,sibling_merge_share,0.00000,0.45531,0.04038,0.38635,0.53770,0.00000,64,1,656,31,29,2
G13,read,outdeg_gini,0.43088,0.50238,0.01943,0.46785,0.54233,0.00000,64,1,656,31,29,2
G13,read,top10_child_share,0.45161,0.40910,0.02840,0.36177,0.46475,0.93750,64,1,656,31,29,2
G13,read,cross_layer_share,0.03226,0.18971,0.01948,0.15581,0.22570,0.00000,64,1,656,31,29,2
G14,read,multi_parent_share,0.00000,0.42610,0.02641,0.37432,0.46763,0.00000,64,1,330,7,7,0
G14,read,mean_parents,1.00000,1.73528,0.06811,1.60532,1.85403,0.00000,64,1,330,7,7,0
G14,read,sibling_merge_share,NaN,0.50187,0.05227,0.40521,0.59691,NaN,64,1,330,7,7,0
G14,read,outdeg_gini,0.35714,0.47518,0.01848,0.44128,0.50986,0.00000,64,1,330,7,7,0
G14,read,top10_child_share,0.85714,0.38133,0.02182,0.34174,0.42287,1.00000,64,1,330,7,7,0
G14,read,cross_layer_share,0.00000,0.17753,0.02078,0.14453,0.21296,0.00000,64,1,330,7,7,0
G15,read,multi_parent_share,0.00000,0.42374,0.03191,0.36255,0.47580,0.00000,64,1,252,9,9,0
G15,read,mean_parents,1.00000,1.71078,0.07384,1.57201,1.86335,0.00000,64,1,252,9,9,0
G15,read,sibling_merge_share,NaN,0.51410,0.05908,0.41941,0.63679,NaN,64,1,252,9,9,0
G15,read,outdeg_gini,0.15873,0.46233,0.02555,0.41775,0.50332,0.00000,64,1,252,9,9,0
G15,read,top10_child_share,0.22222,0.37209,0.03232,0.31487,0.43230,0.00000,64,1,252,9,9,0
G15,read,cross_layer_share,0.00000,0.17176,0.01961,0.13378,0.20693,0.00000,64,1,252,9,9,0
G16,read,multi_parent_share,0.00000,0.41567,0.02682,0.35879,0.46286,0.00000,64,1,351,25,25,0
G16,read,mean_parents,1.00000,1.70661,0.07306,1.56043,1.85379,0.00000,64,1,351,25,25,0
G16,read,sibling_merge_share,NaN,0.48784,0.04856,0.39098,0.57258,NaN,64,1,351,25,25,0
G16,read,outdeg_gini,0.39600,0.47527,0.02190,0.44062,0.50860,0.00000,64,1,351,25,25,0
G16,read,top10_child_share,0.36000,0.38080,0.02653,0.34052,0.43654,0.29688,64,1,351,25,25,0
G16,read,cross_layer_share,0.00000,0.17768,0.01613,0.14858,0.20690,0.00000,64,1,351,25,25,0
G17,read,multi_parent_share,0.19512,0.42361,0.03498,0.36102,0.49104,0.00000,64,1,280,51,41,8
G17,read,mean_parents,1.24390,1.73085,0.08201,1.58584,1.89686,0.00000,64,1,280,51,41,8
G17,read,sibling_merge_share,0.00000,0.50541,0.06412,0.36694,0.60760,0.00000,64,1,280,51,41,8
G17,read,outdeg_gini,0.34262,0.46956,0.02162,0.43049,0.50828,0.00000,64,1,280,51,41,8
G17,read,top10_child_share,0.31373,0.37812,0.02607,0.33226,0.43060,0.00000,64,1,280,51,41,8
G17,read,cross_layer_share,0.13725,0.17642,0.02366,0.13556,0.22014,0.03125,64,1,280,51,41,8
G18,read,multi_parent_share,0.13143,0.42547,0.01751,0.39071,0.45778,0.00000,64,1,827,205,175,23
G18,read,mean_parents,1.17143,1.73606,0.04605,1.63771,1.81041,0.00000,64,1,827,205,175,23
G18,read,sibling_merge_share,0.00000,0.44285,0.03799,0.37510,0.51481,0.00000,64,1,827,205,175,23
G18,read,outdeg_gini,0.44146,0.50936,0.01713,0.48375,0.54900,0.00000,64,1,827,205,175,23
G18,read,top10_child_share,0.37561,0.41669,0.02235,0.38182,0.46632,0.01562,64,1,827,205,175,23
G18,read,cross_layer_share,0.07805,0.19042,0.01482,0.15882,0.21083,0.00000,64,1,827,205,175,23
G19,read,multi_parent_share,0.14198,0.42066,0.01960,0.38829,0.45580,0.00000,64,1,898,189,162,23
G19,read,mean_parents,1.16667,1.72669,0.05644,1.61173,1.81700,0.00000,64,1,898,189,162,23
G19,read,sibling_merge_share,0.00000,0.43878,0.03628,0.37542,0.52169,0.00000,64,1,898,189,162,23
G19,read,outdeg_gini,0.44499,0.51608,0.01712,0.48422,0.54652,0.00000,64,1,898,189,162,23
G19,read,top10_child_share,0.38624,0.42511,0.02192,0.38475,0.46366,0.03125,64,1,898,189,162,23
G19,read,cross_layer_share,0.07407,0.19030,0.01351,0.16737,0.21492,0.00000,64,1,898,189,162,23
G20,read,multi_parent_share,0.31660,0.42258,0.01700,0.39132,0.45607,0.00000,64,1,1435,381,259,82
G20,read,mean_parents,1.47104,1.73829,0.04827,1.66379,1.83321,0.00000,64,1,1435,381,259,82
G20,read,sibling_merge_share,0.07317,0.42650,0.03396,0.36411,0.49279,0.00000,64,1,1435,381,259,82
G20,read,outdeg_gini,0.47465,0.52834,0.01590,0.49673,0.55896,0.00000,64,1,1435,381,259,82
G20,read,top10_child_share,0.38320,0.43973,0.02117,0.40738,0.48750,0.01562,64,1,1435,381,259,82
G20,read,cross_layer_share,0.28346,0.19575,0.01410,0.16494,0.22603,1.00000,64,1,1435,381,259,82
G21,read,multi_parent_share,0.42553,0.41781,0.02197,0.37163,0.45557,0.60938,64,1,535,228,94,40
G21,read,mean_parents,2.42553,1.73104,0.05973,1.61489,1.86891,1.00000,64,1,535,228,94,40
G21,read,sibling_merge_share,0.50000,0.48355,0.04941,0.39435,0.57030,0.59375,64,1,535,228,94,40
G21,read,outdeg_gini,0.52536,0.49810,0.02056,0.45965,0.53651,0.90625,64,1,535,228,94,40
G21,read,top10_child_share,0.43860,0.40520,0.02502,0.35989,0.45285,0.90625,64,1,535,228,94,40
G21,read,cross_layer_share,0.56579,0.17952,0.01690,0.14965,0.20902,1.00000,64,1,535,228,94,40
G22,read,multi_parent_share,0.41964,0.42101,0.01798,0.38636,0.45337,0.48438,64,1,617,214,112,47
G22,read,mean_parents,1.91071,1.73060,0.05139,1.63527,1.82902,1.00000,64,1,617,214,112,47
G22,read,sibling_merge_share,0.29787,0.46333,0.03907,0.40248,0.54940,0.00000,64,1,617,214,112,47
G22,read,outdeg_gini,0.43610,0.50428,0.01890,0.46704,0.53554,0.00000,64,1,617,214,112,47
G22,read,top10_child_share,0.35047,0.41343,0.02435,0.37127,0.45667,0.00000,64,1,617,214,112,47
G22,read,cross_layer_share,0.36449,0.18910,0.01447,0.16749,0.21688,1.00000,64,1,617,214,112,47
G23,read,multi_parent_share,0.54229,0.42201,0.01778,0.39113,0.46079,1.00000,64,1,821,445,201,109
G23,read,mean_parents,2.21393,1.71824,0.04811,1.63155,1.80207,1.00000,64,1,821,445,201,109
G23,read,sibling_merge_share,0.32110,0.44195,0.03894,0.37733,0.53959,0.00000,64,1,821,445,201,109
G23,read,outdeg_gini,0.54828,0.51367,0.02068,0.47737,0.55769,0.90625,64,1,821,445,201,109
G23,read,top10_child_share,0.45169,0.42412,0.02633,0.37514,0.48438,0.84375,64,1,821,445,201,109
G23,read,cross_layer_share,0.49663,0.18854,0.01290,0.16621,0.21196,1.00000,64,1,821,445,201,109
G24,read,multi_parent_share,0.37000,0.42746,0.01857,0.40128,0.46735,0.00000,64,1,922,160,100,37
G24,read,mean_parents,1.60000,1.74584,0.05072,1.65733,1.84674,0.00000,64,1,922,160,100,37
G24,read,sibling_merge_share,0.37838,0.44191,0.03546,0.37752,0.50784,0.03125,64,1,922,160,100,37
G24,read,outdeg_gini,0.39359,0.51673,0.01835,0.48485,0.54915,0.00000,64,1,922,160,100,37
G24,read,top10_child_share,0.33750,0.42447,0.02264,0.37877,0.45855,0.00000,64,1,922,160,100,37
G24,read,cross_layer_share,0.35000,0.19291,0.01448,0.16391,0.21474,1.00000,64,1,922,160,100,37
G25,read,multi_parent_share,0.28261,0.42270,0.02070,0.37983,0.45947,0.00000,64,1,648,348,230,65
G25,read,mean_parents,1.51304,1.72952,0.05847,1.62581,1.85243,0.00000,64,1,648,348,230,65
G25,read,sibling_merge_share,0.15385,0.46287,0.04083,0.38042,0.54139,0.00000,64,1,648,348,230,65
G25,read,outdeg_gini,0.49258,0.50186,0.01768,0.47480,0.53209,0.35938,64,1,648,348,230,65
G25,read,top10_child_share,0.39655,0.41088,0.02386,0.37328,0.45493,0.35938,64,1,648,348,230,65
G25,read,cross_layer_share,0.28161,0.18663,0.01536,0.16308,0.21708,1.00000,64,1,648,348,230,65
G26,read,multi_parent_share,0.28358,0.41857,0.02463,0.37429,0.46194,0.00000,64,1,493,182,134,38
G26,read,mean_parents,1.35821,1.72605,0.06081,1.62348,1.85910,0.00000,64,1,493,182,134,38
G26,read,sibling_merge_share,0.07895,0.47408,0.04524,0.40934,0.57078,0.00000,64,1,493,182,134,38
G26,read,outdeg_gini,0.33837,0.49435,0.01924,0.46071,0.53057,0.00000,64,1,493,182,134,38
G26,read,top10_child_share,0.30769,0.40199,0.02689,0.35817,0.45678,0.00000,64,1,493,182,134,38
G26,read,cross_layer_share,0.21429,0.18455,0.01703,0.15582,0.21223,0.96875,64,1,493,182,134,38
G27,read,multi_parent_share,0.31884,0.42248,0.01714,0.38754,0.45136,0.00000,64,1,1750,1207,828,264
G27,read,mean_parents,1.45773,1.73400,0.04045,1.66688,1.80366,0.00000,64,1,1750,1207,828,264
G27,read,sibling_merge_share,0.15152,0.42377,0.03557,0.36226,0.49890,0.00000,64,1,1750,1207,828,264
G27,read,outdeg_gini,0.54218,0.52976,0.01360,0.50554,0.55300,0.78125,64,1,1750,1207,828,264
G27,read,top10_child_share,0.46727,0.44057,0.01842,0.40790,0.47510,0.92188,64,1,1750,1207,828,264
G27,read,cross_layer_share,0.25849,0.19370,0.01286,0.16827,0.21716,1.00000,64,1,1750,1207,828,264
G28,read,multi_parent_share,0.21186,0.42037,0.01927,0.38830,0.45513,0.00000,64,1,781,444,354,75
G28,read,mean_parents,1.25424,1.71959,0.04215,1.63776,1.79869,0.00000,64,1,781,444,354,75
G28,read,sibling_merge_share,0.00000,0.44586,0.03500,0.38030,0.50751,0.00000,64,1,781,444,354,75
G28,read,outdeg_gini,0.39217,0.51386,0.01411,0.49152,0.54209,0.00000,64,1,781,444,354,75
G28,read,top10_child_share,0.28829,0.42594,0.01607,0.39813,0.45776,0.00000,64,1,781,444,354,75
G28,read,cross_layer_share,0.12162,0.18752,0.01531,0.16129,0.21715,0.00000,64,1,781,444,354,75
G29,read,multi_parent_share,0.34266,0.42666,0.01770,0.39859,0.46162,0.00000,64,1,939,663,429,147
G29,read,mean_parents,1.54545,1.73251,0.04074,1.65003,1.81266,0.00000,64,1,939,663,429,147
G29,read,sibling_merge_share,0.11565,0.44065,0.03259,0.38063,0.50309,0.00000,64,1,939,663,429,147
G29,read,outdeg_gini,0.53231,0.51460,0.01648,0.48628,0.54411,0.82812,64,1,939,663,429,147
G29,read,top10_child_share,0.45098,0.42422,0.02139,0.38949,0.46473,0.87500,64,1,939,663,429,147
G29,read,cross_layer_share,0.25339,0.18863,0.01142,0.16956,0.21152,1.00000,64,1,939,663,429,147
G30,read,multi_parent_share,0.30586,0.42095,0.02261,0.38133,0.45330,0.00000,64,1,1265,869,631,193
G30,read,mean_parents,1.37718,1.73279,0.04865,1.62207,1.81913,0.00000,64,1,1265,869,631,193
G30,read,sibling_merge_share,0.01036,0.43432,0.03248,0.38544,0.51084,0.00000,64,1,1265,869,631,193
G30,read,outdeg_gini,0.43662,0.52288,0.01647,0.49482,0.56099,0.00000,64,1,1265,869,631,193
G30,read,top10_child_share,0.34638,0.43325,0.02286,0.39355,0.48198,0.00000,64,1,1265,869,631,193
G30,read,cross_layer_share,0.18757,0.19033,0.01342,0.16477,0.21401,0.40625,64,1,1265,869,631,193
G31,read,multi_parent_share,0.35930,0.42142,0.01893,0.38774,0.45974,0.00000,64,1,1292,1041,629,226
G31,read,mean_parents,1.65501,1.73381,0.04158,1.65715,1.82903,0.03125,64,1,1292,1041,629,226
G31,read,sibling_merge_share,0.10619,0.42995,0.03414,0.36508,0.49139,0.00000,64,1,1292,1041,629,226
G31,read,outdeg_gini,0.42060,0.52453,0.01303,0.50615,0.55133,0.00000,64,1,1292,1041,629,226
G31,read,top10_child_share,0.31412,0.43589,0.01597,0.41059,0.46633,0.00000,64,1,1292,1041,629,226
G31,read,cross_layer_share,0.31604,0.19211,0.01529,0.16709,0.21932,1.00000,64,1,1292,1041,629,226
G32,read,multi_parent_share,0.35286,0.42231,0.01589,0.39292,0.44869,0.00000,64,1,1371,1067,734,259
G32,read,mean_parents,1.45368,1.74011,0.04412,1.66434,1.82345,0.00000,64,1,1371,1067,734,259
G32,read,sibling_merge_share,0.06178,0.43232,0.02982,0.37933,0.48206,0.00000,64,1,1371,1067,734,259
G32,read,outdeg_gini,0.40317,0.52563,0.01584,0.49931,0.56402,0.00000,64,1,1371,1067,734,259
G32,read,top10_child_share,0.33458,0.43604,0.02115,0.39982,0.47545,0.00000,64,1,1371,1067,734,259
G32,read,cross_layer_share,0.24274,0.19406,0.01032,0.17602,0.21033,1.00000,64,1,1371,1067,734,259
G33,read,multi_parent_share,0.15506,0.42282,0.02030,0.38536,0.45691,0.00000,64,1,797,367,316,49
G33,read,mean_parents,1.16139,1.72749,0.04881,1.62409,1.82823,0.00000,64,1,797,367,316,49
G33,read,sibling_merge_share,0.02041,0.44872,0.03950,0.38362,0.52689,0.00000,64,1,797,367,316,49
G33,read,outdeg_gini,0.32912,0.51237,0.01693,0.47947,0.54440,0.00000,64,1,797,367,316,49
G33,read,top10_child_share,0.29973,0.42069,0.02232,0.37545,0.45877,0.00000,64,1,797,367,316,49
G33,read,cross_layer_share,0.05450,0.18958,0.01410,0.16036,0.21273,0.00000,64,1,797,367,316,49
G34,read,multi_parent_share,0.27113,0.42118,0.01713,0.38744,0.45451,0.00000,64,1,1834,1178,911,247
G34,read,mean_parents,1.29308,1.73242,0.04543,1.64088,1.83002,0.00000,64,1,1834,1178,911,247
G34,read,sibling_merge_share,0.00405,0.42116,0.02932,0.36589,0.47195,0.00000,64,1,1834,1178,911,247
G34,read,outdeg_gini,0.39018,0.53061,0.01400,0.50577,0.56017,0.00000,64,1,1834,1178,911,247
G34,read,top10_child_share,0.32003,0.44217,0.01778,0.41363,0.48339,0.00000,64,1,1834,1178,911,247
G34,read,cross_layer_share,0.13497,0.19533,0.01061,0.17161,0.21168,0.00000,64,1,1834,1178,911,247
G35,read,multi_parent_share,0.11715,0.41973,0.01736,0.38791,0.45116,0.00000,64,1,1357,539,478,56
G35,read,mean_parents,1.12762,1.73356,0.04241,1.62906,1.81750,0.00000,64,1,1357,539,478,56
G35,read,sibling_merge_share,0.00000,0.43021,0.03461,0.36448,0.51190,0.00000,64,1,1357,539,478,56
G35,read,outdeg_gini,0.35570,0.52701,0.01490,0.50149,0.55585,0.00000,64,1,1357,539,478,56
G35,read,top10_child_share,0.30241,0.43936,0.01819,0.40761,0.47633,0.00000,64,1,1357,539,478,56
G35,read,cross_layer_share,0.05566,0.19265,0.01341,0.16223,0.21105,0.00000,64,1,1357,539,478,56
G36,read,multi_parent_share,0.53144,0.42376,0.01723,0.38583,0.44802,1.00000,64,1,1227,1443,668,355
G36,read,mean_parents,2.16018,1.73706,0.05277,1.63465,1.83161,1.00000,64,1,1227,1443,668,355
G36,read,sibling_merge_share,0.20282,0.42356,0.03343,0.36399,0.47673,0.00000,64,1,1227,1443,668,355
G36,read,outdeg_gini,0.48566,0.52545,0.01732,0.50033,0.56839,0.00000,64,1,1227,1443,668,355
G36,read,top10_child_share,0.37907,0.43596,0.02355,0.39803,0.49133,0.00000,64,1,1227,1443,668,355
G36,read,cross_layer_share,0.47471,0.19598,0.01363,0.16802,0.22231,1.00000,64,1,1227,1443,668,355
G37,read,multi_parent_share,0.37993,0.42236,0.02259,0.38468,0.46100,0.00000,64,1,551,483,279,106
G37,read,mean_parents,1.73118,1.74466,0.06181,1.63018,1.86123,0.45312,64,1,551,483,279,106
G37,read,sibling_merge_share,0.21698,0.47383,0.04573,0.38819,0.55232,0.00000,64,1,551,483,279,106
G37,read,outdeg_gini,0.47878,0.49922,0.02066,0.45692,0.53890,0.15625,64,1,551,483,279,106
G37,read,top10_child_share,0.36025,0.40726,0.02856,0.35711,0.46712,0.04688,64,1,551,483,279,106
G37,read,cross_layer_share,0.37681,0.18319,0.01635,0.14953,0.20856,1.00000,64,1,551,483,279,106
G38,read,multi_parent_share,0.70435,0.42103,0.01415,0.38570,0.44352,1.00000,64,1,3182,4272,1539,1084
G38,read,mean_parents,2.77583,1.73256,0.02945,1.67769,1.78920,1.00000,64,1,3182,4272,1539,1084
G38,read,sibling_merge_share,0.39299,0.40975,0.02770,0.34951,0.46236,0.23438,64,1,3182,4272,1539,1084
G38,read,outdeg_gini,0.66361,0.53946,0.00998,0.52361,0.55698,1.00000,64,1,3182,4272,1539,1084
G38,read,top10_child_share,0.61025,0.45244,0.01295,0.43365,0.47601,1.00000,64,1,3182,4272,1539,1084
G38,read,cross_layer_share,0.61330,0.19733,0.00944,0.18102,0.21533,1.00000,64,1,3182,4272,1539,1084
G39,read,multi_parent_share,0.24373,0.42001,0.01806,0.39103,0.44937,0.00000,64,1,990,377,279,68
G39,read,mean_parents,1.35125,1.72388,0.04005,1.64467,1.79070,0.00000,64,1,990,377,279,68
G39,read,sibling_merge_share,0.02941,0.44069,0.02755,0.38914,0.49440,0.00000,64,1,990,377,279,68
G39,read,outdeg_gini,0.37657,0.51472,0.01575,0.48796,0.54564,0.00000,64,1,990,377,279,68
G39,read,top10_child_share,0.35809,0.42393,0.01965,0.39038,0.46295,0.00000,64,1,990,377,279,68
G39,read,cross_layer_share,0.14058,0.18957,0.01232,0.16930,0.21421,0.00000,64,1,990,377,279,68
G40,read,multi_parent_share,0.18651,0.42569,0.01907,0.38587,0.45755,0.00000,64,1,1110,304,252,47
G40,read,mean_parents,1.20635,1.73660,0.04797,1.63041,1.81961,0.00000,64,1,1110,304,252,47
G40,read,sibling_merge_share,0.00000,0.43921,0.03687,0.36869,0.49986,0.00000,64,1,1110,304,252,47
G40,read,outdeg_gini,0.33352,0.51843,0.01715,0.48657,0.55394,0.00000,64,1,1110,304,252,47
G40,read,top10_child_share,0.34539,0.42768,0.02064,0.39003,0.46164,0.00000,64,1,1110,304,252,47
G40,read,cross_layer_share,0.06250,0.19185,0.01359,0.16616,0.21853,0.00000,64,1,1110,304,252,47
G41,read,multi_parent_share,0.40171,0.41881,0.02100,0.38023,0.45913,0.18750,64,1,1014,616,351,141
G41,read,mean_parents,1.75499,1.73365,0.05222,1.65605,1.86404,0.68750,64,1,1014,616,351,141
G41,read,sibling_merge_share,0.07801,0.44308,0.03633,0.38660,0.52246,0.00000,64,1,1014,616,351,141
G41,read,outdeg_gini,0.40112,0.51528,0.01587,0.48286,0.54657,0.00000,64,1,1014,616,351,141
G41,read,top10_child_share,0.34578,0.42292,0.02065,0.37854,0.45886,0.00000,64,1,1014,616,351,141
G41,read,cross_layer_share,0.30357,0.19153,0.01327,0.16603,0.21079,1.00000,64,1,1014,616,351,141
G42,read,multi_parent_share,0.34503,0.42836,0.01502,0.39500,0.45631,0.00000,64,1,1221,536,342,118
G42,read,mean_parents,1.56725,1.73617,0.04432,1.65447,1.82412,0.00000,64,1,1221,536,342,118
G42,read,sibling_merge_share,0.08475,0.43480,0.03472,0.38044,0.50511,0.00000,64,1,1221,536,342,118
G42,read,outdeg_gini,0.42321,0.52163,0.01686,0.49348,0.55798,0.00000,64,1,1221,536,342,118
G42,read,top10_child_share,0.37687,0.42930,0.02291,0.39473,0.48406,0.00000,64,1,1221,536,342,118
G42,read,cross_layer_share,0.28918,0.19237,0.01341,0.16635,0.21453,1.00000,64,1,1221,536,342,118
G43,read,multi_parent_share,0.27826,0.42591,0.02967,0.36928,0.49060,0.00000,64,1,307,162,115,32
G43,read,mean_parents,1.40870,1.70547,0.07319,1.57377,1.83047,0.00000,64,1,307,162,115,32
G43,read,sibling_merge_share,0.03125,0.49748,0.06619,0.39462,0.63923,0.00000,64,1,307,162,115,32
G43,read,outdeg_gini,0.39799,0.47327,0.01966,0.43977,0.51470,0.00000,64,1,307,162,115,32
G43,read,top10_child_share,0.33951,0.37957,0.02689,0.33529,0.43466,0.06250,64,1,307,162,115,32
G43,read,cross_layer_share,0.22222,0.17083,0.02277,0.13304,0.20996,1.00000,64,1,307,162,115,32
G44,read,multi_parent_share,0.45429,0.42323,0.01905,0.38312,0.45259,0.98438,64,1,774,618,361,164
G44,read,mean_parents,1.71191,1.72823,0.05159,1.64295,1.82380,0.35938,64,1,774,618,361,164
G44,read,sibling_merge_share,0.10366,0.44871,0.05297,0.34862,0.55570,0.00000,64,1,774,618,361,164
G44,read,outdeg_gini,0.41168,0.50894,0.02024,0.47325,0.55853,0.00000,64,1,774,618,361,164
G44,read,top10_child_share,0.34466,0.41880,0.02460,0.38204,0.47283,0.00000,64,1,774,618,361,164
G44,read,cross_layer_share,0.35437,0.18988,0.01618,0.15970,0.21625,1.00000,64,1,774,618,361,164
G45,read,multi_parent_share,0.40734,0.42009,0.01909,0.38526,0.46125,0.25000,64,1,1063,905,572,233
G45,read,mean_parents,1.58217,1.72953,0.04096,1.67260,1.80584,0.00000,64,1,1063,905,572,233
G45,read,sibling_merge_share,0.06867,0.43511,0.03940,0.37000,0.50775,0.00000,64,1,1063,905,572,233
G45,read,outdeg_gini,0.53640,0.52105,0.01685,0.49265,0.55138,0.81250,64,1,1063,905,572,233
G45,read,top10_child_share,0.45635,0.43135,0.02293,0.39493,0.47400,0.85938,64,1,1063,905,572,233
G45,read,cross_layer_share,0.31381,0.19019,0.01348,0.15938,0.20905,1.00000,64,1,1063,905,572,233
G46,read,multi_parent_share,0.54098,0.41914,0.01689,0.38520,0.44972,1.00000,64,1,2836,2855,1464,792
G46,read,mean_parents,1.95014,1.73854,0.03965,1.67978,1.81466,1.00000,64,1,2836,2855,1464,792
G46,read,sibling_merge_share,0.07449,0.41601,0.03154,0.36157,0.48197,0.00000,64,1,2836,2855,1464,792
G46,read,outdeg_gini,0.60517,0.53887,0.01412,0.51781,0.57018,1.00000,64,1,2836,2855,1464,792
G46,read,top10_child_share,0.51489,0.45189,0.01864,0.42525,0.49225,1.00000,64,1,2836,2855,1464,792
G46,read,cross_layer_share,0.40210,0.19682,0.01141,0.17577,0.21648,1.00000,64,1,2836,2855,1464,792
G47,read,multi_parent_share,0.45779,0.42140,0.01608,0.39046,0.44956,1.00000,64,1,1361,998,533,244
G47,read,mean_parents,1.87242,1.73774,0.04964,1.65822,1.82404,1.00000,64,1,1361,998,533,244
G47,read,sibling_merge_share,0.20082,0.43427,0.03086,0.38315,0.48713,0.00000,64,1,1361,998,533,244
G47,read,outdeg_gini,0.52235,0.52490,0.01717,0.49615,0.56019,0.51562,64,1,1361,998,533,244
G47,read,top10_child_share,0.44088,0.43575,0.02169,0.40017,0.48010,0.56250,64,1,1361,998,533,244
G47,read,cross_layer_share,0.40782,0.19166,0.01316,0.16269,0.21325,1.00000,64,1,1361,998,533,244
G48,read,multi_parent_share,0.35417,0.42489,0.03548,0.34585,0.48649,0.06250,64,1,260,69,48,17
G48,read,mean_parents,1.43750,1.73793,0.10522,1.56873,1.94595,0.00000,64,1,260,69,48,17
G48,read,sibling_merge_share,0.05882,0.52683,0.06546,0.40781,0.65899,0.00000,64,1,260,69,48,17
G48,read,outdeg_gini,0.34262,0.46690,0.02386,0.42287,0.51225,0.00000,64,1,260,69,48,17
G48,read,top10_child_share,0.33333,0.37232,0.03087,0.32388,0.43069,0.05469,64,1,260,69,48,17
G48,read,cross_layer_share,0.24638,0.17481,0.02412,0.13290,0.22040,1.00000,64,1,260,69,48,17
G49,read,multi_parent_share,0.06897,0.42646,0.02124,0.39205,0.46600,0.00000,64,1,1057,96,87,6
G49,read,mean_parents,1.10345,1.73880,0.05997,1.63710,1.85900,0.00000,64,1,1057,96,87,6
G49,read,sibling_merge_share,0.00000,0.43622,0.03562,0.36158,0.49253,0.00000,64,1,1057,96,87,6
G49,read,outdeg_gini,0.54754,0.52027,0.01505,0.48951,0.55022,0.95312,64,1,1057,96,87,6
G49,read,top10_child_share,0.56250,0.43028,0.02031,0.38891,0.47068,1.00000,64,1,1057,96,87,6
G49,read,cross_layer_share,0.07292,0.19313,0.01442,0.16961,0.22150,0.00000,64,1,1057,96,87,6
G50,read,multi_parent_share,0.28257,0.42203,0.01691,0.39058,0.44783,0.00000,64,1,2975,693,499,141
G50,read,mean_parents,1.38878,1.74033,0.03635,1.66352,1.79310,0.00000,64,1,2975,693,499,141
G50,read,sibling_merge_share,0.06383,0.40773,0.02512,0.37233,0.46871,0.00000,64,1,2975,693,499,141
G50,read,outdeg_gini,0.38592,0.53843,0.01374,0.51605,0.56303,0.00000,64,1,2975,693,499,141
G50,read,top10_child_share,0.34055,0.44956,0.01843,0.41819,0.47831,0.00000,64,1,2975,693,499,141
G50,read,cross_layer_share,0.21356,0.20067,0.01268,0.17284,0.22108,0.84375,64,1,2975,693,499,141
G51,read,multi_parent_share,0.54306,0.42388,0.01107,0.40098,0.43896,1.00000,64,1,32871,32959,15875,8621
G51,read,mean_parents,2.07616,1.74849,0.02070,1.71176,1.78193,1.00000,64,1,32871,32959,15875,8621
G51,read,sibling_merge_share,0.16054,0.38562,0.02478,0.34765,0.44370,0.00000,64,1,32871,32959,15875,8621
G51,read,outdeg_gini,0.59014,0.55261,0.00802,0.53965,0.56771,1.00000,64,1,32871,32959,15875,8621
G51,read,top10_child_share,0.54513,0.46768,0.00945,0.45291,0.48621,1.00000,64,1,32871,32959,15875,8621
G51,read,cross_layer_share,0.47350,0.20751,0.00911,0.18725,0.22193,1.00000,64,1,32871,32959,15875,8621
