edges,axis,bin,n_sessions,n_goals,mean_turns,mean_turns_ci_low,mean_turns_ci_high,mean_active_min,mean_active_min_ci_low,mean_active_min_ci_high,turns_vs_layer0,turns_vs_layer0_ci_low,turns_vs_layer0_ci_high,active_vs_layer0,active_vs_layer0_ci_low,active_vs_layer0_ci_high,blog_vs_layer0
all,layer,0,30226,51,31.8561,30.5849,33.4666,11.9629,10.0667,13.5918,1.0000,1.0000,1.0000,1.0000,1.0000,1.0000,1.0000
all,layer,1,1610,49,32.4211,30.1684,34.1731,11.1102,10.0471,12.0021,1.0287,0.9666,1.0823,0.9667,0.9128,1.0421,1.3441
all,layer,2,818,48,33.1614,30.8619,35.0539,11.6197,10.6076,13.0230,1.0554,0.9893,1.1126,1.0531,0.9213,1.2276,1.5526
all,layer,3-4,1168,44,33.3673,31.3818,34.9366,11.9986,10.7695,13.1022,1.0596,0.9986,1.1158,1.0602,0.9757,1.1611,1.6957
all,layer,5-8,1475,42,33.1234,31.3291,34.6370,11.6990,10.5912,12.7472,1.0381,0.9826,1.0902,1.0457,0.9403,1.1518,2.1886
all,layer,9-16,1987,40,31.8390,29.9870,33.6819,11.0164,9.9668,11.9754,0.9972,0.9471,1.0496,0.9760,0.8835,1.0641,2.6455
all,layer,17-32,3022,34,31.7869,29.8037,33.7483,11.2656,9.9808,12.4777,1.0087,0.9495,1.0771,0.9955,0.8809,1.0923,3.1553
all,layer,33-64,4821,28,31.6055,29.4057,33.5052,11.1401,9.9352,12.1683,0.9919,0.9318,1.0487,0.9553,0.8863,1.0225,4.3905
all,layer,65+,32987,21,32.3993,27.8825,33.2913,13.4863,9.0229,14.5155,1.0428,0.9362,1.0659,0.9583,0.8879,1.0263,6.0080
all,relative_depth,0,30226,51,31.8561,30.5849,33.4666,11.9629,10.0667,13.5918,1.0000,1.0000,1.0000,1.0000,1.0000,1.0000,1.0000
all,relative_depth,"(0, 0.2]",12777,42,32.7264,30.3440,33.8652,11.3173,10.2245,11.9388,1.0470,0.9668,1.0880,0.9078,0.8147,1.0873,1.7662
all,relative_depth,"(0.2, 0.4]",9775,44,31.2705,29.0741,32.4906,11.7752,10.0781,12.4134,1.0022,0.9377,1.0341,0.9074,0.8418,1.0550,3.6798
all,relative_depth,"(0.4, 0.6]",8670,46,32.4256,29.6045,33.7774,12.9011,10.0168,14.0046,1.0292,0.9382,1.0667,0.9763,0.9092,1.1057,5.4879
all,relative_depth,"(0.6, 0.8]",8227,44,33.0038,28.6182,34.5689,12.6330,9.1809,14.0329,1.0547,0.9441,1.1014,0.9366,0.8526,0.9806,7.3144
all,relative_depth,"(0.8, 1]",8439,49,32.1293,27.9679,33.2560,16.3158,8.9248,18.8764,1.0339,0.9065,1.0695,1.1521,0.8561,1.2455,9.0644
write,layer,0,41081,51,30.6504,29.1919,32.2406,11.5637,9.7254,12.9934,1.0000,1.0000,1.0000,1.0000,1.0000,1.0000,1.0000
write,layer,1,1502,48,33.3935,32.0619,34.6482,12.3040,11.3579,13.4965,1.1123,1.0798,1.1509,1.1016,0.9701,1.3070,1.2846
write,layer,2,818,48,33.4645,32.1078,34.8272,12.0246,11.0149,13.2445,1.1176,1.0716,1.1733,1.0996,0.9647,1.2855,1.5016
write,layer,3-4,1116,42,33.7688,32.3682,34.9735,12.6051,11.3217,13.8712,1.1235,1.0762,1.1763,1.1517,1.0311,1.3069,1.7211
write,layer,5-8,1419,41,33.6963,31.7171,35.4343,12.0183,10.6656,13.3308,1.1221,1.0634,1.1812,1.1073,0.9838,1.2285,2.0777
write,layer,9-16,1742,39,33.3783,31.7740,34.7739,11.7705,10.4272,13.1312,1.1065,1.0415,1.1765,1.0889,0.9519,1.2285,2.5582
write,layer,17-32,2439,29,32.8717,30.6984,34.7101,11.8604,10.5731,12.9353,1.1040,1.0226,1.1913,1.0978,0.9825,1.2058,3.1450
write,layer,33-64,3455,24,33.5184,31.4683,35.0922,11.3632,10.2346,12.3593,1.1334,1.0586,1.2091,1.0446,0.9813,1.1161,4.4725
write,layer,65+,24542,20,33.9899,30.5412,34.5893,14.3260,9.4197,15.2189,1.1452,1.0653,1.3064,1.0787,1.0221,1.2546,6.0249
write,relative_depth,0,41081,51,30.6504,29.1919,32.2406,11.5637,9.7254,12.9934,1.0000,1.0000,1.0000,1.0000,1.0000,1.0000,1.0000
write,relative_depth,"(0, 0.2]",10725,41,33.7420,32.0984,34.6528,11.9704,10.9841,13.1552,1.1293,1.0718,1.1948,1.0127,0.8866,1.2654,1.7081
write,relative_depth,"(0.2, 0.4]",7235,42,33.0120,31.4256,33.9188,12.4299,10.6562,13.0721,1.1144,1.0699,1.1951,1.0235,0.9533,1.1888,3.6927
write,relative_depth,"(0.4, 0.6]",6506,48,33.6706,31.4875,35.0707,13.4304,10.6869,14.4083,1.1369,1.0638,1.2956,1.0846,1.0198,1.3081,5.4908
write,relative_depth,"(0.6, 0.8]",6403,42,34.6962,31.2532,35.6156,13.1529,9.1834,14.4102,1.1653,1.0706,1.2177,1.0212,0.9418,1.0803,7.3332
write,relative_depth,"(0.8, 1]",6164,48,33.9701,30.3111,34.7581,17.8147,9.1997,20.1881,1.1423,1.0532,1.2216,1.3312,0.9596,1.4154,9.0456
