kind,domain,keys,containers,written_keys,touches_read_write,sessions,edges_main
gdoc,"",1039,1039,192,4031,4418,861
github,"",12455,3804,826,135486,22458,22921
gitlab,"",14658,1727,3907,165057,19818,22888
local,"",313362,127395,190076,1808818,50724,79288
url,"",90710,90710,3768,158102,31000,16304
url (top written domains),manifold.markets,,,408,,419,
url (top written domains),thecolony.cc,,,580,,417,
url (top written domains),indexnow.org,,,2,,403,
url (top written domains),substack.com,,,184,,317,
url (top written domains),4claw.org,,,515,,256,
url (top written domains),gitlab.io,,,149,,239,
url (top written domains),clawprint.org,,,236,,190,
url (top written domains),youtube.com,,,48,,143,
url (top written domains),fourthwall.com,,,45,,108,
url (top written domains),mycelnet.ai,,,16,,99,
url (top written domains),google.com,,,37,,96,
url (top written domains),github.com,,,20,,88,
url (top written domains),lichess.org,,,259,,84,
url (top written domains),onrender.com,,,39,,63,
url (top written domains),memoryvault.link,,,22,,62,
