window_id,group,date_start,date_end,n_days,n_dates,scheme,category,share,lo,hi,boot_mean,boot_sd,normal_lo,normal_hi,estimate_in_ci,estimate_quantile
g01,general,2025-04-02,2025-05-09,30,30,five_way,baseline,0.1777,0.1289,0.2743,0.1918,0.0361,0.1069,0.2485,true,0.3680
g01,general,2025-04-02,2025-05-09,30,30,five_way,human,0.0586,0.0347,0.1302,0.0704,0.0244,0.0108,0.1064,true,0.3550
g01,general,2025-04-02,2025-05-09,30,30,five_way,system,0.0000,0.0000,0.0000,0.0000,0.0000,0.0000,0.0000,true,0.0000
g01,general,2025-04-02,2025-05-09,30,30,five_way,other_agents,0.2145,0.1631,0.3168,0.2288,0.0399,0.1362,0.2928,true,0.3810
g01,general,2025-04-02,2025-05-09,30,30,five_way,self,0.5491,0.3773,0.6086,0.5090,0.0618,0.4280,0.6703,true,0.7260
g01,general,2025-04-02,2025-05-09,30,30,spec_four_way,baseline,0.1777,0.1289,0.2743,0.1918,0.0361,0.1069,0.2485,true,0.3680
g01,general,2025-04-02,2025-05-09,30,30,spec_four_way,exogenous,0.0586,0.0347,0.1302,0.0704,0.0244,0.0108,0.1064,true,0.3550
g01,general,2025-04-02,2025-05-09,30,30,spec_four_way,other_agents,0.2145,0.1631,0.3168,0.2288,0.0399,0.1362,0.2928,true,0.3810
g01,general,2025-04-02,2025-05-09,30,30,spec_four_way,self,0.5491,0.3773,0.6086,0.5090,0.0618,0.4280,0.6703,true,0.7260
g02-03,general,2025-05-10,2025-05-14,5,5,five_way,baseline,0.1226,0.0706,0.2542,0.1535,0.0525,0.0196,0.2256,true,0.3140
g02-03,general,2025-05-10,2025-05-14,5,5,five_way,human,0.0359,0.0172,0.1150,0.0458,0.0248,0.0000,0.0844,true,0.4140
g02-03,general,2025-05-10,2025-05-14,5,5,five_way,system,0.0000,0.0000,0.0000,0.0000,0.0000,0.0000,0.0000,true,0.0000
g02-03,general,2025-05-10,2025-05-14,5,5,five_way,other_agents,0.1877,0.0821,0.4220,0.2100,0.0955,0.0005,0.3749,true,0.4700
g02-03,general,2025-05-10,2025-05-14,5,5,five_way,self,0.6538,0.3976,0.7327,0.5907,0.0876,0.4820,0.8256,true,0.7560
g02-03,general,2025-05-10,2025-05-14,5,5,spec_four_way,baseline,0.1226,0.0706,0.2542,0.1535,0.0525,0.0196,0.2256,true,0.3140
g02-03,general,2025-05-10,2025-05-14,5,5,spec_four_way,exogenous,0.0359,0.0172,0.1150,0.0458,0.0248,0.0000,0.0844,true,0.4140
g02-03,general,2025-05-10,2025-05-14,5,5,spec_four_way,other_agents,0.1877,0.0821,0.4220,0.2100,0.0955,0.0005,0.3749,true,0.4700
g02-03,general,2025-05-10,2025-05-14,5,5,spec_four_way,self,0.6538,0.3976,0.7327,0.5907,0.0876,0.4820,0.8256,true,0.7560
g04,general,2025-05-15,2025-06-18,26,25,five_way,baseline,0.2556,0.2024,0.3329,0.2613,0.0341,0.1887,0.3225,true,0.4450
g04,general,2025-05-15,2025-06-18,26,25,five_way,human,0.0798,0.0635,0.1194,0.0883,0.0137,0.0529,0.1067,true,0.2750
g04,general,2025-05-15,2025-06-18,26,25,five_way,system,0.0000,0.0000,0.0000,0.0000,0.0000,0.0000,0.0000,true,0.0000
g04,general,2025-05-15,2025-06-18,26,25,five_way,other_agents,0.1383,0.1093,0.2125,0.1559,0.0269,0.0856,0.1911,true,0.2720
g04,general,2025-05-15,2025-06-18,26,25,five_way,self,0.5263,0.4134,0.5512,0.4945,0.0361,0.4554,0.5971,true,0.8110
g04,general,2025-05-15,2025-06-18,26,25,spec_four_way,baseline,0.2556,0.2024,0.3329,0.2613,0.0341,0.1887,0.3225,true,0.4450
g04,general,2025-05-15,2025-06-18,26,25,spec_four_way,exogenous,0.0798,0.0635,0.1194,0.0883,0.0137,0.0529,0.1067,true,0.2750
g04,general,2025-05-15,2025-06-18,26,25,spec_four_way,other_agents,0.1383,0.1093,0.2125,0.1559,0.0269,0.0856,0.1911,true,0.2720
g04,general,2025-05-15,2025-06-18,26,25,spec_four_way,self,0.5263,0.4134,0.5512,0.4945,0.0361,0.4554,0.5971,true,0.8110
g05-07,general,2025-06-19,2025-07-17,23,22,five_way,baseline,0.5176,0.3857,0.6285,0.5065,0.0668,0.3867,0.6485,true,0.5300
g05-07,general,2025-06-19,2025-07-17,23,22,five_way,human,0.0793,0.0485,0.1264,0.0833,0.0197,0.0406,0.1180,true,0.4330
g05-07,general,2025-06-19,2025-07-17,23,22,five_way,system,0.0000,0.0000,0.0000,0.0000,0.0000,0.0000,0.0000,true,0.0000
g05-07,general,2025-06-19,2025-07-17,23,22,five_way,other_agents,0.1394,0.0876,0.2570,0.1599,0.0422,0.0567,0.2221,true,0.3380
g05-07,general,2025-06-19,2025-07-17,23,22,five_way,self,0.2636,0.1592,0.3755,0.2503,0.0621,0.1419,0.3854,true,0.6220
g05-07,general,2025-06-19,2025-07-17,23,22,spec_four_way,baseline,0.5176,0.3857,0.6285,0.5065,0.0668,0.3867,0.6485,true,0.5300
g05-07,general,2025-06-19,2025-07-17,23,22,spec_four_way,exogenous,0.0793,0.0485,0.1264,0.0833,0.0197,0.0406,0.1180,true,0.4330
g05-07,general,2025-06-19,2025-07-17,23,22,spec_four_way,other_agents,0.1394,0.0876,0.2570,0.1599,0.0422,0.0567,0.2221,true,0.3380
g05-07,general,2025-06-19,2025-07-17,23,22,spec_four_way,self,0.2636,0.1592,0.3755,0.2503,0.0621,0.1419,0.3854,true,0.6220
g08,general,2025-07-18,2025-08-12,18,18,five_way,baseline,0.3208,0.2514,0.4837,0.3553,0.0583,0.2064,0.4351,true,0.2870
g08,general,2025-07-18,2025-08-12,18,18,five_way,human,0.0392,0.0129,0.0739,0.0398,0.0152,0.0095,0.0690,true,0.5270
g08,general,2025-07-18,2025-08-12,18,18,five_way,system,0.0000,0.0000,0.0000,0.0000,0.0000,0.0000,0.0000,true,0.0000
g08,general,2025-07-18,2025-08-12,18,18,five_way,other_agents,0.0154,0.0082,0.1502,0.0495,0.0374,0.0000,0.0887,true,0.1110
g08,general,2025-07-18,2025-08-12,18,18,five_way,self,0.6246,0.3909,0.6617,0.5555,0.0693,0.4887,0.7605,true,0.8570
g08,general,2025-07-18,2025-08-12,18,18,spec_four_way,baseline,0.3208,0.2514,0.4837,0.3553,0.0583,0.2064,0.4351,true,0.2870
g08,general,2025-07-18,2025-08-12,18,18,spec_four_way,exogenous,0.0392,0.0129,0.0739,0.0398,0.0152,0.0095,0.0690,true,0.5270
g08,general,2025-07-18,2025-08-12,18,18,spec_four_way,other_agents,0.0154,0.0082,0.1502,0.0495,0.0374,0.0000,0.0887,true,0.1110
g08,general,2025-07-18,2025-08-12,18,18,spec_four_way,self,0.6246,0.3909,0.6617,0.5555,0.0693,0.4887,0.7605,true,0.8570
g09,general,2025-08-13,2025-08-15,3,3,five_way,baseline,0.4716,0.2772,0.7157,0.4803,0.1088,0.2582,0.6849,true,0.6800
g09,general,2025-08-13,2025-08-15,3,3,five_way,human,0.0404,0.0000,0.0922,0.0518,0.0182,0.0046,0.0761,true,0.1440
g09,general,2025-08-13,2025-08-15,3,3,five_way,system,0.0000,0.0000,0.0000,0.0000,0.0000,0.0000,0.0000,true,0.0000
g09,general,2025-08-13,2025-08-15,3,3,five_way,other_agents,0.3591,0.0968,0.6226,0.3634,0.1415,0.0817,0.6365,true,0.3010
g09,general,2025-08-13,2025-08-15,3,3,five_way,self,0.1289,0.0080,0.1693,0.1045,0.0505,0.0299,0.2280,true,0.5990
g09,general,2025-08-13,2025-08-15,3,3,spec_four_way,baseline,0.4716,0.2772,0.7157,0.4803,0.1088,0.2582,0.6849,true,0.6800
g09,general,2025-08-13,2025-08-15,3,3,spec_four_way,exogenous,0.0404,0.0000,0.0922,0.0518,0.0182,0.0046,0.0761,true,0.1440
g09,general,2025-08-13,2025-08-15,3,3,spec_four_way,other_agents,0.3591,0.0968,0.6226,0.3634,0.1415,0.0817,0.6365,true,0.3010
g09,general,2025-08-13,2025-08-15,3,3,spec_four_way,self,0.1289,0.0080,0.1693,0.1045,0.0505,0.0299,0.2280,true,0.5990
g10,general,2025-08-18,2025-08-22,5,5,five_way,baseline,0.2937,0.1694,0.7071,0.3694,0.1378,0.0235,0.5639,true,0.3730
g10,general,2025-08-18,2025-08-22,5,5,five_way,human,0.0265,0.0059,0.0432,0.0255,0.0097,0.0075,0.0455,true,0.5310
g10,general,2025-08-18,2025-08-22,5,5,five_way,system,0.0000,0.0000,0.0000,0.0000,0.0000,0.0000,0.0000,true,0.0000
g10,general,2025-08-18,2025-08-22,5,5,five_way,other_agents,0.5124,0.1677,0.5589,0.4177,0.1096,0.2976,0.7273,true,0.7520
g10,general,2025-08-18,2025-08-22,5,5,five_way,self,0.1674,0.0589,0.3337,0.1873,0.0722,0.0259,0.3089,true,0.3530
g10,general,2025-08-18,2025-08-22,5,5,spec_four_way,baseline,0.2937,0.1694,0.7071,0.3694,0.1378,0.0235,0.5639,true,0.3730
g10,general,2025-08-18,2025-08-22,5,5,spec_four_way,exogenous,0.0265,0.0059,0.0432,0.0255,0.0097,0.0075,0.0455,true,0.5310
g10,general,2025-08-18,2025-08-22,5,5,spec_four_way,other_agents,0.5124,0.1677,0.5589,0.4177,0.1096,0.2976,0.7273,true,0.7520
g10,general,2025-08-18,2025-08-22,5,5,spec_four_way,self,0.1674,0.0589,0.3337,0.1873,0.0722,0.0259,0.3089,true,0.3530
g11,general,2025-08-25,2025-08-29,5,5,five_way,baseline,0.2427,0.2162,0.4738,0.3019,0.0697,0.1062,0.3792,true,0.1760
g11,general,2025-08-25,2025-08-29,5,5,five_way,human,0.0207,0.0050,0.0807,0.0261,0.0217,0.0000,0.0632,true,0.4730
g11,general,2025-08-25,2025-08-29,5,5,five_way,system,0.0000,0.0000,0.0000,0.0000,0.0000,0.0000,0.0000,true,0.0000
g11,general,2025-08-25,2025-08-29,5,5,five_way,other_agents,0.2378,0.1925,0.4389,0.2732,0.0620,0.1163,0.3593,true,0.2590
g11,general,2025-08-25,2025-08-29,5,5,five_way,self,0.4988,0.2324,0.4988,0.3988,0.0709,0.3599,0.6377,true,0.9710
g11,general,2025-08-25,2025-08-29,5,5,spec_four_way,baseline,0.2427,0.2162,0.4738,0.3019,0.0697,0.1062,0.3792,true,0.1760
g11,general,2025-08-25,2025-08-29,5,5,spec_four_way,exogenous,0.0207,0.0050,0.0807,0.0261,0.0217,0.0000,0.0632,true,0.4730
g11,general,2025-08-25,2025-08-29,5,5,spec_four_way,other_agents,0.2378,0.1925,0.4389,0.2732,0.0620,0.1163,0.3593,true,0.2590
g11,general,2025-08-25,2025-08-29,5,5,spec_four_way,self,0.4988,0.2324,0.4988,0.3988,0.0709,0.3599,0.6377,true,0.9710
g12,general,2025-09-01,2025-09-05,5,5,five_way,baseline,0.2943,0.2439,0.4309,0.3237,0.0482,0.1998,0.3888,true,0.3390
g12,general,2025-09-01,2025-09-05,5,5,five_way,human,0.0229,0.0149,0.0750,0.0330,0.0152,0.0000,0.0528,true,0.1900
g12,general,2025-09-01,2025-09-05,5,5,five_way,system,0.0000,0.0000,0.0000,0.0000,0.0000,0.0000,0.0000,true,0.0000
g12,general,2025-09-01,2025-09-05,5,5,five_way,other_agents,0.2708,0.2662,0.4049,0.3121,0.0384,0.1955,0.3461,true,0.1250
g12,general,2025-09-01,2025-09-05,5,5,five_way,self,0.4119,0.2080,0.4316,0.3311,0.0604,0.2936,0.5302,true,0.9630
g12,general,2025-09-01,2025-09-05,5,5,spec_four_way,baseline,0.2943,0.2439,0.4309,0.3237,0.0482,0.1998,0.3888,true,0.3390
g12,general,2025-09-01,2025-09-05,5,5,spec_four_way,exogenous,0.0229,0.0149,0.0750,0.0330,0.0152,0.0000,0.0528,true,0.1900
g12,general,2025-09-01,2025-09-05,5,5,spec_four_way,other_agents,0.2708,0.2662,0.4049,0.3121,0.0384,0.1955,0.3461,true,0.1250
g12,general,2025-09-01,2025-09-05,5,5,spec_four_way,self,0.4119,0.2080,0.4316,0.3311,0.0604,0.2936,0.5302,true,0.9630
g13,general,2025-09-08,2025-09-19,10,10,five_way,baseline,0.3829,0.2779,0.4663,0.3801,0.0488,0.2872,0.4786,true,0.5050
g13,general,2025-09-08,2025-09-19,10,10,five_way,human,0.0396,0.0124,0.0746,0.0378,0.0166,0.0071,0.0721,true,0.5920
g13,general,2025-09-08,2025-09-19,10,10,five_way,system,0.0000,0.0000,0.0000,0.0000,0.0000,0.0000,0.0000,true,0.0000
g13,general,2025-09-08,2025-09-19,10,10,five_way,other_agents,0.2226,0.1139,0.3885,0.2442,0.0730,0.0795,0.3656,true,0.3880
g13,general,2025-09-08,2025-09-19,10,10,five_way,self,0.3549,0.2584,0.4222,0.3379,0.0425,0.2716,0.4382,true,0.6570
g13,general,2025-09-08,2025-09-19,10,10,spec_four_way,baseline,0.3829,0.2779,0.4663,0.3801,0.0488,0.2872,0.4786,true,0.5050
g13,general,2025-09-08,2025-09-19,10,10,spec_four_way,exogenous,0.0396,0.0124,0.0746,0.0378,0.0166,0.0071,0.0721,true,0.5920
g13,general,2025-09-08,2025-09-19,10,10,spec_four_way,other_agents,0.2226,0.1139,0.3885,0.2442,0.0730,0.0795,0.3656,true,0.3880
g13,general,2025-09-08,2025-09-19,10,10,spec_four_way,self,0.3549,0.2584,0.4222,0.3379,0.0425,0.2716,0.4382,true,0.6570
g14,general,2025-09-22,2025-09-26,5,5,five_way,baseline,0.4421,0.2694,0.5885,0.4048,0.0834,0.2786,0.6057,true,0.7080
g14,general,2025-09-22,2025-09-26,5,5,five_way,human,0.0041,0.0032,0.0396,0.0119,0.0107,0.0000,0.0250,true,0.1940
g14,general,2025-09-22,2025-09-26,5,5,five_way,system,0.0000,0.0000,0.0000,0.0000,0.0000,0.0000,0.0000,true,0.0000
g14,general,2025-09-22,2025-09-26,5,5,five_way,other_agents,0.0834,0.0834,0.3473,0.1938,0.0719,0.0000,0.2243,false,0.0000
g14,general,2025-09-22,2025-09-26,5,5,five_way,self,0.4704,0.2245,0.5347,0.3895,0.0939,0.2863,0.6544,true,0.8090
g14,general,2025-09-22,2025-09-26,5,5,spec_four_way,baseline,0.4421,0.2694,0.5885,0.4048,0.0834,0.2786,0.6057,true,0.7080
g14,general,2025-09-22,2025-09-26,5,5,spec_four_way,exogenous,0.0041,0.0032,0.0396,0.0119,0.0107,0.0000,0.0250,true,0.1940
g14,general,2025-09-22,2025-09-26,5,5,spec_four_way,other_agents,0.0834,0.0834,0.3473,0.1938,0.0719,0.0000,0.2243,false,0.0000
g14,general,2025-09-22,2025-09-26,5,5,spec_four_way,self,0.4704,0.2245,0.5347,0.3895,0.0939,0.2863,0.6544,true,0.8090
g15,general,2025-09-29,2025-10-03,5,5,five_way,baseline,0.3502,0.2432,0.4382,0.3411,0.0515,0.2494,0.4511,true,0.5830
g15,general,2025-09-29,2025-10-03,5,5,five_way,human,0.0090,0.0038,0.0424,0.0141,0.0085,0.0000,0.0257,true,0.3080
g15,general,2025-09-29,2025-10-03,5,5,five_way,system,0.0000,0.0000,0.0000,0.0000,0.0000,0.0000,0.0000,true,0.0000
g15,general,2025-09-29,2025-10-03,5,5,five_way,other_agents,0.3476,0.2856,0.5020,0.3929,0.0570,0.2359,0.4592,true,0.2740
g15,general,2025-09-29,2025-10-03,5,5,five_way,self,0.2932,0.1292,0.3385,0.2519,0.0527,0.1899,0.3965,true,0.7380
g15,general,2025-09-29,2025-10-03,5,5,spec_four_way,baseline,0.3502,0.2432,0.4382,0.3411,0.0515,0.2494,0.4511,true,0.5830
g15,general,2025-09-29,2025-10-03,5,5,spec_four_way,exogenous,0.0090,0.0038,0.0424,0.0141,0.0085,0.0000,0.0257,true,0.3080
g15,general,2025-09-29,2025-10-03,5,5,spec_four_way,other_agents,0.3476,0.2856,0.5020,0.3929,0.0570,0.2359,0.4592,true,0.2740
g15,general,2025-09-29,2025-10-03,5,5,spec_four_way,self,0.2932,0.1292,0.3385,0.2519,0.0527,0.1899,0.3965,true,0.7380
g16,general,2025-10-06,2025-10-10,5,5,five_way,baseline,0.2927,0.2423,0.4442,0.3232,0.0528,0.1892,0.3962,true,0.3370
g16,general,2025-10-06,2025-10-10,5,5,five_way,human,0.0210,0.0121,0.0345,0.0222,0.0062,0.0088,0.0332,true,0.4250
g16,general,2025-10-06,2025-10-10,5,5,five_way,system,0.0000,0.0000,0.0000,0.0000,0.0000,0.0000,0.0000,true,0.0000
g16,general,2025-10-06,2025-10-10,5,5,five_way,other_agents,0.2255,0.1957,0.3771,0.2582,0.0528,0.1219,0.3291,true,0.2710
g16,general,2025-10-06,2025-10-10,5,5,five_way,self,0.4608,0.2181,0.4749,0.3963,0.0617,0.3399,0.5817,true,0.8320
g16,general,2025-10-06,2025-10-10,5,5,spec_four_way,baseline,0.2927,0.2423,0.4442,0.3232,0.0528,0.1892,0.3962,true,0.3370
g16,general,2025-10-06,2025-10-10,5,5,spec_four_way,exogenous,0.0210,0.0121,0.0345,0.0222,0.0062,0.0088,0.0332,true,0.4250
g16,general,2025-10-06,2025-10-10,5,5,spec_four_way,other_agents,0.2255,0.1957,0.3771,0.2582,0.0528,0.1219,0.3291,true,0.2710
g16,general,2025-10-06,2025-10-10,5,5,spec_four_way,self,0.4608,0.2181,0.4749,0.3963,0.0617,0.3399,0.5817,true,0.8320
g17,general,2025-10-13,2025-10-17,5,5,five_way,baseline,0.2117,0.1791,0.4054,0.2600,0.0606,0.0930,0.3305,true,0.2250
g17,general,2025-10-13,2025-10-17,5,5,five_way,human,0.0070,0.0028,0.0182,0.0094,0.0044,0.0000,0.0156,true,0.3030
g17,general,2025-10-13,2025-10-17,5,5,five_way,system,0.0000,0.0000,0.0000,0.0000,0.0000,0.0000,0.0000,true,0.0000
g17,general,2025-10-13,2025-10-17,5,5,five_way,other_agents,0.3421,0.2492,0.6834,0.4162,0.1153,0.1160,0.5681,true,0.3120
g17,general,2025-10-13,2025-10-17,5,5,five_way,self,0.4392,0.0605,0.4709,0.3144,0.1180,0.2079,0.6705,true,0.8920
g17,general,2025-10-13,2025-10-17,5,5,spec_four_way,baseline,0.2117,0.1791,0.4054,0.2600,0.0606,0.0930,0.3305,true,0.2250
g17,general,2025-10-13,2025-10-17,5,5,spec_four_way,exogenous,0.0070,0.0028,0.0182,0.0094,0.0044,0.0000,0.0156,true,0.3030
g17,general,2025-10-13,2025-10-17,5,5,spec_four_way,other_agents,0.3421,0.2492,0.6834,0.4162,0.1153,0.1160,0.5681,true,0.3120
g17,general,2025-10-13,2025-10-17,5,5,spec_four_way,self,0.4392,0.0605,0.4709,0.3144,0.1180,0.2079,0.6705,true,0.8920
g18,general,2025-10-20,2025-10-31,10,10,five_way,baseline,0.1635,0.1393,0.2374,0.1770,0.0257,0.1131,0.2138,true,0.3350
g18,general,2025-10-20,2025-10-31,10,10,five_way,human,0.0086,0.0053,0.0182,0.0095,0.0038,0.0012,0.0161,true,0.4590
g18,general,2025-10-20,2025-10-31,10,10,five_way,system,0.0000,0.0000,0.0000,0.0000,0.0000,0.0000,0.0000,true,0.0000
g18,general,2025-10-20,2025-10-31,10,10,five_way,other_agents,0.3984,0.3106,0.5565,0.4239,0.0630,0.2748,0.5220,true,0.3610
g18,general,2025-10-20,2025-10-31,10,10,five_way,self,0.4295,0.2279,0.5237,0.3896,0.0773,0.2779,0.5810,true,0.6710
g18,general,2025-10-20,2025-10-31,10,10,spec_four_way,baseline,0.1635,0.1393,0.2374,0.1770,0.0257,0.1131,0.2138,true,0.3350
g18,general,2025-10-20,2025-10-31,10,10,spec_four_way,exogenous,0.0086,0.0053,0.0182,0.0095,0.0038,0.0012,0.0161,true,0.4590
g18,general,2025-10-20,2025-10-31,10,10,spec_four_way,other_agents,0.3984,0.3106,0.5565,0.4239,0.0630,0.2748,0.5220,true,0.3610
g18,general,2025-10-20,2025-10-31,10,10,spec_four_way,self,0.4295,0.2279,0.5237,0.3896,0.0773,0.2779,0.5810,true,0.6710
g19,general,2025-11-03,2025-11-14,10,10,five_way,baseline,0.1995,0.1587,0.3067,0.2174,0.0387,0.1236,0.2755,true,0.3450
g19,general,2025-11-03,2025-11-14,10,10,five_way,human,0.0039,0.0011,0.0116,0.0051,0.0029,0.0000,0.0095,true,0.4010
g19,general,2025-11-03,2025-11-14,10,10,five_way,system,0.0000,0.0000,0.0000,0.0000,0.0000,0.0000,0.0000,true,0.0000
g19,general,2025-11-03,2025-11-14,10,10,five_way,other_agents,0.3379,0.2946,0.4894,0.3688,0.0501,0.2397,0.4361,true,0.2830
g19,general,2025-11-03,2025-11-14,10,10,five_way,self,0.4587,0.2496,0.5069,0.4087,0.0693,0.3229,0.5944,true,0.7300
g19,general,2025-11-03,2025-11-14,10,10,spec_four_way,baseline,0.1995,0.1587,0.3067,0.2174,0.0387,0.1236,0.2755,true,0.3450
g19,general,2025-11-03,2025-11-14,10,10,spec_four_way,exogenous,0.0039,0.0011,0.0116,0.0051,0.0029,0.0000,0.0095,true,0.4010
g19,general,2025-11-03,2025-11-14,10,10,spec_four_way,other_agents,0.3379,0.2946,0.4894,0.3688,0.0501,0.2397,0.4361,true,0.2830
g19,general,2025-11-03,2025-11-14,10,10,spec_four_way,self,0.4587,0.2496,0.5069,0.4087,0.0693,0.3229,0.5944,true,0.7300
g20,general,2025-11-17,2025-11-28,10,10,five_way,baseline,0.3047,0.2799,0.4268,0.3315,0.0374,0.2314,0.3779,true,0.2270
g20,general,2025-11-17,2025-11-28,10,10,five_way,human,0.0087,0.0044,0.0168,0.0091,0.0032,0.0024,0.0150,true,0.5000
g20,general,2025-11-17,2025-11-28,10,10,five_way,system,0.0000,0.0000,0.0000,0.0000,0.0000,0.0000,0.0000,true,0.0000
g20,general,2025-11-17,2025-11-28,10,10,five_way,other_agents,0.2929,0.2584,0.5003,0.3402,0.0655,0.1647,0.4212,true,0.2850
g20,general,2025-11-17,2025-11-28,10,10,five_way,self,0.3937,0.1325,0.4143,0.3192,0.0762,0.2443,0.5431,true,0.8600
g20,general,2025-11-17,2025-11-28,10,10,spec_four_way,baseline,0.3047,0.2799,0.4268,0.3315,0.0374,0.2314,0.3779,true,0.2270
g20,general,2025-11-17,2025-11-28,10,10,spec_four_way,exogenous,0.0087,0.0044,0.0168,0.0091,0.0032,0.0024,0.0150,true,0.5000
g20,general,2025-11-17,2025-11-28,10,10,spec_four_way,other_agents,0.2929,0.2584,0.5003,0.3402,0.0655,0.1647,0.4212,true,0.2850
g20,general,2025-11-17,2025-11-28,10,10,spec_four_way,self,0.3937,0.1325,0.4143,0.3192,0.0762,0.2443,0.5431,true,0.8600
g21,general,2025-12-01,2025-12-05,5,5,five_way,baseline,0.2252,0.1833,0.4648,0.2759,0.0700,0.0879,0.3624,true,0.2770
g21,general,2025-12-01,2025-12-05,5,5,five_way,human,0.0036,0.0000,0.0105,0.0046,0.0056,0.0000,0.0146,true,0.4950
g21,general,2025-12-01,2025-12-05,5,5,five_way,system,0.0000,0.0000,0.0000,0.0000,0.0000,0.0000,0.0000,true,0.0000
g21,general,2025-12-01,2025-12-05,5,5,five_way,other_agents,0.5160,0.3205,0.6080,0.5152,0.0644,0.3897,0.6423,true,0.4400
g21,general,2025-12-01,2025-12-05,5,5,five_way,self,0.2552,0.0885,0.2798,0.2043,0.0555,0.1465,0.3639,true,0.8210
g21,general,2025-12-01,2025-12-05,5,5,spec_four_way,baseline,0.2252,0.1833,0.4648,0.2759,0.0700,0.0879,0.3624,true,0.2770
g21,general,2025-12-01,2025-12-05,5,5,spec_four_way,exogenous,0.0036,0.0000,0.0105,0.0046,0.0056,0.0000,0.0146,true,0.4950
g21,general,2025-12-01,2025-12-05,5,5,spec_four_way,other_agents,0.5160,0.3205,0.6080,0.5152,0.0644,0.3897,0.6423,true,0.4400
g21,general,2025-12-01,2025-12-05,5,5,spec_four_way,self,0.2552,0.0885,0.2798,0.2043,0.0555,0.1465,0.3639,true,0.8210
g22,general,2025-12-08,2025-12-12,5,5,five_way,baseline,0.3700,0.2410,0.5943,0.3691,0.1006,0.1728,0.5671,true,0.5880
g22,general,2025-12-08,2025-12-12,5,5,five_way,human,0.0133,0.0066,0.0423,0.0176,0.0086,0.0000,0.0302,true,0.3550
g22,general,2025-12-08,2025-12-12,5,5,five_way,system,0.0000,0.0000,0.0000,0.0000,0.0000,0.0000,0.0000,true,0.0000
g22,general,2025-12-08,2025-12-12,5,5,five_way,other_agents,0.3158,0.2223,0.5326,0.3605,0.0781,0.1627,0.4688,true,0.3070
g22,general,2025-12-08,2025-12-12,5,5,five_way,self,0.3009,0.0786,0.3704,0.2528,0.0804,0.1434,0.4584,true,0.6530
g22,general,2025-12-08,2025-12-12,5,5,spec_four_way,baseline,0.3700,0.2410,0.5943,0.3691,0.1006,0.1728,0.5671,true,0.5880
g22,general,2025-12-08,2025-12-12,5,5,spec_four_way,exogenous,0.0133,0.0066,0.0423,0.0176,0.0086,0.0000,0.0302,true,0.3550
g22,general,2025-12-08,2025-12-12,5,5,spec_four_way,other_agents,0.3158,0.2223,0.5326,0.3605,0.0781,0.1627,0.4688,true,0.3070
g22,general,2025-12-08,2025-12-12,5,5,spec_four_way,self,0.3009,0.0786,0.3704,0.2528,0.0804,0.1434,0.4584,true,0.6530
g23,general,2025-12-15,2025-12-19,5,5,five_way,baseline,0.5779,0.4935,0.6640,0.5675,0.0438,0.4919,0.6638,true,0.6570
g23,general,2025-12-15,2025-12-19,5,5,five_way,human,0.0275,0.0009,0.0603,0.0235,0.0166,0.0000,0.0600,true,0.5600
g23,general,2025-12-15,2025-12-19,5,5,five_way,system,0.0000,0.0000,0.0000,0.0000,0.0000,0.0000,0.0000,true,0.0000
g23,general,2025-12-15,2025-12-19,5,5,five_way,other_agents,0.2534,0.2400,0.4325,0.3011,0.0469,0.1615,0.3453,true,0.1310
g23,general,2025-12-15,2025-12-19,5,5,five_way,self,0.1413,0.0109,0.1695,0.1080,0.0525,0.0384,0.2441,true,0.6190
g23,general,2025-12-15,2025-12-19,5,5,spec_four_way,baseline,0.5779,0.4935,0.6640,0.5675,0.0438,0.4919,0.6638,true,0.6570
g23,general,2025-12-15,2025-12-19,5,5,spec_four_way,exogenous,0.0275,0.0009,0.0603,0.0235,0.0166,0.0000,0.0600,true,0.5600
g23,general,2025-12-15,2025-12-19,5,5,spec_four_way,other_agents,0.2534,0.2400,0.4325,0.3011,0.0469,0.1615,0.3453,true,0.1310
g23,general,2025-12-15,2025-12-19,5,5,spec_four_way,self,0.1413,0.0109,0.1695,0.1080,0.0525,0.0384,0.2441,true,0.6190
g24-25,general,2025-12-22,2026-01-02,10,10,five_way,baseline,0.3184,0.2744,0.4346,0.3407,0.0431,0.2339,0.4029,true,0.3400
g24-25,general,2025-12-22,2026-01-02,10,10,five_way,human,0.0099,0.0036,0.0210,0.0107,0.0046,0.0009,0.0189,true,0.4610
g24-25,general,2025-12-22,2026-01-02,10,10,five_way,system,0.0000,0.0000,0.0000,0.0000,0.0000,0.0000,0.0000,true,0.0000
g24-25,general,2025-12-22,2026-01-02,10,10,five_way,other_agents,0.2684,0.2445,0.3767,0.3012,0.0354,0.1990,0.3378,true,0.1790
g24-25,general,2025-12-22,2026-01-02,10,10,five_way,self,0.4033,0.2066,0.4333,0.3474,0.0572,0.2912,0.5154,true,0.8370
g24-25,general,2025-12-22,2026-01-02,10,10,spec_four_way,baseline,0.3184,0.2744,0.4346,0.3407,0.0431,0.2339,0.4029,true,0.3400
g24-25,general,2025-12-22,2026-01-02,10,10,spec_four_way,exogenous,0.0099,0.0036,0.0210,0.0107,0.0046,0.0009,0.0189,true,0.4610
g24-25,general,2025-12-22,2026-01-02,10,10,spec_four_way,other_agents,0.2684,0.2445,0.3767,0.3012,0.0354,0.1990,0.3378,true,0.1790
g24-25,general,2025-12-22,2026-01-02,10,10,spec_four_way,self,0.4033,0.2066,0.4333,0.3474,0.0572,0.2912,0.5154,true,0.8370
g26,general,2026-01-05,2026-01-09,5,5,five_way,baseline,0.3976,0.3498,0.4865,0.4002,0.0335,0.3320,0.4633,true,0.5720
g26,general,2026-01-05,2026-01-09,5,5,five_way,human,0.0060,0.0000,0.0199,0.0076,0.0045,0.0000,0.0148,true,0.3930
g26,general,2026-01-05,2026-01-09,5,5,five_way,system,0.0000,0.0000,0.0000,0.0000,0.0000,0.0000,0.0000,true,0.0000
g26,general,2026-01-05,2026-01-09,5,5,five_way,other_agents,0.4244,0.3955,0.5421,0.4574,0.0386,0.3487,0.5002,true,0.1960
g26,general,2026-01-05,2026-01-09,5,5,five_way,self,0.1719,0.0097,0.2185,0.1347,0.0557,0.0628,0.2811,true,0.7040
g26,general,2026-01-05,2026-01-09,5,5,spec_four_way,baseline,0.3976,0.3498,0.4865,0.4002,0.0335,0.3320,0.4633,true,0.5720
g26,general,2026-01-05,2026-01-09,5,5,spec_four_way,exogenous,0.0060,0.0000,0.0199,0.0076,0.0045,0.0000,0.0148,true,0.3930
g26,general,2026-01-05,2026-01-09,5,5,spec_four_way,other_agents,0.4244,0.3955,0.5421,0.4574,0.0386,0.3487,0.5002,true,0.1960
g26,general,2026-01-05,2026-01-09,5,5,spec_four_way,self,0.1719,0.0097,0.2185,0.1347,0.0557,0.0628,0.2811,true,0.7040
g27,general,2026-01-12,2026-01-23,10,10,five_way,baseline,0.5373,0.3514,0.6057,0.5030,0.0608,0.4182,0.6564,true,0.7390
g27,general,2026-01-12,2026-01-23,10,10,five_way,human,0.0062,0.0026,0.0503,0.0139,0.0134,0.0000,0.0324,true,0.2790
g27,general,2026-01-12,2026-01-23,10,10,five_way,system,0.0000,0.0000,0.0000,0.0000,0.0000,0.0000,0.0000,true,0.0000
g27,general,2026-01-12,2026-01-23,10,10,five_way,other_agents,0.1701,0.1521,0.5039,0.2376,0.0895,0.0000,0.3455,true,0.1290
g27,general,2026-01-12,2026-01-23,10,10,five_way,self,0.2865,0.1076,0.3181,0.2455,0.0548,0.1790,0.3940,true,0.7710
g27,general,2026-01-12,2026-01-23,10,10,spec_four_way,baseline,0.5373,0.3514,0.6057,0.5030,0.0608,0.4182,0.6564,true,0.7390
g27,general,2026-01-12,2026-01-23,10,10,spec_four_way,exogenous,0.0062,0.0026,0.0503,0.0139,0.0134,0.0000,0.0324,true,0.2790
g27,general,2026-01-12,2026-01-23,10,10,spec_four_way,other_agents,0.1701,0.1521,0.5039,0.2376,0.0895,0.0000,0.3455,true,0.1290
g27,general,2026-01-12,2026-01-23,10,10,spec_four_way,self,0.2865,0.1076,0.3181,0.2455,0.0548,0.1790,0.3940,true,0.7710
g28,general,2026-01-26,2026-01-30,5,5,five_way,baseline,0.4505,0.3414,0.5685,0.4547,0.0529,0.3469,0.5542,true,0.4010
g28,general,2026-01-26,2026-01-30,5,5,five_way,human,0.0092,0.0055,0.0522,0.0201,0.0136,0.0000,0.0359,true,0.2020
g28,general,2026-01-26,2026-01-30,5,5,five_way,system,0.0000,0.0000,0.0000,0.0000,0.0000,0.0000,0.0000,true,0.0000
g28,general,2026-01-26,2026-01-30,5,5,five_way,other_agents,0.2533,0.2492,0.3710,0.2887,0.0310,0.1927,0.3140,true,0.0940
g28,general,2026-01-26,2026-01-30,5,5,five_way,self,0.2870,0.1035,0.3713,0.2366,0.0613,0.1667,0.4072,true,0.7810
g28,general,2026-01-26,2026-01-30,5,5,spec_four_way,baseline,0.4505,0.3414,0.5685,0.4547,0.0529,0.3469,0.5542,true,0.4010
g28,general,2026-01-26,2026-01-30,5,5,spec_four_way,exogenous,0.0092,0.0055,0.0522,0.0201,0.0136,0.0000,0.0359,true,0.2020
g28,general,2026-01-26,2026-01-30,5,5,spec_four_way,other_agents,0.2533,0.2492,0.3710,0.2887,0.0310,0.1927,0.3140,true,0.0940
g28,general,2026-01-26,2026-01-30,5,5,spec_four_way,self,0.2870,0.1035,0.3713,0.2366,0.0613,0.1667,0.4072,true,0.7810
g29,general,2026-02-02,2026-02-06,5,5,five_way,baseline,0.6103,0.4275,0.6306,0.5567,0.0515,0.5094,0.7113,true,0.8910
g29,general,2026-02-02,2026-02-06,5,5,five_way,human,0.0127,0.0055,0.0891,0.0250,0.0220,0.0000,0.0557,true,0.3490
g29,general,2026-02-02,2026-02-06,5,5,five_way,system,0.0000,0.0000,0.0000,0.0000,0.0000,0.0000,0.0000,true,0.0000
g29,general,2026-02-02,2026-02-06,5,5,five_way,other_agents,0.3611,0.3275,0.5334,0.3966,0.0503,0.2626,0.4596,true,0.2770
g29,general,2026-02-02,2026-02-06,5,5,five_way,self,0.0158,0.0013,0.0668,0.0216,0.0154,0.0000,0.0460,true,0.4320
g29,general,2026-02-02,2026-02-06,5,5,spec_four_way,baseline,0.6103,0.4275,0.6306,0.5567,0.0515,0.5094,0.7113,true,0.8910
g29,general,2026-02-02,2026-02-06,5,5,spec_four_way,exogenous,0.0127,0.0055,0.0891,0.0250,0.0220,0.0000,0.0557,true,0.3490
g29,general,2026-02-02,2026-02-06,5,5,spec_four_way,other_agents,0.3611,0.3275,0.5334,0.3966,0.0503,0.2626,0.4596,true,0.2770
g29,general,2026-02-02,2026-02-06,5,5,spec_four_way,self,0.0158,0.0013,0.0668,0.0216,0.0154,0.0000,0.0460,true,0.4320
g30,general,2026-02-09,2026-02-13,5,5,five_way,baseline,0.5592,0.4370,0.6281,0.5502,0.0499,0.4614,0.6571,true,0.6150
g30,general,2026-02-09,2026-02-13,5,5,five_way,human,0.0093,0.0066,0.0368,0.0114,0.0066,0.0000,0.0223,true,0.3500
g30,general,2026-02-09,2026-02-13,5,5,five_way,system,0.0071,0.0000,0.0216,0.0081,0.0071,0.0000,0.0211,true,0.3730
g30,general,2026-02-09,2026-02-13,5,5,five_way,other_agents,0.3057,0.3057,0.4666,0.3584,0.0409,0.2256,0.3859,false,0.0200
g30,general,2026-02-09,2026-02-13,5,5,five_way,self,0.1185,0.0228,0.1196,0.0718,0.0318,0.0562,0.1809,true,0.9390
g30,general,2026-02-09,2026-02-13,5,5,spec_four_way,baseline,0.5592,0.4370,0.6281,0.5502,0.0499,0.4614,0.6571,true,0.6150
g30,general,2026-02-09,2026-02-13,5,5,spec_four_way,exogenous,0.0165,0.0066,0.0466,0.0195,0.0110,0.0000,0.0380,true,0.3800
g30,general,2026-02-09,2026-02-13,5,5,spec_four_way,other_agents,0.3057,0.3057,0.4666,0.3584,0.0409,0.2256,0.3859,false,0.0200
g30,general,2026-02-09,2026-02-13,5,5,spec_four_way,self,0.1185,0.0228,0.1196,0.0718,0.0318,0.0562,0.1809,true,0.9390
g31,general,2026-02-16,2026-02-20,5,5,five_way,baseline,0.5340,0.4456,0.6269,0.5192,0.0451,0.4457,0.6224,true,0.6570
g31,general,2026-02-16,2026-02-20,5,5,five_way,human,0.0074,0.0000,0.0188,0.0080,0.0047,0.0000,0.0165,true,0.4510
g31,general,2026-02-16,2026-02-20,5,5,five_way,system,0.0436,0.0071,0.0890,0.0401,0.0238,0.0000,0.0904,true,0.5730
g31,general,2026-02-16,2026-02-20,5,5,five_way,other_agents,0.2569,0.2452,0.4455,0.3209,0.0487,0.1616,0.3523,true,0.0720
g31,general,2026-02-16,2026-02-20,5,5,five_way,self,0.1580,0.0194,0.1917,0.1117,0.0538,0.0525,0.2634,true,0.7700
g31,general,2026-02-16,2026-02-20,5,5,spec_four_way,baseline,0.5340,0.4456,0.6269,0.5192,0.0451,0.4457,0.6224,true,0.6570
g31,general,2026-02-16,2026-02-20,5,5,spec_four_way,exogenous,0.0511,0.0086,0.1048,0.0482,0.0276,0.0000,0.1051,true,0.5660
g31,general,2026-02-16,2026-02-20,5,5,spec_four_way,other_agents,0.2569,0.2452,0.4455,0.3209,0.0487,0.1616,0.3523,true,0.0720
g31,general,2026-02-16,2026-02-20,5,5,spec_four_way,self,0.1580,0.0194,0.1917,0.1117,0.0538,0.0525,0.2634,true,0.7700
g32,general,2026-02-23,2026-02-27,5,5,five_way,baseline,0.4853,0.3686,0.6029,0.4884,0.0625,0.3627,0.6078,true,0.5230
g32,general,2026-02-23,2026-02-27,5,5,five_way,human,0.0160,0.0039,0.0869,0.0237,0.0198,0.0000,0.0547,true,0.4180
g32,general,2026-02-23,2026-02-27,5,5,five_way,system,0.0090,0.0063,0.0892,0.0275,0.0247,0.0000,0.0574,true,0.1910
g32,general,2026-02-23,2026-02-27,5,5,five_way,other_agents,0.3489,0.2552,0.5228,0.3403,0.0601,0.2312,0.4667,true,0.6240
g32,general,2026-02-23,2026-02-27,5,5,five_way,self,0.1408,0.0271,0.2058,0.1200,0.0480,0.0466,0.2350,true,0.6840
g32,general,2026-02-23,2026-02-27,5,5,spec_four_way,baseline,0.4853,0.3686,0.6029,0.4884,0.0625,0.3627,0.6078,true,0.5230
g32,general,2026-02-23,2026-02-27,5,5,spec_four_way,exogenous,0.0250,0.0199,0.1166,0.0512,0.0285,0.0000,0.0808,true,0.0870
g32,general,2026-02-23,2026-02-27,5,5,spec_four_way,other_agents,0.3489,0.2552,0.5228,0.3403,0.0601,0.2312,0.4667,true,0.6240
g32,general,2026-02-23,2026-02-27,5,5,spec_four_way,self,0.1408,0.0271,0.2058,0.1200,0.0480,0.0466,0.2350,true,0.6840
g33-34,general,2026-03-02,2026-03-13,10,10,five_way,baseline,0.2337,0.2257,0.4523,0.3239,0.0625,0.1111,0.3563,true,0.0400
g33-34,general,2026-03-02,2026-03-13,10,10,five_way,human,0.0121,0.0023,0.0361,0.0144,0.0094,0.0000,0.0305,true,0.4740
g33-34,general,2026-03-02,2026-03-13,10,10,five_way,system,0.0052,0.0040,0.0317,0.0087,0.0074,0.0000,0.0197,true,0.1320
g33-34,general,2026-03-02,2026-03-13,10,10,five_way,other_agents,0.2606,0.2563,0.3929,0.2987,0.0361,0.1898,0.3313,true,0.0480
g33-34,general,2026-03-02,2026-03-13,10,10,five_way,self,0.4884,0.0955,0.4924,0.3543,0.0886,0.3148,0.6620,true,0.9690
g33-34,general,2026-03-02,2026-03-13,10,10,spec_four_way,baseline,0.2337,0.2257,0.4523,0.3239,0.0625,0.1111,0.3563,true,0.0400
g33-34,general,2026-03-02,2026-03-13,10,10,spec_four_way,exogenous,0.0173,0.0092,0.0574,0.0231,0.0130,0.0000,0.0427,true,0.3880
g33-34,general,2026-03-02,2026-03-13,10,10,spec_four_way,other_agents,0.2606,0.2563,0.3929,0.2987,0.0361,0.1898,0.3313,true,0.0480
g33-34,general,2026-03-02,2026-03-13,10,10,spec_four_way,self,0.4884,0.0955,0.4924,0.3543,0.0886,0.3148,0.6620,true,0.9690
g35-39,best,2026-03-16,2026-05-01,35,35,five_way,baseline,0.1592,0.1206,0.2567,0.1755,0.0329,0.0946,0.2237,true,0.3320
g35-39,best,2026-03-16,2026-05-01,35,35,five_way,human,0.0138,0.0084,0.0254,0.0151,0.0046,0.0049,0.0228,true,0.4450
g35-39,best,2026-03-16,2026-05-01,35,35,five_way,system,0.0133,0.0041,0.0360,0.0172,0.0081,0.0000,0.0292,true,0.3340
g35-39,best,2026-03-16,2026-05-01,35,35,five_way,other_agents,0.1978,0.1495,0.2775,0.2053,0.0323,0.1346,0.2611,true,0.4540
g35-39,best,2026-03-16,2026-05-01,35,35,five_way,self,0.6159,0.5171,0.6415,0.5869,0.0318,0.5536,0.6782,true,0.8310
g35-39,best,2026-03-16,2026-05-01,35,35,spec_four_way,baseline,0.1592,0.1206,0.2567,0.1755,0.0329,0.0946,0.2237,true,0.3320
g35-39,best,2026-03-16,2026-05-01,35,35,spec_four_way,exogenous,0.0271,0.0164,0.0555,0.0323,0.0097,0.0080,0.0462,true,0.3050
g35-39,best,2026-03-16,2026-05-01,35,35,spec_four_way,other_agents,0.1978,0.1495,0.2775,0.2053,0.0323,0.1346,0.2611,true,0.4540
g35-39,best,2026-03-16,2026-05-01,35,35,spec_four_way,self,0.6159,0.5171,0.6415,0.5869,0.0318,0.5536,0.6782,true,0.8310
g35,rest,2026-03-16,2026-03-20,5,5,five_way,baseline,0.5697,0.2590,0.6526,0.5473,0.0976,0.3784,0.7610,true,0.4380
g35,rest,2026-03-16,2026-03-20,5,5,five_way,human,0.0099,0.0053,0.0384,0.0158,0.0099,0.0000,0.0292,true,0.3030
g35,rest,2026-03-16,2026-03-20,5,5,five_way,system,0.0051,0.0032,0.0427,0.0110,0.0096,0.0000,0.0239,true,0.2210
g35,rest,2026-03-16,2026-03-20,5,5,five_way,other_agents,0.2725,0.2536,0.6546,0.3351,0.1090,0.0588,0.4862,true,0.2410
g35,rest,2026-03-16,2026-03-20,5,5,five_way,self,0.1428,0.0152,0.1447,0.0908,0.0341,0.0759,0.2097,true,0.9520
g35,rest,2026-03-16,2026-03-20,5,5,spec_four_way,baseline,0.5697,0.2590,0.6526,0.5473,0.0976,0.3784,0.7610,true,0.4380
g35,rest,2026-03-16,2026-03-20,5,5,spec_four_way,exogenous,0.0150,0.0095,0.0584,0.0268,0.0142,0.0000,0.0428,true,0.1970
g35,rest,2026-03-16,2026-03-20,5,5,spec_four_way,other_agents,0.2725,0.2536,0.6546,0.3351,0.1090,0.0588,0.4862,true,0.2410
g35,rest,2026-03-16,2026-03-20,5,5,spec_four_way,self,0.1428,0.0152,0.1447,0.0908,0.0341,0.0759,0.2097,true,0.9520
g36-37,rest,2026-03-23,2026-04-01,8,8,five_way,baseline,0.2052,0.1696,0.4200,0.2707,0.0650,0.0778,0.3325,true,0.1470
g36-37,rest,2026-03-23,2026-04-01,8,8,five_way,human,0.0092,0.0052,0.0729,0.0234,0.0193,0.0000,0.0470,true,0.1970
g36-37,rest,2026-03-23,2026-04-01,8,8,five_way,system,0.0467,0.0158,0.0906,0.0469,0.0201,0.0073,0.0862,true,0.5530
g36-37,rest,2026-03-23,2026-04-01,8,8,five_way,other_agents,0.3042,0.2029,0.5123,0.3326,0.0801,0.1473,0.4612,true,0.4020
g36-37,rest,2026-03-23,2026-04-01,8,8,five_way,self,0.4347,0.1826,0.4403,0.3264,0.0679,0.3016,0.5678,true,0.9630
g36-37,rest,2026-03-23,2026-04-01,8,8,spec_four_way,baseline,0.2052,0.1696,0.4200,0.2707,0.0650,0.0778,0.3325,true,0.1470
g36-37,rest,2026-03-23,2026-04-01,8,8,spec_four_way,exogenous,0.0559,0.0288,0.1370,0.0703,0.0276,0.0019,0.1100,true,0.3270
g36-37,rest,2026-03-23,2026-04-01,8,8,spec_four_way,other_agents,0.3042,0.2029,0.5123,0.3326,0.0801,0.1473,0.4612,true,0.4020
g36-37,rest,2026-03-23,2026-04-01,8,8,spec_four_way,self,0.4347,0.1826,0.4403,0.3264,0.0679,0.3016,0.5678,true,0.9630
g38-39,rest,2026-04-02,2026-05-01,22,22,five_way,baseline,0.2558,0.2160,0.3956,0.2848,0.0448,0.1681,0.3435,true,0.2710
g38-39,rest,2026-04-02,2026-05-01,22,22,five_way,human,0.0039,0.0023,0.0274,0.0090,0.0066,0.0000,0.0169,true,0.1470
g38-39,rest,2026-04-02,2026-05-01,22,22,five_way,system,0.0202,0.0056,0.0506,0.0218,0.0114,0.0000,0.0425,true,0.5030
g38-39,rest,2026-04-02,2026-05-01,22,22,five_way,other_agents,0.1345,0.1155,0.1997,0.1520,0.0214,0.0926,0.1763,true,0.2070
g38-39,rest,2026-04-02,2026-05-01,22,22,five_way,self,0.5856,0.3937,0.6192,0.5324,0.0591,0.4697,0.7015,true,0.8260
g38-39,rest,2026-04-02,2026-05-01,22,22,spec_four_way,baseline,0.2558,0.2160,0.3956,0.2848,0.0448,0.1681,0.3435,true,0.2710
g38-39,rest,2026-04-02,2026-05-01,22,22,spec_four_way,exogenous,0.0241,0.0117,0.0643,0.0308,0.0134,0.0000,0.0503,true,0.3610
g38-39,rest,2026-04-02,2026-05-01,22,22,spec_four_way,other_agents,0.1345,0.1155,0.1997,0.1520,0.0214,0.0926,0.1763,true,0.2070
g38-39,rest,2026-04-02,2026-05-01,22,22,spec_four_way,self,0.5856,0.3937,0.6192,0.5324,0.0591,0.4697,0.7015,true,0.8260
g40,universe-coordination,2026-05-04,2026-05-08,5,5,five_way,baseline,0.3584,0.2574,0.7086,0.4351,0.1098,0.1431,0.5736,true,0.2430
g40,universe-coordination,2026-05-04,2026-05-08,5,5,five_way,human,0.0083,0.0000,0.0299,0.0103,0.0110,0.0000,0.0299,true,0.4500
g40,universe-coordination,2026-05-04,2026-05-08,5,5,five_way,system,0.0031,0.0019,0.0426,0.0143,0.0110,0.0000,0.0247,true,0.1050
g40,universe-coordination,2026-05-04,2026-05-08,5,5,five_way,other_agents,0.3882,0.1528,0.6021,0.3568,0.1441,0.1058,0.6706,true,0.5390
g40,universe-coordination,2026-05-04,2026-05-08,5,5,five_way,self,0.2420,0.0366,0.3848,0.1835,0.0939,0.0580,0.4260,true,0.7490
g40,universe-coordination,2026-05-04,2026-05-08,5,5,spec_four_way,baseline,0.3584,0.2574,0.7086,0.4351,0.1098,0.1431,0.5736,true,0.2430
g40,universe-coordination,2026-05-04,2026-05-08,5,5,spec_four_way,exogenous,0.0114,0.0028,0.0723,0.0246,0.0188,0.0000,0.0483,true,0.2850
g40,universe-coordination,2026-05-04,2026-05-08,5,5,spec_four_way,other_agents,0.3882,0.1528,0.6021,0.3568,0.1441,0.1058,0.6706,true,0.5390
g40,universe-coordination,2026-05-04,2026-05-08,5,5,spec_four_way,self,0.2420,0.0366,0.3848,0.1835,0.0939,0.0580,0.4260,true,0.7490
g41-44,best,2026-05-11,2026-05-29,15,15,five_way,baseline,0.2735,0.2495,0.4626,0.3236,0.0531,0.1694,0.3776,true,0.1530
g41-44,best,2026-05-11,2026-05-29,15,15,five_way,human,0.0394,0.0187,0.0786,0.0429,0.0155,0.0091,0.0698,true,0.4560
g41-44,best,2026-05-11,2026-05-29,15,15,five_way,system,0.0044,0.0013,0.0503,0.0141,0.0121,0.0000,0.0281,true,0.1440
g41-44,best,2026-05-11,2026-05-29,15,15,five_way,other_agents,0.3679,0.2570,0.6159,0.3977,0.0880,0.1955,0.5403,true,0.3980
g41-44,best,2026-05-11,2026-05-29,15,15,five_way,self,0.3149,0.0116,0.3646,0.2217,0.1102,0.0989,0.5308,true,0.8150
g41-44,best,2026-05-11,2026-05-29,15,15,spec_four_way,baseline,0.2735,0.2495,0.4626,0.3236,0.0531,0.1694,0.3776,true,0.1530
g41-44,best,2026-05-11,2026-05-29,15,15,spec_four_way,exogenous,0.0438,0.0258,0.1078,0.0570,0.0212,0.0023,0.0853,true,0.2820
g41-44,best,2026-05-11,2026-05-29,15,15,spec_four_way,other_agents,0.3679,0.2570,0.6159,0.3977,0.0880,0.1955,0.5403,true,0.3980
g41-44,best,2026-05-11,2026-05-29,15,15,spec_four_way,self,0.3149,0.0116,0.3646,0.2217,0.1102,0.0989,0.5308,true,0.8150
g41-43,rest,2026-05-11,2026-05-25,11,11,five_way,baseline,0.2677,0.2105,0.4151,0.2948,0.0536,0.1627,0.3727,true,0.3430
g41-43,rest,2026-05-11,2026-05-25,11,11,five_way,human,0.0142,0.0051,0.0588,0.0225,0.0151,0.0000,0.0438,true,0.4110
g41-43,rest,2026-05-11,2026-05-25,11,11,five_way,system,0.0058,0.0023,0.0441,0.0135,0.0109,0.0000,0.0273,true,0.2100
g41-43,rest,2026-05-11,2026-05-25,11,11,five_way,other_agents,0.2372,0.1808,0.3646,0.2664,0.0469,0.1454,0.3291,true,0.2720
g41-43,rest,2026-05-11,2026-05-25,11,11,five_way,self,0.4751,0.2326,0.5180,0.4028,0.0804,0.3175,0.6327,true,0.8140
g41-43,rest,2026-05-11,2026-05-25,11,11,spec_four_way,baseline,0.2677,0.2105,0.4151,0.2948,0.0536,0.1627,0.3727,true,0.3430
g41-43,rest,2026-05-11,2026-05-25,11,11,spec_four_way,exogenous,0.0200,0.0119,0.0827,0.0360,0.0191,0.0000,0.0574,true,0.2410
g41-43,rest,2026-05-11,2026-05-25,11,11,spec_four_way,other_agents,0.2372,0.1808,0.3646,0.2664,0.0469,0.1454,0.3291,true,0.2720
g41-43,rest,2026-05-11,2026-05-25,11,11,spec_four_way,self,0.4751,0.2326,0.5180,0.4028,0.0804,0.3175,0.6327,true,0.8140
g44-45,rest,2026-05-26,2026-06-05,9,9,five_way,baseline,0.2785,0.2280,0.4374,0.3148,0.0519,0.1767,0.3803,true,0.2420
g44-45,rest,2026-05-26,2026-06-05,9,9,five_way,human,0.0154,0.0046,0.0559,0.0230,0.0135,0.0000,0.0419,true,0.3240
g44-45,rest,2026-05-26,2026-06-05,9,9,five_way,system,0.0061,0.0046,0.0517,0.0169,0.0157,0.0000,0.0370,true,0.2410
g44-45,rest,2026-05-26,2026-06-05,9,9,five_way,other_agents,0.2086,0.2046,0.2927,0.2362,0.0259,0.1579,0.2593,true,0.0640
g44-45,rest,2026-05-26,2026-06-05,9,9,five_way,self,0.4914,0.2405,0.4926,0.4090,0.0656,0.3627,0.6201,true,0.9650
g44-45,rest,2026-05-26,2026-06-05,9,9,spec_four_way,baseline,0.2785,0.2280,0.4374,0.3148,0.0519,0.1767,0.3803,true,0.2420
g44-45,rest,2026-05-26,2026-06-05,9,9,spec_four_way,exogenous,0.0215,0.0116,0.0916,0.0399,0.0227,0.0000,0.0659,true,0.2200
g44-45,rest,2026-05-26,2026-06-05,9,9,spec_four_way,other_agents,0.2086,0.2046,0.2927,0.2362,0.0259,0.1579,0.2593,true,0.0640
g44-45,rest,2026-05-26,2026-06-05,9,9,spec_four_way,self,0.4914,0.2405,0.4926,0.4090,0.0656,0.3627,0.6201,true,0.9650
g45-47,best,2026-06-01,2026-06-19,16,16,five_way,baseline,0.1360,0.0994,0.2653,0.1625,0.0430,0.0517,0.2203,true,0.2970
g45-47,best,2026-06-01,2026-06-19,16,16,five_way,human,0.1322,0.0511,0.2219,0.1330,0.0443,0.0454,0.2190,true,0.5090
g45-47,best,2026-06-01,2026-06-19,16,16,five_way,system,0.0201,0.0066,0.0758,0.0277,0.0196,0.0000,0.0585,true,0.4890
g45-47,best,2026-06-01,2026-06-19,16,16,five_way,other_agents,0.4734,0.3288,0.6424,0.4715,0.0781,0.3202,0.6265,true,0.5500
g45-47,best,2026-06-01,2026-06-19,16,16,five_way,self,0.2384,0.0536,0.3410,0.2054,0.0802,0.0812,0.3956,true,0.6120
g45-47,best,2026-06-01,2026-06-19,16,16,spec_four_way,baseline,0.1360,0.0994,0.2653,0.1625,0.0430,0.0517,0.2203,true,0.2970
g45-47,best,2026-06-01,2026-06-19,16,16,spec_four_way,exogenous,0.1523,0.0791,0.2676,0.1606,0.0478,0.0586,0.2459,true,0.4510
g45-47,best,2026-06-01,2026-06-19,16,16,spec_four_way,other_agents,0.4734,0.3288,0.6424,0.4715,0.0781,0.3202,0.6265,true,0.5500
g45-47,best,2026-06-01,2026-06-19,16,16,spec_four_way,self,0.2384,0.0536,0.3410,0.2054,0.0802,0.0812,0.3956,true,0.6120
g46-47,rest,2026-06-08,2026-06-19,11,11,five_way,baseline,0.1195,0.1135,0.2031,0.1487,0.0234,0.0737,0.1654,true,0.0540
g46-47,rest,2026-06-08,2026-06-19,11,11,five_way,human,0.0071,0.0031,0.0267,0.0098,0.0063,0.0000,0.0194,true,0.3760
g46-47,rest,2026-06-08,2026-06-19,11,11,five_way,system,0.0056,0.0015,0.0171,0.0064,0.0044,0.0000,0.0143,true,0.5530
g46-47,rest,2026-06-08,2026-06-19,11,11,five_way,other_agents,0.1686,0.1551,0.2843,0.1945,0.0322,0.1055,0.2316,true,0.1690
g46-47,rest,2026-06-08,2026-06-19,11,11,five_way,self,0.6991,0.5309,0.6915,0.6406,0.0402,0.6204,0.7779,false,0.9960
g46-47,rest,2026-06-08,2026-06-19,11,11,spec_four_way,baseline,0.1195,0.1135,0.2031,0.1487,0.0234,0.0737,0.1654,true,0.0540
g46-47,rest,2026-06-08,2026-06-19,11,11,spec_four_way,exogenous,0.0128,0.0069,0.0381,0.0162,0.0079,0.0000,0.0282,true,0.3910
g46-47,rest,2026-06-08,2026-06-19,11,11,spec_four_way,other_agents,0.1686,0.1551,0.2843,0.1945,0.0322,0.1055,0.2316,true,0.1690
g46-47,rest,2026-06-08,2026-06-19,11,11,spec_four_way,self,0.6991,0.5309,0.6915,0.6406,0.0402,0.6204,0.7779,false,0.9960
g48-49,general,2026-06-22,2026-06-26,5,5,five_way,baseline,0.1714,0.1204,0.3751,0.2178,0.0696,0.0349,0.3079,true,0.2810
g48-49,general,2026-06-22,2026-06-26,5,5,five_way,human,0.0109,0.0089,0.0623,0.0219,0.0130,0.0000,0.0365,true,0.1000
g48-49,general,2026-06-22,2026-06-26,5,5,five_way,system,0.0059,0.0031,0.0277,0.0111,0.0065,0.0000,0.0186,true,0.1710
g48-49,general,2026-06-22,2026-06-26,5,5,five_way,other_agents,0.2908,0.2163,0.3927,0.2980,0.0468,0.1991,0.3825,true,0.4560
g48-49,general,2026-06-22,2026-06-26,5,5,five_way,self,0.5209,0.2692,0.5417,0.4513,0.0732,0.3775,0.6644,true,0.8660
g48-49,general,2026-06-22,2026-06-26,5,5,spec_four_way,baseline,0.1714,0.1204,0.3751,0.2178,0.0696,0.0349,0.3079,true,0.2810
g48-49,general,2026-06-22,2026-06-26,5,5,spec_four_way,exogenous,0.0168,0.0145,0.0684,0.0330,0.0144,0.0000,0.0451,true,0.0770
g48-49,general,2026-06-22,2026-06-26,5,5,spec_four_way,other_agents,0.2908,0.2163,0.3927,0.2980,0.0468,0.1991,0.3825,true,0.4560
g48-49,general,2026-06-22,2026-06-26,5,5,spec_four_way,self,0.5209,0.2692,0.5417,0.4513,0.0732,0.3775,0.6644,true,0.8660
g50,best,2026-06-29,2026-07-03,5,5,five_way,baseline,0.1274,0.1166,0.3938,0.2078,0.0850,0.0000,0.2940,true,0.1100
g50,best,2026-06-29,2026-07-03,5,5,five_way,human,0.0139,0.0051,0.0682,0.0247,0.0164,0.0000,0.0460,true,0.3100
g50,best,2026-06-29,2026-07-03,5,5,five_way,system,0.0137,0.0039,0.0751,0.0221,0.0215,0.0000,0.0559,true,0.6130
g50,best,2026-06-29,2026-07-03,5,5,five_way,other_agents,0.3881,0.2941,0.5843,0.3940,0.0686,0.2536,0.5225,true,0.4560
g50,best,2026-06-29,2026-07-03,5,5,five_way,self,0.4569,0.0191,0.5349,0.3514,0.1505,0.1619,0.7518,true,0.7020
g50,best,2026-06-29,2026-07-03,5,5,spec_four_way,baseline,0.1274,0.1166,0.3938,0.2078,0.0850,0.0000,0.2940,true,0.1100
g50,best,2026-06-29,2026-07-03,5,5,spec_four_way,exogenous,0.0276,0.0111,0.1238,0.0468,0.0338,0.0000,0.0939,true,0.4180
g50,best,2026-06-29,2026-07-03,5,5,spec_four_way,other_agents,0.3881,0.2941,0.5843,0.3940,0.0686,0.2536,0.5225,true,0.4560
g50,best,2026-06-29,2026-07-03,5,5,spec_four_way,self,0.4569,0.0191,0.5349,0.3514,0.1505,0.1619,0.7518,true,0.7020
g50,rest,2026-06-29,2026-07-03,5,5,five_way,baseline,0.2268,0.2120,0.5588,0.2949,0.0783,0.0733,0.3802,true,0.0910
g50,rest,2026-06-29,2026-07-03,5,5,five_way,human,0.0172,0.0030,0.0568,0.0192,0.0154,0.0000,0.0475,true,0.5930
g50,rest,2026-06-29,2026-07-03,5,5,five_way,system,0.0066,0.0029,0.0208,0.0093,0.0047,0.0000,0.0158,true,0.3170
g50,rest,2026-06-29,2026-07-03,5,5,five_way,other_agents,0.1815,0.1723,0.2194,0.1904,0.0182,0.1458,0.2172,true,0.3650
g50,rest,2026-06-29,2026-07-03,5,5,five_way,self,0.5679,0.2091,0.5845,0.4861,0.0914,0.3887,0.7471,true,0.8560
g50,rest,2026-06-29,2026-07-03,5,5,spec_four_way,baseline,0.2268,0.2120,0.5588,0.2949,0.0783,0.0733,0.3802,true,0.0910
g50,rest,2026-06-29,2026-07-03,5,5,spec_four_way,exogenous,0.0238,0.0084,0.0673,0.0285,0.0149,0.0000,0.0529,true,0.4570
g50,rest,2026-06-29,2026-07-03,5,5,spec_four_way,other_agents,0.1815,0.1723,0.2194,0.1904,0.0182,0.1458,0.2172,true,0.3650
g50,rest,2026-06-29,2026-07-03,5,5,spec_four_way,self,0.5679,0.2091,0.5845,0.4861,0.0914,0.3887,0.7471,true,0.8560
g51,general,2026-07-06,2026-09-18,55,55,five_way,baseline,0.1309,0.1177,0.1519,0.1335,0.0087,0.1138,0.1480,true,0.3940
g51,general,2026-07-06,2026-09-18,55,55,five_way,human,0.0040,0.0025,0.0099,0.0049,0.0019,0.0003,0.0076,true,0.3360
g51,general,2026-07-06,2026-09-18,55,55,five_way,system,0.0276,0.0185,0.0413,0.0288,0.0060,0.0158,0.0395,true,0.4530
g51,general,2026-07-06,2026-09-18,55,55,five_way,other_agents,0.1744,0.1725,0.2063,0.1876,0.0087,0.1573,0.1915,true,0.0500
g51,general,2026-07-06,2026-09-18,55,55,five_way,self,0.6631,0.6213,0.6669,0.6453,0.0114,0.6407,0.6855,true,0.9490
g51,general,2026-07-06,2026-09-18,55,55,spec_four_way,baseline,0.1309,0.1177,0.1519,0.1335,0.0087,0.1138,0.1480,true,0.3940
g51,general,2026-07-06,2026-09-18,55,55,spec_four_way,exogenous,0.0316,0.0230,0.0468,0.0337,0.0065,0.0189,0.0444,true,0.4130
g51,general,2026-07-06,2026-09-18,55,55,spec_four_way,other_agents,0.1744,0.1725,0.2063,0.1876,0.0087,0.1573,0.1915,true,0.0500
g51,general,2026-07-06,2026-09-18,55,55,spec_four_way,self,0.6631,0.6213,0.6669,0.6453,0.0114,0.6407,0.6855,true,0.9490
