window_id,group,variant,refit,note,K,n_days,rho,d_rho,tied,agent_events,converged,n_violations,share_baseline,d_baseline,share_human,d_human,share_system,d_system,share_other_agents,d_other_agents,share_self,d_self,d4_max
g01,general,core,false,rho of N_AA over the 1 of 7 agents present on at least 80% of the realizations (main fit),1,30,0.5933,-0.3289,,,,,,,,,,,,,,,
g01,general,L1,true,"",7,30,0.8826,-0.0397,"",5308,true,0,0.1804,0.0027,0.0591,0.0005,0.0000,0.0000,0.2157,0.0011,0.5448,-0.0043,0.0043
g01,general,L6,true,"",7,30,0.9311,0.0089,"",5308,true,0,0.1777,-0.0000,0.0586,-0.0000,0.0000,0.0000,0.2145,0.0000,0.5491,0.0000,0.0000
g01,general,G15,true,"",7,32,0.9191,-0.0032,"",5308,true,0,0.1835,0.0057,0.0574,-0.0013,0.0000,0.0000,0.2125,-0.0020,0.5467,-0.0025,0.0057
g01,general,G60,false,same realizations as G = 30 min,7,30,0.9223,0.0000,"",5308,true,0,0.1777,0.0000,0.0586,0.0000,0.0000,0.0000,0.2145,0.0000,0.5491,0.0000,0.0000
g01,general,tie,true,"",7,30,0.9223,-0.0000,system,5308,true,0,0.1777,0.0000,0.0586,0.0000,0.0000,0.0000,0.2145,-0.0000,0.5491,0.0000,0.0000
g02-03,general,core,false,rho of N_AA over the 4 of 4 agents present on at least 80% of the realizations (main fit),4,5,0.8461,0.0000,,,,,,,,,,,,,,,
g02-03,general,L1,true,"",4,5,0.8575,0.0114,"",2187,true,0,0.1203,-0.0022,0.0288,-0.0071,0.0000,0.0000,0.1836,-0.0041,0.6672,0.0134,0.0134
g02-03,general,L6,true,"",4,5,0.8461,0.0000,"",2187,true,0,0.1226,0.0000,0.0359,0.0000,0.0000,0.0000,0.1877,0.0000,0.6538,-0.0000,0.0000
g02-03,general,G15,false,same realizations as G = 30 min,4,5,0.8461,0.0000,"",2187,true,0,0.1226,0.0000,0.0359,0.0000,0.0000,0.0000,0.1877,0.0000,0.6538,0.0000,0.0000
g02-03,general,G60,false,same realizations as G = 30 min,4,5,0.8461,0.0000,"",2187,true,0,0.1226,0.0000,0.0359,0.0000,0.0000,0.0000,0.1877,0.0000,0.6538,0.0000,0.0000
g02-03,general,tie,true,"",4,5,0.8461,0.0000,system,2187,true,0,0.1226,0.0000,0.0359,0.0000,0.0000,0.0000,0.1877,0.0000,0.6538,-0.0000,0.0000
g04,general,core,false,rho of N_AA over the 3 of 6 agents present on at least 80% of the realizations (main fit),3,26,0.8914,-0.0398,,,,,,,,,,,,,,,
g04,general,L1,true,"",6,26,0.9304,-0.0007,"",6544,true,0,0.2556,-0.0000,0.0799,0.0001,0.0000,0.0000,0.1385,0.0001,0.5261,-0.0002,0.0002
g04,general,L6,true,"",6,26,0.9311,0.0000,"",6544,true,0,0.2556,0.0000,0.0798,0.0000,0.0000,0.0000,0.1383,0.0000,0.5263,-0.0000,0.0000
g04,general,G15,true,"",6,28,0.9275,-0.0036,"",6544,true,0,0.2705,0.0150,0.0771,-0.0027,0.0000,0.0000,0.1306,-0.0077,0.5218,-0.0045,0.0150
g04,general,G60,false,same realizations as G = 30 min,6,26,0.9311,0.0000,"",6544,true,0,0.2556,0.0000,0.0798,0.0000,0.0000,0.0000,0.1383,0.0000,0.5263,0.0000,0.0000
g04,general,tie,true,"",6,26,0.9311,0.0000,system,6544,true,0,0.2556,0.0000,0.0798,0.0000,0.0000,0.0000,0.1383,0.0000,0.5263,-0.0000,0.0000
g05-07,general,core,false,rho of N_AA over the 4 of 4 agents present on at least 80% of the realizations (main fit),4,23,0.6175,0.0000,,,,,,,,,,,,,,,
g05-07,general,L1,true,"",4,23,0.6148,-0.0027,"",3727,true,0,0.5220,0.0044,0.0791,-0.0002,0.0000,0.0000,0.1393,-0.0001,0.2596,-0.0041,0.0044
g05-07,general,L6,true,"",4,23,0.6175,0.0000,"",3727,true,0,0.5176,-0.0000,0.0793,-0.0000,0.0000,0.0000,0.1394,0.0000,0.2636,0.0000,0.0000
g05-07,general,G15,false,same realizations as G = 30 min,4,23,0.6175,0.0000,"",3727,true,0,0.5176,0.0000,0.0793,0.0000,0.0000,0.0000,0.1394,0.0000,0.2636,0.0000,0.0000
g05-07,general,G60,false,same realizations as G = 30 min,4,23,0.6175,0.0000,"",3727,true,0,0.5176,0.0000,0.0793,0.0000,0.0000,0.0000,0.1394,0.0000,0.2636,0.0000,0.0000
g05-07,general,tie,true,"",4,23,0.6175,0.0000,system,3727,true,0,0.5176,-0.0000,0.0793,-0.0000,0.0000,0.0000,0.1394,0.0000,0.2636,0.0000,0.0000
g08,general,core,false,rho of N_AA over the 4 of 4 agents present on at least 80% of the realizations (main fit),4,18,1.0650,0.0000,,,,,,,,,,,,,,,
g08,general,L1,true,"",4,18,0.8699,-0.1951,"",3250,true,0,0.3734,0.0526,0.0265,-0.0127,0.0000,0.0000,0.0153,-0.0001,0.5848,-0.0398,0.0526
g08,general,L6,true,"",4,18,1.1082,0.0432,"",3250,true,0,0.3208,0.0000,0.0392,0.0000,0.0000,0.0000,0.0154,0.0000,0.6246,-0.0000,0.0000
g08,general,G15,false,same realizations as G = 30 min,4,18,1.0650,0.0000,"",3250,true,0,0.3208,0.0000,0.0392,0.0000,0.0000,0.0000,0.0154,0.0000,0.6246,0.0000,0.0000
g08,general,G60,false,same realizations as G = 30 min,4,18,1.0650,0.0000,"",3250,true,0,0.3208,0.0000,0.0392,0.0000,0.0000,0.0000,0.0154,0.0000,0.6246,0.0000,0.0000
g08,general,tie,true,"",4,18,1.0650,-0.0000,system,3250,true,0,0.3208,0.0000,0.0392,-0.0000,0.0000,0.0000,0.0154,-0.0000,0.6246,-0.0000,0.0000
g09,general,core,false,rho of N_AA over the 4 of 4 agents present on at least 80% of the realizations (main fit),4,3,0.5596,0.0000,,,,,,,,,,,,,,,
g09,general,L1,true,"",4,3,0.5595,-0.0001,"",871,true,0,0.4726,0.0011,0.0395,-0.0009,0.0000,0.0000,0.3589,-0.0002,0.1290,0.0000,0.0011
g09,general,L6,true,"",4,3,0.5596,0.0000,"",871,true,0,0.4716,0.0000,0.0404,-0.0000,0.0000,0.0000,0.3591,-0.0000,0.1289,0.0000,0.0000
g09,general,G15,false,same realizations as G = 30 min,4,3,0.5596,0.0000,"",871,true,0,0.4716,0.0000,0.0404,0.0000,0.0000,0.0000,0.3591,0.0000,0.1289,0.0000,0.0000
g09,general,G60,false,same realizations as G = 30 min,4,3,0.5596,0.0000,"",871,true,0,0.4716,0.0000,0.0404,0.0000,0.0000,0.0000,0.3591,0.0000,0.1289,0.0000,0.0000
g09,general,tie,true,"",4,3,0.5596,-0.0000,"human,system",871,true,0,0.4726,0.0011,0.0395,-0.0009,0.0000,0.0000,0.3589,-0.0002,0.1290,0.0000,0.0011
g10,general,core,false,rho of N_AA over the 7 of 7 agents present on at least 80% of the realizations (main fit),7,5,0.8747,0.0000,,,,,,,,,,,,,,,
g10,general,L1,true,"",7,5,0.8740,-0.0007,"",1255,true,0,0.2961,0.0024,0.0267,0.0002,0.0000,0.0000,0.5110,-0.0014,0.1662,-0.0013,0.0024
g10,general,L6,true,"",7,5,0.8751,0.0005,"",1255,true,0,0.2938,0.0001,0.0265,0.0000,0.0000,0.0000,0.5123,-0.0001,0.1674,-0.0000,0.0001
g10,general,G15,false,same realizations as G = 30 min,7,5,0.8747,0.0000,"",1255,true,0,0.2937,0.0000,0.0265,0.0000,0.0000,0.0000,0.5124,0.0000,0.1674,0.0000,0.0000
g10,general,G60,false,same realizations as G = 30 min,7,5,0.8747,0.0000,"",1255,true,0,0.2937,0.0000,0.0265,0.0000,0.0000,0.0000,0.5124,0.0000,0.1674,0.0000,0.0000
g10,general,tie,true,"",7,5,0.8727,-0.0020,"human,system",1255,true,0,0.3209,0.0272,0.0373,0.0109,0.0000,0.0000,0.4684,-0.0441,0.1734,0.0060,0.0441
g11,general,core,false,rho of N_AA over the 7 of 7 agents present on at least 80% of the realizations (main fit),7,5,0.8990,0.0000,,,,,,,,,,,,,,,
g11,general,L1,true,"",7,5,0.8978,-0.0012,"",2424,true,0,0.2430,0.0003,0.0207,-0.0000,0.0000,0.0000,0.2379,0.0002,0.4984,-0.0004,0.0004
g11,general,L6,true,"",7,5,0.8990,0.0000,"",2424,true,0,0.2427,-0.0000,0.0207,0.0000,0.0000,0.0000,0.2378,0.0000,0.4988,0.0000,0.0000
g11,general,G15,false,same realizations as G = 30 min,7,5,0.8990,0.0000,"",2424,true,0,0.2427,0.0000,0.0207,0.0000,0.0000,0.0000,0.2378,0.0000,0.4988,0.0000,0.0000
g11,general,G60,false,same realizations as G = 30 min,7,5,0.8990,0.0000,"",2424,true,0,0.2427,0.0000,0.0207,0.0000,0.0000,0.0000,0.2378,0.0000,0.4988,0.0000,0.0000
g11,general,tie,true,"",7,5,0.8990,-0.0000,system,2424,true,0,0.2427,0.0000,0.0207,-0.0000,0.0000,0.0000,0.2378,-0.0000,0.4988,-0.0000,0.0000
g12,general,core,false,rho of N_AA over the 7 of 7 agents present on at least 80% of the realizations (main fit),7,5,0.8554,0.0000,,,,,,,,,,,,,,,
g12,general,L1,true,"",7,5,0.8521,-0.0033,"",3619,true,0,0.2943,-0.0000,0.0277,0.0048,0.0000,0.0000,0.2709,0.0001,0.4071,-0.0049,0.0049
g12,general,L6,true,"",7,5,0.8554,0.0000,"",3619,true,0,0.2943,0.0000,0.0229,-0.0000,0.0000,0.0000,0.2708,0.0000,0.4119,0.0000,0.0000
g12,general,G15,false,same realizations as G = 30 min,7,5,0.8554,0.0000,"",3619,true,0,0.2943,0.0000,0.0229,0.0000,0.0000,0.0000,0.2708,0.0000,0.4119,0.0000,0.0000
g12,general,G60,false,same realizations as G = 30 min,7,5,0.8554,0.0000,"",3619,true,0,0.2943,0.0000,0.0229,0.0000,0.0000,0.0000,0.2708,0.0000,0.4119,0.0000,0.0000
g12,general,tie,true,"",7,5,0.8554,-0.0000,system,3619,true,0,0.2943,-0.0000,0.0229,0.0000,0.0000,0.0000,0.2708,-0.0000,0.4119,-0.0000,0.0000
g13,general,core,false,rho of N_AA over the 6 of 6 agents present on at least 80% of the realizations (main fit),6,10,0.8951,0.0000,,,,,,,,,,,,,,,
g13,general,L1,true,"",6,10,0.8914,-0.0037,"",4567,true,0,0.3994,0.0165,0.0281,-0.0115,0.0000,0.0000,0.2123,-0.0102,0.3602,0.0053,0.0165
g13,general,L6,true,"",6,10,0.8988,0.0037,"",4567,true,0,0.3829,0.0000,0.0396,-0.0000,0.0000,0.0000,0.2226,-0.0000,0.3549,0.0000,0.0000
g13,general,G15,false,same realizations as G = 30 min,6,10,0.8951,0.0000,"",4567,true,0,0.3829,0.0000,0.0396,0.0000,0.0000,0.0000,0.2226,0.0000,0.3549,0.0000,0.0000
g13,general,G60,false,same realizations as G = 30 min,6,10,0.8951,0.0000,"",4567,true,0,0.3829,0.0000,0.0396,0.0000,0.0000,0.0000,0.2226,0.0000,0.3549,0.0000,0.0000
g13,general,tie,true,"",6,10,0.8951,-0.0000,system,4567,true,0,0.3829,0.0000,0.0396,0.0000,0.0000,0.0000,0.2226,-0.0000,0.3549,-0.0000,0.0000
g14,general,core,false,rho of N_AA over the 6 of 6 agents present on at least 80% of the realizations (main fit),6,5,0.8907,0.0000,,,,,,,,,,,,,,,
g14,general,L1,true,"",6,5,0.8905,-0.0002,"",1868,true,0,0.4421,-0.0000,0.0041,-0.0000,0.0000,0.0000,0.0834,0.0000,0.4704,-0.0000,0.0000
g14,general,L6,true,"",6,5,0.8907,-0.0000,"",1868,true,0,0.4421,-0.0000,0.0041,0.0000,0.0000,0.0000,0.0834,0.0000,0.4704,-0.0000,0.0000
g14,general,G15,false,same realizations as G = 30 min,6,5,0.8907,0.0000,"",1868,true,0,0.4421,0.0000,0.0041,0.0000,0.0000,0.0000,0.0834,0.0000,0.4704,0.0000,0.0000
g14,general,G60,false,same realizations as G = 30 min,6,5,0.8907,0.0000,"",1868,true,0,0.4421,0.0000,0.0041,0.0000,0.0000,0.0000,0.0834,0.0000,0.4704,0.0000,0.0000
g14,general,tie,true,"",6,5,0.8907,-0.0000,"human,system",1868,true,0,0.4421,-0.0000,0.0041,0.0000,0.0000,0.0000,0.0834,0.0000,0.4704,-0.0000,0.0000
g15,general,core,false,rho of N_AA over the 7 of 7 agents present on at least 80% of the realizations (main fit),7,5,0.7866,0.0000,,,,,,,,,,,,,,,
g15,general,L1,true,"",7,5,0.7857,-0.0009,"",2992,true,0,0.3469,-0.0033,0.0090,0.0000,0.0000,0.0000,0.3520,0.0045,0.2920,-0.0012,0.0045
g15,general,L6,true,"",7,5,0.7867,0.0001,"",2992,true,0,0.3502,-0.0000,0.0090,0.0000,0.0000,0.0000,0.3476,0.0000,0.2932,0.0000,0.0000
g15,general,G15,false,same realizations as G = 30 min,7,5,0.7866,0.0000,"",2992,true,0,0.3502,0.0000,0.0090,0.0000,0.0000,0.0000,0.3476,0.0000,0.2932,0.0000,0.0000
g15,general,G60,false,same realizations as G = 30 min,7,5,0.7866,0.0000,"",2992,true,0,0.3502,0.0000,0.0090,0.0000,0.0000,0.0000,0.3476,0.0000,0.2932,0.0000,0.0000
g15,general,tie,true,"",7,5,0.7864,-0.0003,"human,system",2992,true,0,0.3542,0.0040,0.0090,-0.0000,0.0000,0.0000,0.3429,-0.0047,0.2939,0.0007,0.0047
g16,general,core,false,rho of N_AA over the 7 of 7 agents present on at least 80% of the realizations (main fit),7,5,0.8364,0.0000,,,,,,,,,,,,,,,
g16,general,L1,true,"",7,5,0.8352,-0.0012,"",1924,true,0,0.2930,0.0003,0.0210,0.0000,0.0000,0.0000,0.2255,-0.0000,0.4606,-0.0003,0.0003
g16,general,L6,true,"",7,5,0.8364,0.0000,"",1924,true,0,0.2927,-0.0000,0.0210,0.0000,0.0000,0.0000,0.2255,0.0000,0.4608,0.0000,0.0000
g16,general,G15,false,same realizations as G = 30 min,7,5,0.8364,0.0000,"",1924,true,0,0.2927,0.0000,0.0210,0.0000,0.0000,0.0000,0.2255,0.0000,0.4608,0.0000,0.0000
g16,general,G60,false,same realizations as G = 30 min,7,5,0.8364,0.0000,"",1924,true,0,0.2927,0.0000,0.0210,0.0000,0.0000,0.0000,0.2255,0.0000,0.4608,0.0000,0.0000
g16,general,tie,true,"",7,5,0.8364,-0.0000,"human,system",1924,true,0,0.2927,-0.0000,0.0210,-0.0000,0.0000,0.0000,0.2255,-0.0000,0.4608,0.0000,0.0000
g17,general,core,false,rho of N_AA over the 7 of 7 agents present on at least 80% of the realizations (main fit),7,5,0.8313,0.0000,,,,,,,,,,,,,,,
g17,general,L1,true,"",7,5,0.8304,-0.0009,"",1994,true,0,0.2119,0.0002,0.0070,-0.0000,0.0000,0.0000,0.3422,0.0001,0.4389,-0.0003,0.0003
g17,general,L6,true,"",7,5,0.8313,0.0000,"",1994,true,0,0.2117,-0.0000,0.0070,-0.0000,0.0000,0.0000,0.3421,-0.0000,0.4392,0.0000,0.0000
g17,general,G15,false,same realizations as G = 30 min,7,5,0.8313,0.0000,"",1994,true,0,0.2117,0.0000,0.0070,0.0000,0.0000,0.0000,0.3421,0.0000,0.4392,0.0000,0.0000
g17,general,G60,false,same realizations as G = 30 min,7,5,0.8313,0.0000,"",1994,true,0,0.2117,0.0000,0.0070,0.0000,0.0000,0.0000,0.3421,0.0000,0.4392,0.0000,0.0000
g17,general,tie,true,"",7,5,0.8313,0.0000,"human,system",1994,true,0,0.2117,-0.0000,0.0070,-0.0000,0.0000,0.0000,0.3421,-0.0000,0.4392,0.0000,0.0000
g18,general,core,false,rho of N_AA over the 7 of 8 agents present on at least 80% of the realizations (main fit),7,10,0.8742,-0.0101,,,,,,,,,,,,,,,
g18,general,L1,true,"",8,10,0.8835,-0.0009,"",7038,true,0,0.1638,0.0003,0.0086,0.0000,0.0000,0.0000,0.3986,0.0002,0.4290,-0.0005,0.0005
g18,general,L6,true,"",8,10,0.8844,-0.0000,"",7038,true,0,0.1635,-0.0000,0.0086,0.0000,0.0000,0.0000,0.3984,0.0000,0.4295,-0.0000,0.0000
g18,general,G15,false,same realizations as G = 30 min,8,10,0.8844,0.0000,"",7038,true,0,0.1635,0.0000,0.0086,0.0000,0.0000,0.0000,0.3984,0.0000,0.4295,0.0000,0.0000
g18,general,G60,false,same realizations as G = 30 min,8,10,0.8844,0.0000,"",7038,true,0,0.1635,0.0000,0.0086,0.0000,0.0000,0.0000,0.3984,0.0000,0.4295,0.0000,0.0000
g18,general,tie,true,"",8,10,0.8844,-0.0000,system,7038,true,0,0.1635,-0.0000,0.0086,0.0000,0.0000,0.0000,0.3984,0.0000,0.4295,0.0000,0.0000
g19,general,core,false,rho of N_AA over the 7 of 8 agents present on at least 80% of the realizations (main fit),7,10,0.8636,-0.0063,,,,,,,,,,,,,,,
g19,general,L1,true,"",8,10,0.8692,-0.0007,"",5358,true,0,0.1999,0.0004,0.0039,-0.0000,0.0000,0.0000,0.3379,0.0000,0.4582,-0.0004,0.0004
g19,general,L6,true,"",8,10,0.8699,0.0000,"",5358,true,0,0.1995,-0.0000,0.0039,0.0000,0.0000,0.0000,0.3379,0.0000,0.4587,0.0000,0.0000
g19,general,G15,false,same realizations as G = 30 min,8,10,0.8699,0.0000,"",5358,true,0,0.1995,0.0000,0.0039,0.0000,0.0000,0.0000,0.3379,0.0000,0.4587,0.0000,0.0000
g19,general,G60,false,same realizations as G = 30 min,8,10,0.8699,0.0000,"",5358,true,0,0.1995,0.0000,0.0039,0.0000,0.0000,0.0000,0.3379,0.0000,0.4587,0.0000,0.0000
g19,general,tie,true,"",8,10,0.8699,-0.0000,"human,system",5358,true,0,0.1995,0.0000,0.0039,-0.0000,0.0000,0.0000,0.3379,-0.0000,0.4587,-0.0000,0.0000
g20,general,core,false,rho of N_AA over the 9 of 10 agents present on at least 80% of the realizations (main fit),9,10,0.8517,-0.0710,,,,,,,,,,,,,,,
g20,general,L1,true,"",10,10,0.8513,-0.0714,"",4531,true,0,0.3235,0.0189,0.0088,0.0001,0.0000,0.0000,0.2868,-0.0062,0.3809,-0.0128,0.0189
g20,general,L6,true,"",10,10,0.9416,0.0189,"",4531,true,0,0.3047,0.0001,0.0087,-0.0000,0.0000,0.0000,0.2914,-0.0016,0.3952,0.0015,0.0016
g20,general,G15,false,same realizations as G = 30 min,10,10,0.9227,0.0000,"",4531,true,0,0.3047,0.0000,0.0087,0.0000,0.0000,0.0000,0.2929,0.0000,0.3937,0.0000,0.0000
g20,general,G60,false,same realizations as G = 30 min,10,10,0.9227,0.0000,"",4531,true,0,0.3047,0.0000,0.0087,0.0000,0.0000,0.0000,0.2929,0.0000,0.3937,0.0000,0.0000
g20,general,tie,true,"",10,10,0.9187,-0.0040,"human,system",4531,true,0,0.3136,0.0089,0.0086,-0.0001,0.0000,0.0000,0.2656,-0.0274,0.4123,0.0186,0.0274
g21,general,core,false,rho of N_AA over the 8 of 9 agents present on at least 80% of the realizations (main fit),8,5,0.9338,-0.0279,,,,,,,,,,,,,,,
g21,general,L1,true,"",9,5,0.9225,-0.0392,"",2437,true,0,0.2326,0.0074,0.0036,0.0000,0.0000,0.0000,0.5045,-0.0115,0.2593,0.0041,0.0115
g21,general,L6,true,"",9,5,0.9756,0.0140,"",2437,true,0,0.2249,-0.0003,0.0036,0.0000,0.0000,0.0000,0.5164,0.0004,0.2551,-0.0002,0.0004
g21,general,G15,false,same realizations as G = 30 min,9,5,0.9617,0.0000,"",2437,true,0,0.2252,0.0000,0.0036,0.0000,0.0000,0.0000,0.5160,0.0000,0.2552,0.0000,0.0000
g21,general,G60,false,same realizations as G = 30 min,9,5,0.9617,0.0000,"",2437,true,0,0.2252,0.0000,0.0036,0.0000,0.0000,0.0000,0.5160,0.0000,0.2552,0.0000,0.0000
g21,general,tie,true,"",9,5,0.9697,0.0080,"human,system",2437,true,0,0.2256,0.0004,0.0062,0.0026,0.0000,0.0000,0.5095,-0.0065,0.2587,0.0035,0.0065
g22,general,core,false,rho of N_AA over the 9 of 10 agents present on at least 80% of the realizations (main fit),9,5,0.8822,-0.0028,,,,,,,,,,,,,,,
g22,general,L1,true,"",10,5,0.8435,-0.0415,"",1824,true,0,0.3796,0.0096,0.0133,-0.0001,0.0000,0.0000,0.3177,0.0020,0.2894,-0.0115,0.0115
g22,general,L6,true,"",10,5,0.8881,0.0032,"",1824,true,0,0.3703,0.0003,0.0133,-0.0000,0.0000,0.0000,0.3158,-0.0000,0.3006,-0.0003,0.0003
g22,general,G15,false,same realizations as G = 30 min,10,5,0.8850,0.0000,"",1824,true,0,0.3700,0.0000,0.0133,0.0000,0.0000,0.0000,0.3158,0.0000,0.3009,0.0000,0.0000
g22,general,G60,false,same realizations as G = 30 min,10,5,0.8850,0.0000,"",1824,true,0,0.3700,0.0000,0.0133,0.0000,0.0000,0.0000,0.3158,0.0000,0.3009,0.0000,0.0000
g22,general,tie,true,"",10,5,0.8970,0.0120,"human,system",1824,true,0,0.3919,0.0219,0.0148,0.0014,0.0000,0.0000,0.2566,-0.0592,0.3368,0.0359,0.0592
g23,general,core,false,rho of N_AA over the 10 of 10 agents present on at least 80% of the realizations (main fit),10,5,0.8816,0.0000,,,,,,,,,,,,,,,
g23,general,L1,true,"",10,5,0.7876,-0.0940,"",1772,true,0,0.5601,-0.0178,0.0198,-0.0076,0.0000,0.0000,0.2517,-0.0017,0.1683,0.0271,0.0271
g23,general,L6,true,"",10,5,0.9217,0.0401,"",1772,true,0,0.5767,-0.0012,0.0275,0.0000,0.0000,0.0000,0.2533,-0.0001,0.1425,0.0013,0.0013
g23,general,G15,false,same realizations as G = 30 min,10,5,0.8816,0.0000,"",1772,true,0,0.5779,0.0000,0.0275,0.0000,0.0000,0.0000,0.2534,0.0000,0.1413,0.0000,0.0000
g23,general,G60,false,same realizations as G = 30 min,10,5,0.8816,0.0000,"",1772,true,0,0.5779,0.0000,0.0275,0.0000,0.0000,0.0000,0.2534,0.0000,0.1413,0.0000,0.0000
g23,general,tie,true,"",10,5,0.8821,0.0005,"human,system",1772,true,0,0.5541,-0.0238,0.0103,-0.0172,0.0000,0.0000,0.2516,-0.0018,0.1840,0.0427,0.0427
g24-25,general,core,false,rho of N_AA over the 10 of 10 agents present on at least 80% of the realizations (main fit),10,10,0.9844,0.0000,,,,,,,,,,,,,,,
g24-25,general,L1,true,"",10,10,0.9044,-0.0800,"",4121,true,0,0.3179,-0.0005,0.0100,0.0001,0.0000,0.0000,0.2736,0.0052,0.3985,-0.0048,0.0052
g24-25,general,L6,true,"",10,10,1.0123,0.0279,"",4121,true,0,0.3185,0.0001,0.0099,0.0000,0.0000,0.0000,0.2683,-0.0001,0.4033,-0.0000,0.0001
g24-25,general,G15,false,same realizations as G = 30 min,10,10,0.9844,0.0000,"",4121,true,0,0.3184,0.0000,0.0099,0.0000,0.0000,0.0000,0.2684,0.0000,0.4033,0.0000,0.0000
g24-25,general,G60,false,same realizations as G = 30 min,10,10,0.9844,0.0000,"",4121,true,0,0.3184,0.0000,0.0099,0.0000,0.0000,0.0000,0.2684,0.0000,0.4033,0.0000,0.0000
g24-25,general,tie,true,"",10,10,0.9844,-0.0000,"human,system",4121,true,0,0.3184,-0.0000,0.0099,0.0000,0.0000,0.0000,0.2684,-0.0000,0.4033,-0.0000,0.0000
g26,general,core,false,rho of N_AA over the 10 of 10 agents present on at least 80% of the realizations (main fit),10,5,0.6752,0.0000,,,,,,,,,,,,,,,
g26,general,L1,true,"",10,5,0.6746,-0.0006,"",2112,true,0,0.3977,0.0001,0.0060,0.0000,0.0000,0.0000,0.4246,0.0001,0.1717,-0.0002,0.0002
g26,general,L6,true,"",10,5,0.6752,0.0000,"",2112,true,0,0.3976,-0.0000,0.0060,-0.0000,0.0000,0.0000,0.4244,0.0000,0.1719,0.0000,0.0000
g26,general,G15,true,"",10,6,0.6056,-0.0696,"",2112,true,0,0.4563,0.0587,0.0058,-0.0002,0.0000,0.0000,0.3855,-0.0389,0.1524,-0.0196,0.0587
g26,general,G60,false,same realizations as G = 30 min,10,5,0.6752,0.0000,"",2112,true,0,0.3976,0.0000,0.0060,0.0000,0.0000,0.0000,0.4244,0.0000,0.1719,0.0000,0.0000
g26,general,tie,true,"",10,5,0.6752,0.0000,"human,system",2112,true,0,0.3976,-0.0000,0.0060,-0.0000,0.0000,0.0000,0.4244,0.0000,0.1719,-0.0000,0.0000
g27,general,core,false,rho of N_AA over the 10 of 10 agents present on at least 80% of the realizations (main fit),10,10,0.8706,0.0000,,,,,,,,,,,,,,,
g27,general,L1,true,"",10,10,0.8161,-0.0545,"",3743,true,0,0.5431,0.0059,0.0063,0.0001,0.0000,0.0000,0.1725,0.0024,0.2781,-0.0084,0.0084
g27,general,L6,true,"",10,10,0.8964,0.0258,"",3743,true,0,0.5374,0.0002,0.0062,-0.0000,0.0000,0.0000,0.1699,-0.0002,0.2866,0.0001,0.0002
g27,general,G15,false,same realizations as G = 30 min,10,10,0.8706,0.0000,"",3743,true,0,0.5373,0.0000,0.0062,0.0000,0.0000,0.0000,0.1701,0.0000,0.2865,0.0000,0.0000
g27,general,G60,false,same realizations as G = 30 min,10,10,0.8706,0.0000,"",3743,true,0,0.5373,0.0000,0.0062,0.0000,0.0000,0.0000,0.1701,0.0000,0.2865,0.0000,0.0000
g27,general,tie,true,"",10,10,0.8706,-0.0000,"human,system",3743,true,0,0.5373,-0.0000,0.0062,-0.0000,0.0000,0.0000,0.1701,0.0000,0.2865,0.0000,0.0000
g28,general,core,false,rho of N_AA over the 11 of 11 agents present on at least 80% of the realizations (main fit),11,5,0.7027,0.0000,,,,,,,,,,,,,,,
g28,general,L1,true,"",11,5,0.7020,-0.0007,"",2984,true,0,0.4507,0.0001,0.0092,0.0000,0.0000,0.0000,0.2538,0.0005,0.2864,-0.0006,0.0006
g28,general,L6,true,"",11,5,0.7027,0.0000,"",2984,true,0,0.4505,-0.0000,0.0092,0.0000,0.0000,0.0000,0.2533,0.0000,0.2870,-0.0000,0.0000
g28,general,G15,false,same realizations as G = 30 min,11,5,0.7027,0.0000,"",2984,true,0,0.4505,0.0000,0.0092,0.0000,0.0000,0.0000,0.2533,0.0000,0.2870,0.0000,0.0000
g28,general,G60,false,same realizations as G = 30 min,11,5,0.7027,0.0000,"",2984,true,0,0.4505,0.0000,0.0092,0.0000,0.0000,0.0000,0.2533,0.0000,0.2870,0.0000,0.0000
g28,general,tie,true,"",11,5,0.7024,-0.0003,"human,system",2984,true,0,0.4520,0.0015,0.0092,-0.0000,0.0000,0.0000,0.2513,-0.0020,0.2875,0.0005,0.0020
g29,general,core,false,rho of N_AA over the 11 of 12 agents present on at least 80% of the realizations (main fit),11,5,0.3753,-0.0449,,,,,,,,,,,,,,,
g29,general,L1,true,"",12,5,0.5008,0.0806,"",1593,true,0,0.5415,-0.0689,0.0130,0.0003,0.0000,0.0000,0.4319,0.0707,0.0137,-0.0021,0.0707
g29,general,L6,true,"",12,5,0.4313,0.0110,"",1593,true,0,0.6035,-0.0069,0.0127,0.0000,0.0000,0.0000,0.3681,0.0070,0.0157,-0.0001,0.0070
g29,general,G15,false,same realizations as G = 30 min,12,5,0.4203,0.0000,"",1593,true,0,0.6103,0.0000,0.0127,0.0000,0.0000,0.0000,0.3611,0.0000,0.0158,0.0000,0.0000
g29,general,G60,false,same realizations as G = 30 min,12,5,0.4203,0.0000,"",1593,true,0,0.6103,0.0000,0.0127,0.0000,0.0000,0.0000,0.3611,0.0000,0.0158,0.0000,0.0000
g29,general,tie,true,"",12,5,0.3951,-0.0251,"human,system",1593,true,0,0.6289,0.0185,0.0126,-0.0000,0.0000,0.0000,0.3423,-0.0188,0.0161,0.0003,0.0188
g30,general,core,false,rho of N_AA over the 12 of 12 agents present on at least 80% of the realizations (main fit),12,5,0.5227,0.0000,,,,,,,,,,,,,,,
g30,general,L1,true,"",12,5,0.5220,-0.0007,"",2632,true,0,0.5593,0.0001,0.0093,-0.0000,0.0071,0.0000,0.3058,0.0000,0.1184,-0.0001,0.0001
g30,general,L6,true,"",12,5,0.5227,0.0000,"",2632,true,0,0.5592,-0.0000,0.0093,0.0000,0.0071,-0.0000,0.3057,-0.0000,0.1185,0.0000,0.0000
g30,general,G15,false,same realizations as G = 30 min,12,5,0.5227,0.0000,"",2632,true,0,0.5592,0.0000,0.0093,0.0000,0.0071,0.0000,0.3057,0.0000,0.1185,0.0000,0.0000
g30,general,G60,false,same realizations as G = 30 min,12,5,0.5227,0.0000,"",2632,true,0,0.5592,0.0000,0.0093,0.0000,0.0071,0.0000,0.3057,0.0000,0.1185,0.0000,0.0000
g30,general,tie,true,"",12,5,0.5253,0.0026,"human,system",2632,true,0,0.5632,0.0039,0.0094,0.0001,0.0031,-0.0041,0.3049,-0.0009,0.1195,0.0010,0.0040
g31,general,core,false,rho of N_AA over the 11 of 13 agents present on at least 80% of the realizations (main fit),11,5,0.7357,-0.0004,,,,,,,,,,,,,,,
g31,general,L1,true,"",13,5,0.7222,-0.0139,"",3137,true,0,0.5371,0.0031,0.0074,0.0000,0.0322,-0.0115,0.2566,-0.0003,0.1667,0.0087,0.0115
g31,general,L6,true,"",13,5,0.7351,-0.0009,"",3137,true,0,0.5353,0.0013,0.0074,-0.0000,0.0439,0.0003,0.2572,0.0003,0.1561,-0.0019,0.0019
g31,general,G15,false,same realizations as G = 30 min,13,5,0.7361,0.0000,"",3137,true,0,0.5340,0.0000,0.0074,0.0000,0.0436,0.0000,0.2569,0.0000,0.1580,0.0000,0.0000
g31,general,G60,false,same realizations as G = 30 min,13,5,0.7361,0.0000,"",3137,true,0,0.5340,0.0000,0.0074,0.0000,0.0436,0.0000,0.2569,0.0000,0.1580,0.0000,0.0000
g31,general,tie,true,"",13,5,0.7361,0.0000,human,3137,true,0,0.5340,-0.0000,0.0074,-0.0000,0.0436,-0.0000,0.2569,-0.0000,0.1580,0.0000,0.0000
g32,general,core,false,rho of N_AA over the 12 of 12 agents present on at least 80% of the realizations (main fit),12,5,0.7822,0.0000,,,,,,,,,,,,,,,
g32,general,L1,true,"",12,5,0.7820,-0.0002,"",2928,true,0,0.4853,0.0001,0.0160,-0.0000,0.0090,0.0000,0.3491,0.0001,0.1406,-0.0002,0.0002
g32,general,L6,true,"",12,5,0.7822,0.0000,"",2928,true,0,0.4853,-0.0000,0.0160,0.0000,0.0090,-0.0000,0.3489,0.0000,0.1408,0.0000,0.0000
g32,general,G15,false,same realizations as G = 30 min,12,5,0.7822,0.0000,"",2928,true,0,0.4853,0.0000,0.0160,0.0000,0.0090,0.0000,0.3489,0.0000,0.1408,0.0000,0.0000
g32,general,G60,false,same realizations as G = 30 min,12,5,0.7822,0.0000,"",2928,true,0,0.4853,0.0000,0.0160,0.0000,0.0090,0.0000,0.3489,0.0000,0.1408,0.0000,0.0000
g32,general,tie,true,"",12,5,0.7828,0.0006,"human,system",2928,true,0,0.4826,-0.0027,0.0136,-0.0024,0.0125,0.0035,0.3510,0.0021,0.1403,-0.0005,0.0027
g33-34,general,core,false,rho of N_AA over the 11 of 13 agents present on at least 80% of the realizations (main fit),11,10,0.9628,-0.0281,,,,,,,,,,,,,,,
g33-34,general,L1,true,"",13,10,0.9041,-0.0868,"",6472,true,0,0.2568,0.0231,0.0064,-0.0057,0.0058,0.0006,0.2690,0.0085,0.4619,-0.0265,0.0265
g33-34,general,L6,true,"",13,10,1.0220,0.0310,"",6472,true,0,0.2336,-0.0001,0.0118,-0.0003,0.0051,-0.0001,0.2602,-0.0004,0.4893,0.0009,0.0009
g33-34,general,G15,false,same realizations as G = 30 min,13,10,0.9910,0.0000,"",6472,true,0,0.2337,0.0000,0.0121,0.0000,0.0052,0.0000,0.2606,0.0000,0.4884,0.0000,0.0000
g33-34,general,G60,false,same realizations as G = 30 min,13,10,0.9910,0.0000,"",6472,true,0,0.2337,0.0000,0.0121,0.0000,0.0052,0.0000,0.2606,0.0000,0.4884,0.0000,0.0000
g33-34,general,tie,true,"",13,10,0.9910,-0.0000,system,6472,true,0,0.2337,0.0000,0.0121,-0.0000,0.0052,0.0000,0.2606,-0.0000,0.4884,0.0000,0.0000
g35-39,best,core,false,rho of N_AA over the 3 of 10 agents present on at least 80% of the realizations (main fit),3,35,0.9218,-0.8344,,,,,,,,,,,,,,,
g35-39,best,L1,true,"",10,35,1.7212,-0.0350,"",3587,true,0,0.1486,-0.0106,0.0140,0.0002,0.0162,0.0029,0.2272,0.0294,0.5940,-0.0219,0.0294
g35-39,best,L6,true,"",10,35,1.7762,0.0199,"",3587,true,0,0.1596,0.0004,0.0138,0.0000,0.0130,-0.0003,0.1978,-0.0001,0.6158,-0.0000,0.0004
g35-39,best,G15,false,same realizations as G = 30 min,10,35,1.7563,0.0000,"",3587,true,0,0.1592,0.0000,0.0138,0.0000,0.0133,0.0000,0.1978,0.0000,0.6159,0.0000,0.0000
g35-39,best,G60,false,same realizations as G = 30 min,10,35,1.7563,0.0000,"",3587,true,0,0.1592,0.0000,0.0138,0.0000,0.0133,0.0000,0.1978,0.0000,0.6159,0.0000,0.0000
g35-39,best,tie,true,"",10,35,1.7619,0.0056,human,3587,true,0,0.1624,0.0033,0.0145,0.0007,0.0135,0.0002,0.1875,-0.0103,0.6220,0.0061,0.0103
g35,rest,core,false,rho of N_AA over the 10 of 10 agents present on at least 80% of the realizations (main fit),10,5,0.8075,0.0000,,,,,,,,,,,,,,,
g35,rest,L1,true,"",10,5,0.6094,-0.1981,"",1544,true,0,0.5976,0.0278,0.0099,-0.0000,0.0050,-0.0001,0.2733,0.0009,0.1142,-0.0286,0.0286
g35,rest,L6,true,"",10,5,0.8295,0.0220,"",1544,true,0,0.5704,0.0006,0.0099,-0.0000,0.0051,-0.0000,0.2726,0.0001,0.1420,-0.0007,0.0007
g35,rest,G15,false,same realizations as G = 30 min,10,5,0.8075,0.0000,"",1544,true,0,0.5697,0.0000,0.0099,0.0000,0.0051,0.0000,0.2725,0.0000,0.1428,0.0000,0.0000
g35,rest,G60,false,same realizations as G = 30 min,10,5,0.8075,0.0000,"",1544,true,0,0.5697,0.0000,0.0099,0.0000,0.0051,0.0000,0.2725,0.0000,0.1428,0.0000,0.0000
g35,rest,tie,true,"",10,5,0.8075,-0.0000,"human,system",1544,true,0,0.5697,0.0000,0.0099,-0.0000,0.0051,0.0000,0.2725,0.0000,0.1428,-0.0000,0.0000
g36-37,rest,core,false,rho of N_AA over the 9 of 10 agents present on at least 80% of the realizations (main fit),9,8,1.0201,-0.0034,,,,,,,,,,,,,,,
g36-37,rest,L1,true,"",10,8,0.9920,-0.0315,"",1362,true,0,0.2088,0.0036,0.0107,0.0015,0.0393,-0.0074,0.2914,-0.0129,0.4499,0.0152,0.0152
g36-37,rest,L6,true,"",10,8,1.0381,0.0146,"",1362,true,0,0.2058,0.0006,0.0092,-0.0000,0.0462,-0.0005,0.3031,-0.0011,0.4357,0.0010,0.0011
g36-37,rest,G15,false,same realizations as G = 30 min,10,8,1.0235,0.0000,"",1362,true,0,0.2052,0.0000,0.0092,0.0000,0.0467,0.0000,0.3042,0.0000,0.4347,0.0000,0.0000
g36-37,rest,G60,false,same realizations as G = 30 min,10,8,1.0235,0.0000,"",1362,true,0,0.2052,0.0000,0.0092,0.0000,0.0467,0.0000,0.3042,0.0000,0.4347,0.0000,0.0000
g36-37,rest,tie,true,"",10,8,1.0261,0.0026,human,1362,true,0,0.2047,-0.0005,0.0115,0.0023,0.0464,-0.0004,0.2995,-0.0047,0.4379,0.0033,0.0047
g38-39,rest,core,false,rho of N_AA over the 8 of 11 agents present on at least 80% of the realizations (main fit),8,22,0.9027,-0.0146,,,,,,,,,,,,,,,
g38-39,rest,L1,true,"",11,22,0.8036,-0.1137,"",3337,true,0,0.2729,0.0171,0.0040,0.0001,0.0225,0.0023,0.1373,0.0028,0.5634,-0.0222,0.0222
g38-39,rest,L6,true,"",11,22,0.9434,0.0261,"",3337,true,0,0.2569,0.0011,0.0039,-0.0000,0.0200,-0.0002,0.1345,0.0000,0.5848,-0.0008,0.0011
g38-39,rest,G15,false,same realizations as G = 30 min,11,22,0.9173,0.0000,"",3337,true,0,0.2558,0.0000,0.0039,0.0000,0.0202,0.0000,0.1345,0.0000,0.5856,0.0000,0.0000
g38-39,rest,G60,false,same realizations as G = 30 min,11,22,0.9173,0.0000,"",3337,true,0,0.2558,0.0000,0.0039,0.0000,0.0202,0.0000,0.1345,0.0000,0.5856,0.0000,0.0000
g38-39,rest,tie,true,"",11,22,0.9173,-0.0000,human,3337,true,0,0.2558,0.0000,0.0039,0.0000,0.0202,-0.0000,0.1345,-0.0000,0.5856,0.0000,0.0000
g40,universe-coordination,core,false,rho of N_AA over the 14 of 14 agents present on at least 80% of the realizations (main fit),14,5,0.9327,0.0000,,,,,,,,,,,,,,,
g40,universe-coordination,L1,true,"",14,5,0.8416,-0.0910,"",1729,true,0,0.3382,-0.0202,0.0055,-0.0029,0.0032,0.0001,0.3579,-0.0303,0.2953,0.0532,0.0532
g40,universe-coordination,L6,true,"",14,5,0.9642,0.0315,"",1729,true,0,0.3417,-0.0166,0.0054,-0.0029,0.0032,0.0001,0.3418,-0.0463,0.3079,0.0658,0.0658
g40,universe-coordination,G15,false,same realizations as G = 30 min,14,5,0.9327,0.0000,"",1729,true,0,0.3584,0.0000,0.0083,0.0000,0.0031,0.0000,0.3882,0.0000,0.2420,0.0000,0.0000
g40,universe-coordination,G60,false,same realizations as G = 30 min,14,5,0.9327,0.0000,"",1729,true,0,0.3584,0.0000,0.0083,0.0000,0.0031,0.0000,0.3882,0.0000,0.2420,0.0000,0.0000
g40,universe-coordination,tie,true,"",14,5,0.9260,-0.0067,"human,system",1729,true,0,0.4127,0.0543,0.0052,-0.0032,0.0031,-0.0000,0.1694,-0.2187,0.4096,0.1676,0.2187
g41-44,best,core,false,rho of N_AA over the 3 of 7 agents present on at least 80% of the realizations (main fit),3,15,0.6712,-0.2369,,,,,,,,,,,,,,,
g41-44,best,L1,true,"",7,15,0.8483,-0.0598,"",1167,true,0,0.2845,0.0111,0.0396,0.0002,0.0049,0.0005,0.3930,0.0251,0.2780,-0.0368,0.0368
g41-44,best,L6,true,"",7,15,0.9266,0.0185,"",1167,true,0,0.2740,0.0006,0.0395,0.0000,0.0044,-0.0000,0.3692,0.0013,0.3129,-0.0019,0.0019
g41-44,best,G15,false,same realizations as G = 30 min,7,15,0.9081,0.0000,"",1167,true,0,0.2735,0.0000,0.0394,0.0000,0.0044,0.0000,0.3679,0.0000,0.3149,0.0000,0.0000
g41-44,best,G60,false,same realizations as G = 30 min,7,15,0.9081,0.0000,"",1167,true,0,0.2735,0.0000,0.0394,0.0000,0.0044,0.0000,0.3679,0.0000,0.3149,0.0000,0.0000
g41-44,best,tie,true,"",7,15,0.8869,-0.0212,"human,system",1167,true,0,0.2801,0.0066,0.0468,0.0074,0.0055,0.0011,0.3243,-0.0436,0.3433,0.0284,0.0436
g41-43,rest,core,false,rho of N_AA over the 11 of 12 agents present on at least 80% of the realizations (main fit),11,11,0.8148,-0.0273,,,,,,,,,,,,,,,
g41-43,rest,L1,true,"",12,11,0.7905,-0.0516,"",2978,true,0,0.2886,0.0208,0.0106,-0.0035,0.0061,0.0003,0.2425,0.0052,0.4522,-0.0228,0.0228
g41-43,rest,L6,true,"",12,11,0.8515,0.0094,"",2978,true,0,0.2693,0.0016,0.0144,0.0002,0.0058,0.0000,0.2374,0.0001,0.4731,-0.0020,0.0020
g41-43,rest,G15,false,same realizations as G = 30 min,12,11,0.8422,0.0000,"",2978,true,0,0.2677,0.0000,0.0142,0.0000,0.0058,0.0000,0.2372,0.0000,0.4751,0.0000,0.0000
g41-43,rest,G60,false,same realizations as G = 30 min,12,11,0.8422,0.0000,"",2978,true,0,0.2677,0.0000,0.0142,0.0000,0.0058,0.0000,0.2372,0.0000,0.4751,0.0000,0.0000
g41-43,rest,tie,true,"",12,11,0.8490,0.0068,"human,system",2978,true,0,0.2702,0.0025,0.0077,-0.0065,0.0058,0.0000,0.2382,0.0010,0.4781,0.0030,0.0065
g44-45,rest,core,false,rho of N_AA over the 11 of 12 agents present on at least 80% of the realizations (main fit),11,9,0.8907,-0.0001,,,,,,,,,,,,,,,
g44-45,rest,L1,true,"",12,9,0.8303,-0.0605,"",2618,true,0,0.3022,0.0236,0.0096,-0.0057,0.0060,-0.0001,0.2126,0.0040,0.4696,-0.0218,0.0236
g44-45,rest,L6,true,"",12,9,0.9124,0.0216,"",2618,true,0,0.2789,0.0004,0.0146,-0.0008,0.0061,-0.0000,0.2087,0.0001,0.4917,0.0003,0.0008
g44-45,rest,G15,false,same realizations as G = 30 min,12,9,0.8908,0.0000,"",2618,true,0,0.2785,0.0000,0.0154,0.0000,0.0061,0.0000,0.2086,0.0000,0.4914,0.0000,0.0000
g44-45,rest,G60,false,same realizations as G = 30 min,12,9,0.8908,0.0000,"",2618,true,0,0.2785,0.0000,0.0154,0.0000,0.0061,0.0000,0.2086,0.0000,0.4914,0.0000,0.0000
g44-45,rest,tie,true,"",12,9,0.8913,0.0005,"human,system",2618,true,0,0.2839,0.0054,0.0043,-0.0111,0.0062,0.0000,0.2095,0.0009,0.4962,0.0048,0.0110
g45-47,best,core,false,rho of N_AA over the 4 of 7 agents present on at least 80% of the realizations (main fit),4,16,0.7152,-0.1576,,,,,,,,,,,,,,,
g45-47,best,L1,true,"",7,16,0.8423,-0.0305,"",1758,true,0,0.1437,0.0077,0.1320,-0.0002,0.0128,-0.0073,0.4677,-0.0057,0.2438,0.0054,0.0077
g45-47,best,L6,true,"",7,16,0.8819,0.0090,"",1758,true,0,0.1383,0.0023,0.1321,-0.0001,0.0198,-0.0003,0.4789,0.0055,0.2310,-0.0074,0.0074
g45-47,best,G15,false,same realizations as G = 30 min,7,16,0.8728,0.0000,"",1758,true,0,0.1360,0.0000,0.1322,0.0000,0.0201,0.0000,0.4734,0.0000,0.2384,0.0000,0.0000
g45-47,best,G60,false,same realizations as G = 30 min,7,16,0.8728,0.0000,"",1758,true,0,0.1360,0.0000,0.1322,0.0000,0.0201,0.0000,0.4734,0.0000,0.2384,0.0000,0.0000
g45-47,best,tie,true,"",7,16,0.8641,-0.0087,system,1758,true,0,0.1346,-0.0014,0.1323,0.0001,0.0319,0.0118,0.4616,-0.0118,0.2396,0.0012,0.0120
g46-47,rest,core,false,rho of N_AA over the 13 of 13 agents present on at least 80% of the realizations (main fit),13,11,0.9190,0.0000,,,,,,,,,,,,,,,
g46-47,rest,L1,true,"",13,11,0.8919,-0.0271,"",5812,true,0,0.1268,0.0072,0.0063,-0.0008,0.0069,0.0013,0.1728,0.0042,0.6873,-0.0118,0.0118
g46-47,rest,L6,true,"",13,11,0.9259,0.0069,"",5812,true,0,0.1198,0.0002,0.0068,-0.0003,0.0054,-0.0002,0.1689,0.0003,0.6991,-0.0001,0.0005
g46-47,rest,G15,false,same realizations as G = 30 min,13,11,0.9190,0.0000,"",5812,true,0,0.1195,0.0000,0.0071,0.0000,0.0056,0.0000,0.1686,0.0000,0.6991,0.0000,0.0000
g46-47,rest,G60,false,same realizations as G = 30 min,13,11,0.9190,0.0000,"",5812,true,0,0.1195,0.0000,0.0071,0.0000,0.0056,0.0000,0.1686,0.0000,0.6991,0.0000,0.0000
g46-47,rest,tie,true,"",13,11,0.9196,0.0006,"human,system",5812,true,0,0.1231,0.0036,0.0062,-0.0009,0.0021,-0.0035,0.1683,-0.0003,0.7003,0.0011,0.0044
g48-49,general,core,false,rho of N_AA over the 17 of 17 agents present on at least 80% of the realizations (main fit),17,5,0.9142,0.0000,,,,,,,,,,,,,,,
g48-49,general,L1,true,"",17,5,0.9087,-0.0054,"",915,true,0,0.1731,0.0017,0.0110,0.0000,0.0059,-0.0000,0.2920,0.0012,0.5181,-0.0029,0.0029
g48-49,general,L6,true,"",17,5,0.9176,0.0034,"",915,true,0,0.1712,-0.0002,0.0109,-0.0000,0.0059,0.0000,0.2908,0.0000,0.5212,0.0002,0.0002
g48-49,general,G15,false,same realizations as G = 30 min,17,5,0.9142,0.0000,"",915,true,0,0.1714,0.0000,0.0109,0.0000,0.0059,0.0000,0.2908,0.0000,0.5209,0.0000,0.0000
g48-49,general,G60,false,same realizations as G = 30 min,17,5,0.9142,0.0000,"",915,true,0,0.1714,0.0000,0.0109,0.0000,0.0059,0.0000,0.2908,0.0000,0.5209,0.0000,0.0000
g48-49,general,tie,true,"",17,5,0.9142,0.0000,"human,system",915,true,0,0.1714,-0.0000,0.0109,0.0000,0.0059,-0.0000,0.2908,-0.0000,0.5209,0.0000,0.0000
g50,best,core,false,rho of N_AA over the 5 of 6 agents present on at least 80% of the realizations (main fit),5,5,0.8119,-0.0947,,,,,,,,,,,,,,,
g50,best,L1,true,"",6,5,0.8887,-0.0179,"",1204,true,0,0.1282,0.0007,0.0139,-0.0001,0.0198,0.0062,0.3558,-0.0323,0.4823,0.0254,0.0323
g50,best,L6,true,"",6,5,0.8864,-0.0202,"",1204,true,0,0.1347,0.0073,0.0140,0.0001,0.0196,0.0059,0.3817,-0.0063,0.4500,-0.0069,0.0073
g50,best,G15,false,same realizations as G = 30 min,6,5,0.9066,0.0000,"",1204,true,0,0.1274,0.0000,0.0139,0.0000,0.0137,0.0000,0.3881,0.0000,0.4569,0.0000,0.0000
g50,best,G60,false,same realizations as G = 30 min,6,5,0.9066,0.0000,"",1204,true,0,0.1274,0.0000,0.0139,0.0000,0.0137,0.0000,0.3881,0.0000,0.4569,0.0000,0.0000
g50,best,tie,true,"",6,5,0.9053,-0.0013,"human,system",1204,true,0,0.1290,0.0015,0.0156,0.0017,0.0093,-0.0044,0.3849,-0.0031,0.4611,0.0043,0.0043
g50,rest,core,false,rho of N_AA over the 13 of 15 agents present on at least 80% of the realizations (main fit),13,5,0.8297,-0.0137,,,,,,,,,,,,,,,
g50,rest,L1,true,"",15,5,0.8323,-0.0111,"",1969,true,0,0.2313,0.0046,0.0172,-0.0001,0.0065,-0.0001,0.1809,-0.0006,0.5640,-0.0039,0.0046
g50,rest,L6,true,"",15,5,0.8399,-0.0035,"",1969,true,0,0.2306,0.0039,0.0176,0.0003,0.0066,0.0000,0.1821,0.0006,0.5630,-0.0049,0.0049
g50,rest,G15,false,same realizations as G = 30 min,15,5,0.8434,0.0000,"",1969,true,0,0.2268,0.0000,0.0172,0.0000,0.0066,0.0000,0.1815,0.0000,0.5679,0.0000,0.0000
g50,rest,G60,false,same realizations as G = 30 min,15,5,0.8434,0.0000,"",1969,true,0,0.2268,0.0000,0.0172,0.0000,0.0066,0.0000,0.1815,0.0000,0.5679,0.0000,0.0000
g50,rest,tie,true,"",15,5,0.8404,-0.0030,"human,system",1969,true,0,0.2461,0.0193,0.0024,-0.0148,0.0066,-0.0000,0.1783,-0.0032,0.5667,-0.0012,0.0193
g51,general,core,false,rho of N_AA over the 26 of 32 agents present on at least 80% of the realizations (main fit),26,55,0.9149,-0.0481,,,,,,,,,,,,,,,
g51,general,L1,true,"",32,55,0.9166,-0.0464,"",44132,true,0,0.1475,0.0166,0.0042,0.0002,0.0333,0.0056,0.1847,0.0103,0.6303,-0.0328,0.0328
g51,general,L6,true,"",32,55,0.9734,0.0103,"",44132,true,0,0.1294,-0.0014,0.0040,0.0000,0.0267,-0.0010,0.1738,-0.0007,0.6661,0.0030,0.0030
g51,general,G15,true,"",32,58,0.9608,-0.0023,"",44132,true,0,0.1344,0.0035,0.0041,0.0001,0.0272,-0.0004,0.1731,-0.0013,0.6611,-0.0019,0.0035
g51,general,G60,false,same realizations as G = 30 min,32,55,0.9630,0.0000,"",44132,true,0,0.1309,0.0000,0.0040,0.0000,0.0276,0.0000,0.1744,0.0000,0.6631,0.0000,0.0000
g51,general,tie,false,all exogenous shapes identified,,,,,,,,,,,,,,,,,,,
