window_id,group,n_actions,msg_share,agents_fitted,pairs,spearman,spearman_p,spearman_per_agent_mean,n_agents_per_agent,spearman_self,top_source_agree,n_top,n_disagree
g01,general,8905,0.5961,7,42,0.0413,0.7949,0.0315,7,-0.2857,0.4286,7,5
g02-03,general,3180,0.6877,4,12,0.1086,0.7369,NaN,0,NaN,0.5000,4,1
g04,general,9909,0.6604,6,30,0.0600,0.7528,0.1188,6,0.4638,0.3333,6,2
g05-07,general,6545,0.5694,4,12,-0.0769,0.8122,NaN,0,NaN,0.0000,4,2
g08,general,6251,0.5199,4,12,-0.5324,0.0748,NaN,0,NaN,0.2500,4,4
g09,general,1681,0.5181,4,12,0.3497,0.2652,NaN,0,NaN,0.5000,4,3
g10,general,1947,0.6446,7,42,0.3447,0.0254,0.3053,7,-0.0591,0.0000,7,4
g11,general,4427,0.5475,7,42,0.0240,0.8799,0.0405,7,0.6429,0.2857,7,4
g12,general,6747,0.5364,7,42,0.2044,0.1941,0.0842,7,0.0714,0.0000,7,3
g13,general,7168,0.6371,6,30,0.3137,0.0913,0.3993,6,0.6571,0.3333,6,2
g14,general,2818,0.6629,6,30,0.1070,0.5737,0.0982,6,0.8286,0.1667,6,4
g15,general,5548,0.5393,7,42,0.1735,0.2719,0.0250,7,0.1482,0.1429,7,4
g16,general,3573,0.5385,7,42,0.0064,0.9681,0.0939,7,0.2162,0.1429,7,5
g17,general,4603,0.4332,7,42,0.1704,0.2805,0.1250,7,0.7857,0.0000,7,3
g18,general,14178,0.4964,8,56,-0.0270,0.8436,-0.0003,8,0.3571,0.1250,8,7
g19,general,10761,0.4979,8,56,0.1280,0.3470,0.1188,8,0.8024,0.1250,8,5
g20,general,9642,0.4699,10,90,0.0203,0.8494,0.0133,10,0.1459,0.3000,10,10
g21,general,5336,0.4567,9,72,0.1221,0.3068,0.0379,9,0.4017,0.3333,9,8
g22,general,3487,0.5231,10,90,-0.0763,0.4747,-0.1260,10,0.4849,0.1000,10,13
g23,general,3772,0.4698,10,90,0.1532,0.1494,0.1382,10,0.3719,0.0000,10,12
g24-25,general,8597,0.4794,10,90,0.0723,0.4981,-0.0156,10,0.6000,0.1000,10,9
g26,general,4056,0.5207,10,90,-0.0693,0.5164,-0.0056,10,0.0000,0.1000,10,10
g27,general,8004,0.4676,10,90,0.2105,0.0464,0.1806,10,0.6555,0.1000,10,8
g28,general,5625,0.5305,11,110,-0.0268,0.7808,0.0143,11,0.5505,0.0909,11,15
g29,general,3696,0.4310,12,132,0.2326,0.0073,0.1950,12,-0.0054,0.0000,12,12
g30,general,5738,0.4587,12,132,0.0054,0.9511,-0.0077,12,0.0915,0.0833,12,17
g31,general,6384,0.4914,13,156,0.0254,0.7529,0.0412,13,0.5197,0.0000,13,16
g32,general,6154,0.4758,12,132,0.1401,0.1091,0.1707,12,0.5303,0.1667,12,11
g33-34,general,12526,0.5167,13,156,-0.0282,0.7267,-0.0143,13,0.1374,0.1538,13,15
g35-39,best,13286,0.2700,7,63,0.3053,0.0150,0.1933,7,-0.2857,0.2857,7,4
g35,rest,3906,0.3953,10,90,-0.0913,0.3920,-0.0463,10,0.5103,0.2000,10,9
g36-37,rest,4535,0.3003,9,81,0.0899,0.4245,0.2133,9,0.1833,0.3333,9,8
g38-39,rest,12164,0.2743,10,100,0.1817,0.0704,0.1882,10,-0.0729,0.3000,10,8
g40,universe-coordination,4066,0.4252,13,169,0.3720,0.0000,0.3641,12,0.5652,0.3077,13,11
g41-44,best,3825,0.3051,7,42,0.2149,0.1717,0.1846,7,0.8469,0.0000,7,3
g41-43,rest,7879,0.3780,11,121,0.4221,0.0000,0.4737,11,-0.0729,0.5455,11,7
g44-45,rest,6025,0.4345,10,110,0.1015,0.2916,0.0884,10,0.5758,0.3000,10,11
g45-47,best,7174,0.2451,6,36,0.3826,0.0213,0.3403,6,0.3714,0.6667,6,2
g46-47,rest,13882,0.4187,12,144,0.2504,0.0025,0.2327,12,0.1469,0.2500,12,10
g48-49,general,4283,0.2136,8,128,0.1866,0.0349,0.1701,8,0.9102,0.0000,8,11
g50,best,4327,0.2783,6,30,0.2295,0.2225,0.3370,6,0.7143,0.6667,6,3
g50,rest,7488,0.2630,11,154,0.2163,0.0071,0.1645,11,0.6881,0.0000,11,19
g51,general,148488,0.2972,32,992,0.2228,0.0000,0.2705,32,0.2482,0.1562,32,90
