round,window_id,group,n_msgs,n_reps,n_exploded,mae4,mae4_se,mae4_max,mae,bias_baseline,bias_human,bias_system,bias_other_agents,bias_self,n_self_bias,n_self_abs_bias,n_other_bias,n_other_abs_bias,n_exogenous_bias,n_exogenous_abs_bias,rec_converged,rec_violations,passed,merged,rec_secs
0,g01,general,5308,20,0,0.0221,0.0023,0.0406,0.0177,0.0100,0.0046,0.0000,0.0242,-0.0388,-0.0569,0.0569,0.0158,0.0162,0.0011,0.0028,1.0000,0,true,"",78.2667
0,g02,general,567,20,0,0.0274,0.0033,0.0612,0.0219,0.0208,0.0000,0.0000,0.0185,-0.0394,-0.0443,0.0443,0.0030,0.0130,0.0000,0.0000,1.0000,0,true,"",5.8176
0,g03,general,1620,20,0,0.0636,0.0065,0.1434,0.0508,0.0366,0.0331,0.0000,0.0504,-0.1200,-0.1411,0.1411,0.0203,0.0211,0.0888,0.0888,1.0000,0,false,"",35.4663
0,g04,general,6544,20,0,0.0144,0.0018,0.0332,0.0115,-0.0010,-0.0026,0.0000,0.0190,-0.0153,-0.0161,0.0190,0.0068,0.0100,-0.0027,0.0047,1.0000,0,true,"",114.2720
0,g05,general,1119,20,0,0.0781,0.0081,0.1825,0.0625,-0.0167,0.0338,0.0000,0.0978,-0.1149,-0.1164,0.1164,0.0479,0.0479,0.0043,0.0043,1.0000,0,false,"",32.4393
0,g06-07,general,2608,20,0,0.0281,0.0030,0.0618,0.0225,-0.0142,0.0014,0.0000,0.0340,-0.0212,-0.0319,0.0432,0.0138,0.0142,-0.0034,0.0051,1.0000,0,true,min_msgs,35.7505
0,g08,general,3250,20,0,0.0338,0.0039,0.0818,0.0271,-0.0131,-0.0055,0.0000,0.0475,-0.0288,-0.0491,0.0491,0.0206,0.0206,-0.0681,0.0681,1.0000,0,true,"",32.2720
0,g09,general,871,40,0,0.0392,0.0035,0.1056,0.0314,-0.0479,0.0119,0.0000,0.0495,-0.0135,-0.0122,0.0277,0.0226,0.0226,0.0257,0.0257,1.0000,0,true,"",28.0711
0,g10,general,1255,20,0,0.0244,0.0030,0.0466,0.0195,0.0254,0.0126,0.0000,-0.0406,0.0026,-0.0004,0.0101,-0.0109,0.0369,0.0707,0.0716,1.0000,0,true,"",19.1915
0,g11,general,2424,40,0,0.0471,0.0038,0.1226,0.0376,0.0233,0.0117,0.0000,0.0512,-0.0863,-0.0939,0.0939,0.0139,0.0149,0.2255,0.2255,1.0000,0,true,"",158.4284
0,g12,general,3619,20,0,0.0271,0.0027,0.0529,0.0217,0.0019,0.0064,0.0000,0.0344,-0.0427,-0.0518,0.0570,0.0084,0.0105,0.1362,0.1394,1.0000,0,true,"",163.5859
0,g13,general,4567,20,0,0.0245,0.0025,0.0403,0.0196,0.0058,0.0056,0.0000,-0.0024,-0.0090,-0.0129,0.0159,-0.0037,0.0143,0.0423,0.0423,1.0000,0,true,"",129.8339
0,g14,general,1868,20,0,0.0286,0.0021,0.0493,0.0229,-0.0324,0.0118,0.0000,0.0421,-0.0215,-0.0170,0.0252,0.0099,0.0105,0.3185,0.3185,1.0000,0,true,"",33.0244
0,g15,general,2992,20,0,0.0219,0.0036,0.0685,0.0175,-0.0174,0.0069,0.0000,0.0309,-0.0203,-0.0193,0.0289,0.0072,0.0105,0.1068,0.1068,1.0000,0,true,"",83.2934
0,g16,general,1924,20,0,0.0388,0.0043,0.0833,0.0310,0.0055,0.0091,0.0000,0.0450,-0.0596,-0.0552,0.0658,0.0101,0.0118,0.0548,0.0548,1.0000,0,true,"",57.9430
0,g17,general,1994,40,0,0.0472,0.0030,0.0880,0.0378,0.0232,0.0110,0.0000,0.0549,-0.0891,-0.0946,0.0946,0.0107,0.0133,0.1309,0.1309,1.0000,0,true,"",94.3754
0,g18,general,7038,20,0,0.0236,0.0030,0.0512,0.0189,0.0142,0.0039,0.0000,0.0266,-0.0446,-0.0417,0.0431,0.0074,0.0092,0.0835,0.0835,1.0000,0,true,"",286.9556
0,g19,general,5358,20,0,0.0220,0.0030,0.0543,0.0176,0.0007,0.0043,0.0000,0.0306,-0.0356,-0.0275,0.0319,0.0096,0.0134,0.2378,0.2378,1.0000,0,true,"",161.6880
0,g20,general,4531,20,0,0.0408,0.0042,0.0824,0.0327,0.0320,0.0065,0.0000,0.0368,-0.0753,-0.1026,0.1136,0.0077,0.0111,0.0948,0.0948,1.0000,0,true,"",124.1057
0,g21,general,2437,20,0,0.0390,0.0049,0.1013,0.0312,0.0467,0.0038,0.0000,0.0039,-0.0545,-0.0541,0.0718,0.0131,0.0374,0.1076,0.1094,1.0000,0,true,"",78.5279
0,g22,general,1824,40,0,0.0408,0.0030,0.0990,0.0326,-0.0013,0.0064,0.0000,0.0493,-0.0545,-0.0479,0.0638,0.0131,0.0225,0.0761,0.0894,1.0000,0,true,"",86.6673
0,g23,general,1772,20,0,0.0361,0.0038,0.0656,0.0289,-0.0106,0.0085,0.0000,0.0420,-0.0399,-0.0138,0.0599,0.0096,0.0136,0.0347,0.0397,1.0000,0,true,"",45.8660
0,g24,general,1586,20,0,0.0324,0.0038,0.0722,0.0259,-0.0031,0.0029,0.0000,0.0476,-0.0474,-0.0773,0.1124,0.0065,0.0112,0.0365,0.0414,1.0000,0,true,"",30.1489
0,g25,general,2535,40,0,0.0522,0.0031,0.0913,0.0418,0.0323,0.0065,0.0000,0.0599,-0.0987,-0.1083,0.1146,0.0109,0.0122,0.2083,0.2083,1.0000,0,false,"",149.1900
0,g26,general,2112,20,0,0.0300,0.0028,0.0486,0.0240,0.0054,0.0080,0.0000,0.0360,-0.0494,-0.0428,0.0504,0.0064,0.0109,0.4123,0.4123,1.0000,0,true,"",53.1509
0,g27,general,3743,20,0,0.0265,0.0022,0.0455,0.0212,-0.0109,0.0038,0.0000,0.0420,-0.0349,-0.0322,0.0578,0.0067,0.0084,0.0917,0.0917,1.0000,0,true,"",79.3436
0,g28,general,2984,40,0,0.0434,0.0022,0.0756,0.0347,-0.0062,0.0086,0.0000,0.0660,-0.0684,-0.0574,0.0630,0.0088,0.0120,0.0843,0.0843,1.0000,0,true,"",238.1441
0,g29,general,1593,20,0,0.0271,0.0027,0.0497,0.0217,-0.0536,0.0073,0.0000,0.0370,0.0093,0.0099,0.0189,0.0036,0.0147,0.0734,0.0743,1.0000,0,true,"",21.4072
0,g30,general,2632,20,0,0.0360,0.0031,0.0679,0.0289,-0.0433,0.0072,0.0093,0.0523,-0.0255,-0.0199,0.0398,0.0069,0.0120,0.1782,0.1782,1.0000,0,true,"",86.4897
0,g31,general,3137,20,0,0.0390,0.0039,0.0707,0.0321,-0.0421,0.0063,-0.0026,0.0663,-0.0279,-0.0289,0.0481,0.0077,0.0117,0.0192,0.2726,1.0000,0,true,"",132.1868
0,g32,general,2928,20,0,0.0387,0.0052,0.0796,0.0314,-0.0473,0.0056,0.0175,0.0417,-0.0175,-0.0120,0.0264,0.0045,0.0167,0.2766,0.2813,1.0000,0,true,"",92.9797
0,g33,general,2090,20,0,0.0371,0.0037,0.0823,0.0298,0.0061,0.0096,0.0203,-0.0215,-0.0145,-0.0324,0.0747,-0.0018,0.0290,0.8953,0.9858,1.0000,0,true,"",107.1881
0,g34,general,4382,40,0,0.0567,0.0026,0.0984,0.0460,0.0471,0.0058,0.0118,0.0483,-0.1131,-0.1414,0.1471,0.0067,0.0093,0.1927,0.1954,1.0000,0,false,"",358.0104
0,g35,best,554,20,0,0.0340,0.0054,0.1004,0.0273,-0.0470,0.0147,0.0060,0.0178,0.0084,-0.1040,0.1329,0.0240,0.0240,0.4363,0.4363,1.0000,0,true,"",4.2604
0,g35,rest,1544,20,0,0.0314,0.0033,0.0542,0.0252,-0.0342,0.0041,0.0074,0.0418,-0.0191,-0.0158,0.0465,0.0076,0.0124,0.1664,0.1978,1.0000,0,true,"",23.7282
0,g36-37,best,947,40,0,0.0633,0.0051,0.1329,0.0508,0.0634,0.0206,0.0071,0.0217,-0.1127,-0.1300,0.1401,0.0310,0.0329,0.5715,0.5715,1.0000,0,false,min_msgs,12.5443
0,g36-37,rest,1362,20,0,0.0424,0.0028,0.0687,0.0343,0.0405,0.0024,0.0170,0.0166,-0.0765,-0.0917,0.0936,0.0103,0.0266,0.0237,0.1900,1.0000,0,true,min_msgs,10.8691
0,g38-39,best,2086,20,0,0.0248,0.0023,0.0431,0.0201,0.0318,0.0048,0.0061,-0.0163,-0.0264,-0.0267,0.0417,0.0015,0.0373,0.0961,0.0992,1.0000,0,true,min_msgs,11.7665
0,g38,rest,2597,20,0,0.0311,0.0028,0.0541,0.0253,0.0352,0.0051,0.0095,0.0041,-0.0539,-0.0763,0.0790,-0.0279,0.0692,0.0892,0.1950,1.0000,0,true,"",21.1388
0,g39,rest,740,40,0,0.0539,0.0027,0.1023,0.0432,0.0149,0.0093,0.0203,0.0516,-0.0961,-0.0940,0.1157,0.0135,0.0168,0.1391,0.1391,1.0000,0,false,"",12.8489
0,g40,universe-coordination,1729,20,0,0.0693,0.0043,0.1123,0.0557,-0.0085,0.0041,0.0077,0.1109,-0.1141,-0.1554,0.1678,0.0229,0.0858,0.2683,0.2704,1.0000,0,false,"",40.0819
0,g41-44,best,1167,40,0,0.0435,0.0033,0.0930,0.0350,0.0480,0.0097,0.0110,-0.0092,-0.0595,-0.0803,0.0866,0.0021,0.0124,0.0577,0.0716,1.0000,0,true,min_msgs,13.8971
0,g41,rest,1665,40,0,0.0470,0.0023,0.0767,0.0382,0.0350,0.0109,0.0114,0.0293,-0.0866,-0.0799,0.0832,0.0113,0.0195,0.1718,0.1821,1.0000,0,true,"",55.0171
0,g42-43,rest,1313,40,0,0.0549,0.0044,0.1555,0.0444,0.0449,0.0034,0.0104,0.0455,-0.1043,-0.1175,0.1236,0.0128,0.0168,0.0770,0.0880,1.0000,0,false,min_msgs,31.8855
0,g44,rest,1358,20,0,0.0429,0.0035,0.0765,0.0349,0.0190,0.0070,0.0061,0.0442,-0.0762,-0.0689,0.0784,0.0168,0.0226,0.3073,0.3742,1.0000,0,true,"",25.2587
0,g45,best,648,20,0,0.0842,0.0076,0.1498,0.0687,0.1346,0.0023,-0.0123,-0.0693,-0.0553,-0.0409,0.0660,-0.0315,0.1084,-0.0273,0.1162,1.0000,0,false,"",6.3882
0,g45,rest,1260,40,0,0.0589,0.0029,0.0919,0.0479,0.0521,0.0091,0.0090,0.0402,-0.1104,-0.1323,0.1457,0.0074,0.0326,0.1976,0.2166,1.0000,0,false,"",39.3815
0,g46-47,best,1110,40,0,0.0513,0.0036,0.1169,0.0439,0.0576,0.0258,-0.0080,0.0006,-0.0760,-0.0907,0.0907,0.0042,0.0134,-0.0009,0.0275,1.0000,0,false,min_msgs,19.1728
0,g46,rest,3762,40,0,0.0540,0.0033,0.1145,0.0436,0.0890,0.0034,0.0034,-0.0325,-0.0633,-0.0719,0.0766,-0.0230,0.0498,0.0923,0.1035,1.0000,0,false,"",155.6344
0,g47,rest,2050,20,0,0.0393,0.0032,0.0611,0.0330,0.0468,0.0039,-0.0079,0.0299,-0.0728,-0.0439,0.0567,0.0121,0.0268,0.0234,0.0902,1.0000,0,true,"",46.7412
0,g48-49,general,915,20,0,0.0348,0.0035,0.0726,0.0281,0.0308,0.0052,0.0035,0.0249,-0.0643,-0.0466,0.0571,0.0087,0.0305,0.0233,0.0302,1.0000,0,true,min_msgs,8.0308
0,g50,best,1204,40,0,0.0456,0.0029,0.0816,0.0373,0.0537,0.0054,0.0005,0.0238,-0.0835,-0.1058,0.1058,0.0059,0.0080,0.1286,0.1347,1.0000,0,true,"",28.7924
0,g50,rest,1969,40,0,0.0413,0.0028,0.0796,0.0336,0.0565,0.0005,0.0043,0.0172,-0.0784,-0.0562,0.0631,0.0150,0.0178,0.0145,0.0472,1.0000,0,true,"",58.2548
0,g51,general,44132,20,0,0.0098,0.0005,0.0148,0.0079,-0.0020,0.0005,0.0016,0.0164,-0.0166,-0.0248,0.0257,0.0025,0.0037,0.0115,0.0158,1.0000,0,true,"",905.7117
1,g01,general,5308,20,0,0.0221,0.0023,0.0406,0.0177,0.0100,0.0046,0.0000,0.0242,-0.0388,-0.0569,0.0569,0.0158,0.0162,0.0011,0.0028,1.0000,0,true,"",78.2667
1,g02-03,general,2187,20,0,0.0275,0.0039,0.0663,0.0220,0.0053,0.0152,0.0000,0.0251,-0.0456,-0.0517,0.0517,0.0143,0.0159,0.0603,0.0603,1.0000,0,true,recovery,40.0042
1,g04,general,6544,20,0,0.0144,0.0018,0.0332,0.0115,-0.0010,-0.0026,0.0000,0.0190,-0.0153,-0.0161,0.0190,0.0068,0.0100,-0.0027,0.0047,1.0000,0,true,"",114.2720
1,g05-07,general,3727,20,0,0.0230,0.0021,0.0400,0.0184,-0.0050,0.0013,0.0000,0.0218,-0.0181,-0.0124,0.0217,0.0099,0.0102,-0.0012,0.0012,1.0000,0,true,"min_msgs,recovery",64.3612
1,g08,general,3250,20,0,0.0338,0.0039,0.0818,0.0271,-0.0131,-0.0055,0.0000,0.0475,-0.0288,-0.0491,0.0491,0.0206,0.0206,-0.0681,0.0681,1.0000,0,true,"",32.2720
1,g09,general,871,40,0,0.0392,0.0035,0.1056,0.0314,-0.0479,0.0119,0.0000,0.0495,-0.0135,-0.0122,0.0277,0.0226,0.0226,0.0257,0.0257,1.0000,0,true,"",28.0711
1,g10,general,1255,20,0,0.0244,0.0030,0.0466,0.0195,0.0254,0.0126,0.0000,-0.0406,0.0026,-0.0004,0.0101,-0.0109,0.0369,0.0707,0.0716,1.0000,0,true,"",19.1915
1,g11,general,2424,40,0,0.0471,0.0038,0.1226,0.0376,0.0233,0.0117,0.0000,0.0512,-0.0863,-0.0939,0.0939,0.0139,0.0149,0.2255,0.2255,1.0000,0,true,"",158.4284
1,g12,general,3619,20,0,0.0271,0.0027,0.0529,0.0217,0.0019,0.0064,0.0000,0.0344,-0.0427,-0.0518,0.0570,0.0084,0.0105,0.1362,0.1394,1.0000,0,true,"",163.5859
1,g13,general,4567,20,0,0.0245,0.0025,0.0403,0.0196,0.0058,0.0056,0.0000,-0.0024,-0.0090,-0.0129,0.0159,-0.0037,0.0143,0.0423,0.0423,1.0000,0,true,"",129.8339
1,g14,general,1868,20,0,0.0286,0.0021,0.0493,0.0229,-0.0324,0.0118,0.0000,0.0421,-0.0215,-0.0170,0.0252,0.0099,0.0105,0.3185,0.3185,1.0000,0,true,"",33.0244
1,g15,general,2992,20,0,0.0219,0.0036,0.0685,0.0175,-0.0174,0.0069,0.0000,0.0309,-0.0203,-0.0193,0.0289,0.0072,0.0105,0.1068,0.1068,1.0000,0,true,"",83.2934
1,g16,general,1924,20,0,0.0388,0.0043,0.0833,0.0310,0.0055,0.0091,0.0000,0.0450,-0.0596,-0.0552,0.0658,0.0101,0.0118,0.0548,0.0548,1.0000,0,true,"",57.9430
1,g17,general,1994,40,0,0.0472,0.0030,0.0880,0.0378,0.0232,0.0110,0.0000,0.0549,-0.0891,-0.0946,0.0946,0.0107,0.0133,0.1309,0.1309,1.0000,0,true,"",94.3754
1,g18,general,7038,20,0,0.0236,0.0030,0.0512,0.0189,0.0142,0.0039,0.0000,0.0266,-0.0446,-0.0417,0.0431,0.0074,0.0092,0.0835,0.0835,1.0000,0,true,"",286.9556
1,g19,general,5358,20,0,0.0220,0.0030,0.0543,0.0176,0.0007,0.0043,0.0000,0.0306,-0.0356,-0.0275,0.0319,0.0096,0.0134,0.2378,0.2378,1.0000,0,true,"",161.6880
1,g20,general,4531,20,0,0.0408,0.0042,0.0824,0.0327,0.0320,0.0065,0.0000,0.0368,-0.0753,-0.1026,0.1136,0.0077,0.0111,0.0948,0.0948,1.0000,0,true,"",124.1057
1,g21,general,2437,20,0,0.0390,0.0049,0.1013,0.0312,0.0467,0.0038,0.0000,0.0039,-0.0545,-0.0541,0.0718,0.0131,0.0374,0.1076,0.1094,1.0000,0,true,"",78.5279
1,g22,general,1824,40,0,0.0408,0.0030,0.0990,0.0326,-0.0013,0.0064,0.0000,0.0493,-0.0545,-0.0479,0.0638,0.0131,0.0225,0.0761,0.0894,1.0000,0,true,"",86.6673
1,g23,general,1772,20,0,0.0361,0.0038,0.0656,0.0289,-0.0106,0.0085,0.0000,0.0420,-0.0399,-0.0138,0.0599,0.0096,0.0136,0.0347,0.0397,1.0000,0,true,"",45.8660
1,g24-25,general,4121,20,0,0.0347,0.0029,0.0611,0.0278,0.0238,0.0064,0.0000,0.0368,-0.0669,-0.0749,0.0897,0.0062,0.0080,0.1376,0.1376,1.0000,0,true,recovery,100.6040
1,g26,general,2112,20,0,0.0300,0.0028,0.0486,0.0240,0.0054,0.0080,0.0000,0.0360,-0.0494,-0.0428,0.0504,0.0064,0.0109,0.4123,0.4123,1.0000,0,true,"",53.1509
1,g27,general,3743,20,0,0.0265,0.0022,0.0455,0.0212,-0.0109,0.0038,0.0000,0.0420,-0.0349,-0.0322,0.0578,0.0067,0.0084,0.0917,0.0917,1.0000,0,true,"",79.3436
1,g28,general,2984,40,0,0.0434,0.0022,0.0756,0.0347,-0.0062,0.0086,0.0000,0.0660,-0.0684,-0.0574,0.0630,0.0088,0.0120,0.0843,0.0843,1.0000,0,true,"",238.1441
1,g29,general,1593,20,0,0.0271,0.0027,0.0497,0.0217,-0.0536,0.0073,0.0000,0.0370,0.0093,0.0099,0.0189,0.0036,0.0147,0.0734,0.0743,1.0000,0,true,"",21.4072
1,g30,general,2632,20,0,0.0360,0.0031,0.0679,0.0289,-0.0433,0.0072,0.0093,0.0523,-0.0255,-0.0199,0.0398,0.0069,0.0120,0.1782,0.1782,1.0000,0,true,"",86.4897
1,g31,general,3137,20,0,0.0390,0.0039,0.0707,0.0321,-0.0421,0.0063,-0.0026,0.0663,-0.0279,-0.0289,0.0481,0.0077,0.0117,0.0192,0.2726,1.0000,0,true,"",132.1868
1,g32,general,2928,20,0,0.0387,0.0052,0.0796,0.0314,-0.0473,0.0056,0.0175,0.0417,-0.0175,-0.0120,0.0264,0.0045,0.0167,0.2766,0.2813,1.0000,0,true,"",92.9797
1,g33-34,general,6472,40,0,0.0462,0.0022,0.0718,0.0374,0.0353,0.0027,0.0076,0.0452,-0.0908,-0.1334,0.1366,0.0056,0.0070,0.1149,0.1187,1.0000,0,true,recovery,555.6217
1,g35-37,best,1501,20,6,0.0409,0.0054,0.0793,0.0330,0.0497,0.0023,0.0042,0.0227,-0.0790,-0.1898,0.1898,0.0344,0.0348,0.2164,0.2326,1.0000,0,false,"min_msgs,recovery",50.6266
1,g35,rest,1544,20,0,0.0314,0.0033,0.0542,0.0252,-0.0342,0.0041,0.0074,0.0418,-0.0191,-0.0158,0.0465,0.0076,0.0124,0.1664,0.1978,1.0000,0,true,"",23.7282
1,g36-37,rest,1362,20,0,0.0424,0.0028,0.0687,0.0343,0.0405,0.0024,0.0170,0.0166,-0.0765,-0.0917,0.0936,0.0103,0.0266,0.0237,0.1900,1.0000,0,true,min_msgs,10.8691
1,g38-39,best,2086,20,0,0.0248,0.0023,0.0431,0.0201,0.0318,0.0048,0.0061,-0.0163,-0.0264,-0.0267,0.0417,0.0015,0.0373,0.0961,0.0992,1.0000,0,true,min_msgs,11.7665
1,g38-39,rest,3337,20,0,0.0294,0.0027,0.0567,0.0239,0.0210,0.0030,0.0086,0.0226,-0.0552,-0.0672,0.0759,0.0117,0.0156,0.0524,0.0752,1.0000,0,true,recovery,25.9114
1,g40,universe-coordination,1729,20,0,0.0693,0.0043,0.1123,0.0557,-0.0085,0.0041,0.0077,0.1109,-0.1141,-0.1554,0.1678,0.0229,0.0858,0.2683,0.2704,1.0000,0,false,"",40.0819
1,g41-44,best,1167,40,0,0.0435,0.0033,0.0930,0.0350,0.0480,0.0097,0.0110,-0.0092,-0.0595,-0.0803,0.0866,0.0021,0.0124,0.0577,0.0716,1.0000,0,true,min_msgs,13.8971
1,g41-43,rest,2978,20,0,0.0390,0.0041,0.0972,0.0317,0.0288,0.0033,0.0111,0.0316,-0.0748,-0.0730,0.0777,0.0203,0.0257,0.1111,0.1151,1.0000,0,true,"min_msgs,recovery",44.5306
1,g44-45,rest,2618,40,0,0.0473,0.0033,0.0948,0.0383,0.0500,0.0039,0.0091,0.0293,-0.0923,-0.0957,0.1067,0.0117,0.0157,0.1271,0.1318,1.0000,0,true,recovery,87.1545
1,g45-47,best,1758,40,0,0.0445,0.0032,0.0951,0.0370,0.0539,0.0142,-0.0010,0.0044,-0.0716,-0.0780,0.0785,0.0181,0.0351,0.0148,0.0228,1.0000,0,true,"min_msgs,recovery",32.6964
1,g46-47,rest,5812,20,0,0.0298,0.0021,0.0521,0.0240,0.0397,0.0033,0.0042,0.0093,-0.0565,-0.0752,0.0753,0.0067,0.0185,0.0640,0.0701,1.0000,0,true,recovery,112.7662
1,g48-49,general,915,20,0,0.0348,0.0035,0.0726,0.0281,0.0308,0.0052,0.0035,0.0249,-0.0643,-0.0466,0.0571,0.0087,0.0305,0.0233,0.0302,1.0000,0,true,min_msgs,8.0308
1,g50,best,1204,40,0,0.0456,0.0029,0.0816,0.0373,0.0537,0.0054,0.0005,0.0238,-0.0835,-0.1058,0.1058,0.0059,0.0080,0.1286,0.1347,1.0000,0,true,"",28.7924
1,g50,rest,1969,40,0,0.0413,0.0028,0.0796,0.0336,0.0565,0.0005,0.0043,0.0172,-0.0784,-0.0562,0.0631,0.0150,0.0178,0.0145,0.0472,1.0000,0,true,"",58.2548
1,g51,general,44132,20,0,0.0098,0.0005,0.0148,0.0079,-0.0020,0.0005,0.0016,0.0164,-0.0166,-0.0248,0.0257,0.0025,0.0037,0.0115,0.0158,1.0000,0,true,"",905.7117
2,g01,general,5308,20,0,0.0221,0.0023,0.0406,0.0177,0.0100,0.0046,0.0000,0.0242,-0.0388,-0.0569,0.0569,0.0158,0.0162,0.0011,0.0028,1.0000,0,true,"",78.2667
2,g02-03,general,2187,20,0,0.0275,0.0039,0.0663,0.0220,0.0053,0.0152,0.0000,0.0251,-0.0456,-0.0517,0.0517,0.0143,0.0159,0.0603,0.0603,1.0000,0,true,recovery,40.0042
2,g04,general,6544,20,0,0.0144,0.0018,0.0332,0.0115,-0.0010,-0.0026,0.0000,0.0190,-0.0153,-0.0161,0.0190,0.0068,0.0100,-0.0027,0.0047,1.0000,0,true,"",114.2720
2,g05-07,general,3727,20,0,0.0230,0.0021,0.0400,0.0184,-0.0050,0.0013,0.0000,0.0218,-0.0181,-0.0124,0.0217,0.0099,0.0102,-0.0012,0.0012,1.0000,0,true,"min_msgs,recovery",64.3612
2,g08,general,3250,20,0,0.0338,0.0039,0.0818,0.0271,-0.0131,-0.0055,0.0000,0.0475,-0.0288,-0.0491,0.0491,0.0206,0.0206,-0.0681,0.0681,1.0000,0,true,"",32.2720
2,g09,general,871,40,0,0.0392,0.0035,0.1056,0.0314,-0.0479,0.0119,0.0000,0.0495,-0.0135,-0.0122,0.0277,0.0226,0.0226,0.0257,0.0257,1.0000,0,true,"",28.0711
2,g10,general,1255,20,0,0.0244,0.0030,0.0466,0.0195,0.0254,0.0126,0.0000,-0.0406,0.0026,-0.0004,0.0101,-0.0109,0.0369,0.0707,0.0716,1.0000,0,true,"",19.1915
2,g11,general,2424,40,0,0.0471,0.0038,0.1226,0.0376,0.0233,0.0117,0.0000,0.0512,-0.0863,-0.0939,0.0939,0.0139,0.0149,0.2255,0.2255,1.0000,0,true,"",158.4284
2,g12,general,3619,20,0,0.0271,0.0027,0.0529,0.0217,0.0019,0.0064,0.0000,0.0344,-0.0427,-0.0518,0.0570,0.0084,0.0105,0.1362,0.1394,1.0000,0,true,"",163.5859
2,g13,general,4567,20,0,0.0245,0.0025,0.0403,0.0196,0.0058,0.0056,0.0000,-0.0024,-0.0090,-0.0129,0.0159,-0.0037,0.0143,0.0423,0.0423,1.0000,0,true,"",129.8339
2,g14,general,1868,20,0,0.0286,0.0021,0.0493,0.0229,-0.0324,0.0118,0.0000,0.0421,-0.0215,-0.0170,0.0252,0.0099,0.0105,0.3185,0.3185,1.0000,0,true,"",33.0244
2,g15,general,2992,20,0,0.0219,0.0036,0.0685,0.0175,-0.0174,0.0069,0.0000,0.0309,-0.0203,-0.0193,0.0289,0.0072,0.0105,0.1068,0.1068,1.0000,0,true,"",83.2934
2,g16,general,1924,20,0,0.0388,0.0043,0.0833,0.0310,0.0055,0.0091,0.0000,0.0450,-0.0596,-0.0552,0.0658,0.0101,0.0118,0.0548,0.0548,1.0000,0,true,"",57.9430
2,g17,general,1994,40,0,0.0472,0.0030,0.0880,0.0378,0.0232,0.0110,0.0000,0.0549,-0.0891,-0.0946,0.0946,0.0107,0.0133,0.1309,0.1309,1.0000,0,true,"",94.3754
2,g18,general,7038,20,0,0.0236,0.0030,0.0512,0.0189,0.0142,0.0039,0.0000,0.0266,-0.0446,-0.0417,0.0431,0.0074,0.0092,0.0835,0.0835,1.0000,0,true,"",286.9556
2,g19,general,5358,20,0,0.0220,0.0030,0.0543,0.0176,0.0007,0.0043,0.0000,0.0306,-0.0356,-0.0275,0.0319,0.0096,0.0134,0.2378,0.2378,1.0000,0,true,"",161.6880
2,g20,general,4531,20,0,0.0408,0.0042,0.0824,0.0327,0.0320,0.0065,0.0000,0.0368,-0.0753,-0.1026,0.1136,0.0077,0.0111,0.0948,0.0948,1.0000,0,true,"",124.1057
2,g21,general,2437,20,0,0.0390,0.0049,0.1013,0.0312,0.0467,0.0038,0.0000,0.0039,-0.0545,-0.0541,0.0718,0.0131,0.0374,0.1076,0.1094,1.0000,0,true,"",78.5279
2,g22,general,1824,40,0,0.0408,0.0030,0.0990,0.0326,-0.0013,0.0064,0.0000,0.0493,-0.0545,-0.0479,0.0638,0.0131,0.0225,0.0761,0.0894,1.0000,0,true,"",86.6673
2,g23,general,1772,20,0,0.0361,0.0038,0.0656,0.0289,-0.0106,0.0085,0.0000,0.0420,-0.0399,-0.0138,0.0599,0.0096,0.0136,0.0347,0.0397,1.0000,0,true,"",45.8660
2,g24-25,general,4121,20,0,0.0347,0.0029,0.0611,0.0278,0.0238,0.0064,0.0000,0.0368,-0.0669,-0.0749,0.0897,0.0062,0.0080,0.1376,0.1376,1.0000,0,true,recovery,100.6040
2,g26,general,2112,20,0,0.0300,0.0028,0.0486,0.0240,0.0054,0.0080,0.0000,0.0360,-0.0494,-0.0428,0.0504,0.0064,0.0109,0.4123,0.4123,1.0000,0,true,"",53.1509
2,g27,general,3743,20,0,0.0265,0.0022,0.0455,0.0212,-0.0109,0.0038,0.0000,0.0420,-0.0349,-0.0322,0.0578,0.0067,0.0084,0.0917,0.0917,1.0000,0,true,"",79.3436
2,g28,general,2984,40,0,0.0434,0.0022,0.0756,0.0347,-0.0062,0.0086,0.0000,0.0660,-0.0684,-0.0574,0.0630,0.0088,0.0120,0.0843,0.0843,1.0000,0,true,"",238.1441
2,g29,general,1593,20,0,0.0271,0.0027,0.0497,0.0217,-0.0536,0.0073,0.0000,0.0370,0.0093,0.0099,0.0189,0.0036,0.0147,0.0734,0.0743,1.0000,0,true,"",21.4072
2,g30,general,2632,20,0,0.0360,0.0031,0.0679,0.0289,-0.0433,0.0072,0.0093,0.0523,-0.0255,-0.0199,0.0398,0.0069,0.0120,0.1782,0.1782,1.0000,0,true,"",86.4897
2,g31,general,3137,20,0,0.0390,0.0039,0.0707,0.0321,-0.0421,0.0063,-0.0026,0.0663,-0.0279,-0.0289,0.0481,0.0077,0.0117,0.0192,0.2726,1.0000,0,true,"",132.1868
2,g32,general,2928,20,0,0.0387,0.0052,0.0796,0.0314,-0.0473,0.0056,0.0175,0.0417,-0.0175,-0.0120,0.0264,0.0045,0.0167,0.2766,0.2813,1.0000,0,true,"",92.9797
2,g33-34,general,6472,40,0,0.0462,0.0022,0.0718,0.0374,0.0353,0.0027,0.0076,0.0452,-0.0908,-0.1334,0.1366,0.0056,0.0070,0.1149,0.1187,1.0000,0,true,recovery,555.6217
2,g35-39,best,3587,20,0,0.0206,0.0022,0.0442,0.0166,0.0208,0.0015,0.0034,0.0102,-0.0359,-0.1617,0.1617,0.0083,0.0158,0.0889,0.0964,1.0000,0,true,"min_msgs,recovery",178.1545
2,g35,rest,1544,20,0,0.0314,0.0033,0.0542,0.0252,-0.0342,0.0041,0.0074,0.0418,-0.0191,-0.0158,0.0465,0.0076,0.0124,0.1664,0.1978,1.0000,0,true,"",23.7282
2,g36-37,rest,1362,20,0,0.0424,0.0028,0.0687,0.0343,0.0405,0.0024,0.0170,0.0166,-0.0765,-0.0917,0.0936,0.0103,0.0266,0.0237,0.1900,1.0000,0,true,min_msgs,10.8691
2,g38-39,rest,3337,20,0,0.0294,0.0027,0.0567,0.0239,0.0210,0.0030,0.0086,0.0226,-0.0552,-0.0672,0.0759,0.0117,0.0156,0.0524,0.0752,1.0000,0,true,recovery,25.9114
2,g40,universe-coordination,1729,20,0,0.0693,0.0043,0.1123,0.0557,-0.0085,0.0041,0.0077,0.1109,-0.1141,-0.1554,0.1678,0.0229,0.0858,0.2683,0.2704,1.0000,0,false,"",40.0819
2,g41-44,best,1167,40,0,0.0435,0.0033,0.0930,0.0350,0.0480,0.0097,0.0110,-0.0092,-0.0595,-0.0803,0.0866,0.0021,0.0124,0.0577,0.0716,1.0000,0,true,min_msgs,13.8971
2,g41-43,rest,2978,20,0,0.0390,0.0041,0.0972,0.0317,0.0288,0.0033,0.0111,0.0316,-0.0748,-0.0730,0.0777,0.0203,0.0257,0.1111,0.1151,1.0000,0,true,"min_msgs,recovery",44.5306
2,g44-45,rest,2618,40,0,0.0473,0.0033,0.0948,0.0383,0.0500,0.0039,0.0091,0.0293,-0.0923,-0.0957,0.1067,0.0117,0.0157,0.1271,0.1318,1.0000,0,true,recovery,87.1545
2,g45-47,best,1758,40,0,0.0445,0.0032,0.0951,0.0370,0.0539,0.0142,-0.0010,0.0044,-0.0716,-0.0780,0.0785,0.0181,0.0351,0.0148,0.0228,1.0000,0,true,"min_msgs,recovery",32.6964
2,g46-47,rest,5812,20,0,0.0298,0.0021,0.0521,0.0240,0.0397,0.0033,0.0042,0.0093,-0.0565,-0.0752,0.0753,0.0067,0.0185,0.0640,0.0701,1.0000,0,true,recovery,112.7662
2,g48-49,general,915,20,0,0.0348,0.0035,0.0726,0.0281,0.0308,0.0052,0.0035,0.0249,-0.0643,-0.0466,0.0571,0.0087,0.0305,0.0233,0.0302,1.0000,0,true,min_msgs,8.0308
2,g50,best,1204,40,0,0.0456,0.0029,0.0816,0.0373,0.0537,0.0054,0.0005,0.0238,-0.0835,-0.1058,0.1058,0.0059,0.0080,0.1286,0.1347,1.0000,0,true,"",28.7924
2,g50,rest,1969,40,0,0.0413,0.0028,0.0796,0.0336,0.0565,0.0005,0.0043,0.0172,-0.0784,-0.0562,0.0631,0.0150,0.0178,0.0145,0.0472,1.0000,0,true,"",58.2548
2,g51,general,44132,20,0,0.0098,0.0005,0.0148,0.0079,-0.0020,0.0005,0.0016,0.0164,-0.0166,-0.0248,0.0257,0.0025,0.0037,0.0115,0.0158,1.0000,0,true,"",905.7117
