window_id,group,date_start,date_end,n_msgs,share_of_window,fitted,K,n_days,n_dates,agent_days_present,K_part_time,K_core,rho_core,max_n_self,rho,share_baseline,share_human,share_system,share_other_agents,share_self,converged,newton_gain,start_spread,n_violations,secs,identified_self,identified_other,identified_human,identified_system
rd001-005,general,2025-04-02,2025-04-06,767,1.0000,true,4,5,5,20,0,4,0.6618,0.6421,0.6618,0.3660,0.1052,0.0000,0.1034,0.4255,true,0.0000,0.0000,0,0.7879,true,true,true,false
rd006-010,general,2025-04-07,2025-04-11,517,1.0000,true,4,5,5,20,0,4,0.4700,0.4390,0.4700,0.2890,0.2283,0.0000,0.2128,0.2698,true,0.0000,0.4038,0,0.4675,true,true,true,false
rd011-015,general,2025-04-14,2025-04-18,356,1.0000,false,,,,,,,,,,,,,,,,,,,,,,,
rd016-020,general,2025-04-21,2025-04-25,517,1.0000,true,5,5,5,20,2,3,0.8518,0.8468,0.8676,0.3150,0.1979,0.0000,0.3593,0.1278,true,0.0000,0.0000,0,0.4929,true,true,true,false
rd021-025,general,2025-04-28,2025-05-02,825,1.0000,true,4,5,5,20,0,4,0.7301,0.4738,0.7301,0.1542,0.1488,0.0000,0.4549,0.2421,true,0.0000,0.0000,0,0.4108,true,true,true,false
rd026-030,general,2025-05-05,2025-05-09,2326,1.0000,true,4,5,5,20,0,4,0.9392,0.8906,0.9392,0.1328,0.0136,0.0000,0.1993,0.6543,true,0.0000,0.0000,0,3.3099,true,true,false,false
rd031-035,general,2025-05-10,2025-05-14,2187,1.0000,true,4,5,5,19,0,4,0.8461,0.7521,0.8461,0.1226,0.0359,0.0000,0.1877,0.6538,true,0.0000,1.0113,0,1.8109,true,true,true,false
rd036-040,general,2025-05-15,2025-05-21,1666,1.0000,true,4,5,5,20,0,4,0.7976,0.7778,0.7976,0.2279,0.0712,0.0000,0.2334,0.4675,true,0.0000,0.0000,0,2.0299,true,true,true,false
rd041-045,general,2025-05-22,2025-05-28,1389,1.0000,true,5,5,5,20,1,4,0.7485,0.7395,0.7490,0.3042,0.1391,0.0000,0.1597,0.3970,true,0.0000,0.0000,0,1.3374,true,true,true,false
rd046-050,general,2025-05-29,2025-06-04,832,1.0000,true,4,5,5,20,0,4,0.8808,0.8808,0.8808,0.4717,0.1368,0.0000,0.0837,0.3079,true,0.0000,0.0000,0,0.8892,true,true,true,false
rd051-055,general,2025-06-05,2025-06-11,1311,1.0000,true,4,5,5,20,0,4,0.7893,0.7680,0.7893,0.2764,0.0738,0.0000,0.1790,0.4708,true,0.0000,0.0000,0,1.6686,true,true,true,false
rd056-060,general,2025-06-12,2025-06-18,1346,1.0000,true,4,6,5,24,0,4,0.8854,0.8854,0.8854,0.2421,0.1378,0.0000,0.2632,0.3569,true,0.0000,0.0000,0,1.7870,true,true,true,false
rd061-065,general,2025-06-19,2025-06-25,1119,1.0000,true,4,5,5,20,0,4,0.5453,0.5061,0.5453,0.4283,0.1252,0.0000,0.0872,0.3593,true,0.0000,0.0000,0,2.7911,true,true,true,false
rd066-070,general,2025-06-26,2025-07-01,850,1.0000,true,4,6,5,24,0,4,0.6033,0.4330,0.6033,0.4713,0.0972,0.0000,0.2954,0.1361,true,0.0000,0.0000,0,1.1196,true,true,true,false
rd071-075,general,2025-07-02,2025-07-08,758,1.0000,true,4,5,5,20,0,4,0.2870,0.0815,0.2870,0.5576,0.0077,0.0000,0.4245,0.0102,true,0.0000,0.5704,0,0.2941,false,true,false,false
rd076-080,general,2025-07-09,2025-07-15,619,1.0000,true,4,5,5,20,0,4,0.5664,0.5488,0.5664,0.5277,0.0224,0.0000,0.2653,0.1845,true,0.0000,0.0000,0,0.6367,true,true,false,false
rd081-085,general,2025-07-16,2025-07-22,1024,1.0000,true,4,5,5,20,0,4,0.6644,0.6214,0.6644,0.5233,0.0718,0.0000,0.1784,0.2265,true,0.0000,0.0000,0,0.7313,true,true,true,false
rd086-090,general,2025-07-23,2025-07-29,741,1.0000,true,4,5,5,20,0,4,0.3615,0.2868,0.3615,0.6283,0.0715,0.0000,0.2261,0.0741,true,0.0000,0.0000,0,0.7020,true,true,true,false
rd091-095,general,2025-07-30,2025-08-05,865,1.0000,true,4,5,5,20,0,4,0.9707,0.9707,0.9707,0.4993,0.0000,0.0000,0.0433,0.4575,true,0.0000,0.3376,0,0.6028,true,false,false,false
rd096-100,general,2025-08-06,2025-08-12,1001,1.0000,true,4,5,5,20,0,4,0.8563,0.8563,0.8563,0.2235,0.0954,0.0000,0.0147,0.6664,true,0.0000,0.1664,0,0.6539,true,false,true,false
rd101-105,general,2025-08-13,2025-08-19,1349,1.0000,true,7,5,5,26,3,4,0.7655,0.9490,0.9490,0.2140,0.0555,0.0000,0.5280,0.2024,true,0.0000,0.0000,0,1.1836,true,true,true,false
rd106-110,general,2025-08-20,2025-08-26,1529,1.0000,true,7,5,5,35,0,7,0.9045,0.8670,0.9045,0.3928,0.0194,0.0000,0.2869,0.3009,true,0.0000,0.0000,0,1.6917,true,true,false,false
rd111-115,general,2025-08-27,2025-09-02,3146,1.0000,true,7,5,5,35,0,7,0.8525,0.6871,0.8525,0.3096,0.0167,0.0000,0.2934,0.3803,true,0.0000,0.0000,0,6.1515,true,true,true,false
rd116-120,general,2025-09-03,2025-09-09,3153,1.0000,true,7,5,5,33,1,6,0.9229,0.9226,0.9249,0.3185,0.0239,0.0000,0.2372,0.4203,true,0.0000,0.0000,0,9.5082,true,true,true,false
rd121-125,general,2025-09-10,2025-09-16,2435,1.0000,true,6,5,5,30,0,6,0.8122,0.8104,0.8122,0.3581,0.0589,0.0000,0.2982,0.2848,true,0.0000,0.0000,0,5.0882,true,true,true,false
rd126-130,general,2025-09-17,2025-09-23,1767,1.0000,true,6,5,5,30,0,6,0.8594,0.8359,0.8594,0.3619,0.0111,0.0000,0.3355,0.2915,true,0.0000,0.0000,0,1.9024,true,true,false,false
rd131-135,general,2025-09-24,2025-09-30,2154,1.0000,true,7,5,5,31,1,6,0.8364,0.8318,0.8399,0.3806,0.0109,0.0000,0.1872,0.4213,true,0.0000,0.0000,0,1.6179,true,true,false,false
rd136-140,general,2025-10-01,2025-10-07,2912,1.0000,true,7,5,5,35,0,7,0.8262,0.8086,0.8262,0.3137,0.0076,0.0000,0.3635,0.3152,true,0.0000,0.0000,0,4.1300,true,true,false,false
rd141-145,general,2025-10-08,2025-10-14,2008,1.0000,true,7,5,5,35,0,7,0.7681,0.7291,0.7681,0.3687,0.0147,0.0000,0.1995,0.4172,true,0.0000,0.0000,0,1.7300,true,true,false,false
rd146-150,general,2025-10-15,2025-10-21,1659,1.0000,true,7,5,5,35,0,7,0.7366,0.3826,0.7366,0.2398,0.0086,0.0000,0.5537,0.1979,true,0.0000,0.0000,0,1.8581,true,true,false,false
rd151-155,general,2025-10-22,2025-10-28,4495,1.0000,true,8,5,5,40,0,8,0.8787,0.6217,0.8787,0.1676,0.0139,0.0000,0.4214,0.3971,true,0.0000,0.0000,0,10.5388,true,true,true,false
rd156-160,general,2025-10-29,2025-11-04,3577,1.0000,true,7,5,5,35,0,7,0.8926,0.6926,0.8926,0.1537,0.0066,0.0000,0.3501,0.4897,true,0.0000,0.0000,0,5.4433,true,true,false,false
rd161-165,general,2025-11-05,2025-11-11,2423,1.0000,true,7,5,5,35,0,7,0.8317,0.6241,0.8317,0.2368,0.0050,0.0000,0.4797,0.2785,true,0.0000,0.0795,0,5.2163,true,true,false,false
rd166-170,general,2025-11-12,2025-11-18,2111,1.0000,true,8,5,5,38,1,7,0.7148,0.5770,0.7249,0.3852,0.0107,0.0000,0.3351,0.2690,true,0.0000,29.4095,0,3.0546,true,true,false,false
rd171-175,general,2025-11-19,2025-11-25,1896,1.0000,true,10,5,5,46,1,9,0.6631,0.6261,0.8400,0.3673,0.0124,0.0000,0.5089,0.1114,true,0.0000,0.0000,0,4.2294,true,true,false,false
rd176-180,general,2025-11-26,2025-12-02,2452,1.0000,true,10,5,5,46,2,8,0.8065,0.7084,0.8423,0.3338,0.0033,0.0000,0.3010,0.3619,true,0.0000,0.0000,0,5.9715,true,true,false,false
rd181-185,general,2025-12-03,2025-12-09,2436,1.0000,true,9,5,5,44,0,9,0.9197,0.7016,0.9197,0.2575,0.0047,0.0000,0.4431,0.2947,true,0.0000,0.0000,0,4.1543,true,true,false,false
rd186-190,general,2025-12-10,2025-12-16,1865,1.0000,true,10,5,5,48,1,9,0.8785,0.8376,0.8884,0.3709,0.0157,0.0000,0.3335,0.2799,true,0.0000,0.0000,0,2.2729,true,true,false,false
rd191-195,general,2025-12-17,2025-12-23,1657,1.0000,true,10,5,5,50,0,10,0.9692,0.9296,0.9692,0.4845,0.0098,0.0000,0.2677,0.2380,true,0.0000,0.0000,0,2.5076,true,true,false,false
rd196-200,general,2025-12-24,2025-12-30,2386,1.0000,true,10,5,5,50,0,10,0.9941,0.9623,0.9941,0.3087,0.0097,0.0000,0.3125,0.3690,true,0.0000,0.0000,0,5.4637,true,true,false,false
rd201-205,general,2025-12-31,2026-01-06,1928,1.0000,true,10,5,5,49,0,10,0.8250,0.7340,0.8250,0.3648,0.0099,0.0000,0.3358,0.2895,true,0.0000,0.0000,0,2.7416,true,true,false,false
rd206-210,general,2026-01-07,2026-01-13,1877,1.0000,true,10,5,5,50,0,10,0.7476,0.3732,0.7476,0.2977,0.0045,0.0000,0.5189,0.1789,true,0.0000,0.0000,0,3.1292,true,true,false,false
rd211-215,general,2026-01-14,2026-01-20,1866,1.0000,true,10,5,5,50,0,10,0.6068,0.5945,0.6068,0.6609,0.0034,0.0000,0.2027,0.1330,true,0.0000,0.0000,0,4.1931,true,true,false,false
rd216-220,general,2026-01-21,2026-01-27,2579,1.0000,true,11,5,5,52,1,10,0.8350,0.7639,0.8413,0.3914,0.0088,0.0000,0.2561,0.3437,true,0.0000,0.0000,0,7.3489,true,true,false,false
rd221-225,general,2026-01-28,2026-02-03,2398,1.0000,true,11,5,5,55,0,11,0.9434,0.8600,0.9434,0.2373,0.0179,0.0000,0.4000,0.3448,true,0.0000,0.8058,0,6.3880,true,true,false,false
rd226-230,general,2026-02-04,2026-02-10,2018,1.0000,true,12,5,5,58,1,11,0.5682,0.4995,0.6180,0.4742,0.0099,0.0000,0.3994,0.1165,true,0.0000,0.0000,0,4.0137,true,true,false,false
rd231-235,general,2026-02-11,2026-02-17,2815,1.0000,true,12,5,5,60,0,12,0.5378,0.5034,0.5378,0.5840,0.0082,0.0067,0.2785,0.1227,true,0.0000,6.9491,0,5.1168,true,true,false,false
rd236-240,general,2026-02-18,2026-02-24,2932,1.0000,true,13,5,5,61,1,12,0.8348,0.8102,0.8349,0.4784,0.0111,0.0552,0.2698,0.1855,true,0.0000,0.0000,0,14.1480,true,true,false,true
rd241-245,general,2026-02-25,2026-03-03,3255,1.0000,true,12,5,5,60,0,12,0.7516,0.6035,0.7516,0.4208,0.0045,0.0072,0.2885,0.2790,true,0.0000,0.0000,0,9.3225,true,true,false,false
rd246-250,general,2026-03-04,2026-03-10,3420,0.9421,true,13,5,5,60,2,11,0.8777,0.8431,0.8932,0.3726,0.0256,0.0068,0.3026,0.2924,true,0.0000,30.8061,0,9.4694,true,true,true,false
rd251-255,general,2026-03-11,2026-03-17,1706,0.6484,true,12,4,4,48,0,12,1.0122,0.9891,1.0122,0.0332,0.0035,0.0261,0.6104,0.3268,true,0.0000,0.1059,0,2.5003,true,true,false,true
rd251-255,rest,2026-03-11,2026-03-17,680,0.2585,true,10,2,2,20,0,10,0.6974,0.6776,0.6974,0.5340,0.0000,0.0039,0.3450,0.1171,true,0.0000,0.3230,0,0.7620,true,true,false,false
rd256-260,best,2026-03-18,2026-03-24,620,0.2918,true,5,5,5,18,2,3,0.3356,1.1299,1.1299,0.7292,0.0170,0.0029,0.1716,0.0793,true,0.0000,0.0000,0,0.2835,true,true,false,false
rd256-260,rest,2026-03-18,2026-03-24,1335,0.6282,true,10,5,5,50,0,10,0.8945,0.6443,0.8945,0.1730,0.0415,0.0064,0.6552,0.1239,true,0.0000,0.0000,0,1.6464,true,true,true,false
rd261-265,best,2026-03-25,2026-03-31,603,0.4185,true,4,5,5,18,1,3,0.7507,0.7815,0.8115,0.2279,0.0134,0.0097,0.2292,0.5198,true,0.0000,0.0000,0,0.2528,true,true,false,false
rd261-265,rest,2026-03-25,2026-03-31,745,0.5170,true,8,5,5,40,0,8,0.9397,0.9392,0.9397,0.2782,0.0054,0.0559,0.2567,0.4038,true,0.0000,0.0000,0,0.5153,true,true,false,false
rd266-270,best,2026-04-01,2026-04-07,733,0.4788,true,4,5,5,19,0,4,0.6439,0.6391,0.6439,0.4382,0.0136,0.0328,0.0948,0.4205,true,0.0000,0.0000,0,0.6196,true,true,false,false
rd266-270,rest,2026-04-01,2026-04-07,798,0.5212,true,9,5,5,42,1,8,0.5043,0.4541,0.5043,0.5110,0.0420,0.0477,0.2765,0.1227,true,0.0000,0.0000,0,0.6916,true,true,false,true
rd271-275,best,2026-04-08,2026-04-14,626,0.4603,true,4,5,5,20,0,4,0.6252,0.5271,0.6252,0.4028,0.0079,0.0220,0.2679,0.2995,true,0.0000,0.0000,0,0.3619,true,true,false,false
rd271-275,rest,2026-04-08,2026-04-14,734,0.5397,true,8,5,5,40,0,8,0.8768,0.3670,0.8768,0.4292,0.0187,0.0082,0.3445,0.1995,true,0.0000,2.2993,0,0.6234,true,true,false,false
rd276-280,best,2026-04-15,2026-04-21,511,0.4209,true,5,5,5,23,1,4,0.7319,0.7184,0.7368,0.3145,0.1031,0.0054,0.1832,0.3938,true,0.0000,0.6437,0,0.4873,true,true,true,false
rd276-280,rest,2026-04-15,2026-04-21,703,0.5791,true,7,5,5,35,0,7,0.7075,0.6957,0.7075,0.5665,0.0000,0.0359,0.2264,0.1711,true,0.0000,0.0000,0,0.5807,true,true,false,false
rd281-285,best,2026-04-22,2026-04-28,243,0.2596,false,,,,,,,,,,,,,,,,,,,,,,,
rd281-285,rest,2026-04-22,2026-04-28,693,0.7404,true,11,5,5,44,4,7,0.9844,0.9588,0.9852,0.2404,0.0170,0.0192,0.1856,0.5378,true,0.0000,0.0000,0,0.7180,true,true,false,false
rd286-290,rest,2026-04-29,2026-05-05,555,0.4186,true,11,3,3,33,0,11,0.7931,0.7735,0.7931,0.4534,0.0154,0.0403,0.2389,0.2520,true,0.0000,0.2356,0,0.8468,true,true,false,false
rd286-290,universe-coordination,2026-04-29,2026-05-05,729,0.5498,true,14,2,2,28,0,14,1.0253,1.0217,1.0253,0.6997,0.0000,0.0102,0.2079,0.0822,true,0.0000,0.3938,0,0.8306,true,true,false,false
rd291-295,best,2026-05-06,2026-05-12,232,0.1202,false,,,,,,,,,,,,,,,,,,,,,,,
rd291-295,rest,2026-05-06,2026-05-12,698,0.3617,true,11,3,3,23,10,1,0.0000,0.6893,0.8089,0.2597,0.0014,0.0032,0.4272,0.3085,true,0.0000,0.0019,0,1.1154,true,true,false,false
rd291-295,universe-coordination,2026-05-06,2026-05-12,1000,0.5181,true,14,3,3,42,0,14,0.8318,0.5023,0.8318,0.2698,0.0320,0.0115,0.5865,0.1003,true,0.0000,2.8838,0,1.7815,true,true,false,false
rd296-300,best,2026-05-13,2026-05-19,351,0.2123,false,,,,,,,,,,,,,,,,,,,,,,,
rd296-300,rest,2026-05-13,2026-05-19,1302,0.7877,true,10,5,5,50,0,10,0.6544,0.5814,0.6544,0.3829,0.0540,0.0166,0.2640,0.2825,true,0.0000,0.0000,0,2.1303,true,true,true,false
rd301-305,best,2026-05-20,2026-05-26,272,0.1718,false,,,,,,,,,,,,,,,,,,,,,,,
rd301-305,rest,2026-05-20,2026-05-26,1311,0.8282,true,11,5,5,52,1,10,0.8157,0.7219,0.8890,0.2355,0.0189,0.0115,0.3681,0.3660,true,0.0000,0.2238,0,1.2929,true,true,false,false
rd306-310,best,2026-05-27,2026-06-02,508,0.2473,true,7,5,5,27,2,5,0.7853,0.7357,0.7915,0.4427,0.0604,0.0130,0.2080,0.2759,true,0.0000,5.2827,0,0.3275,true,true,false,false
rd306-310,rest,2026-05-27,2026-06-02,1546,0.7527,true,12,5,5,56,1,11,1.0008,1.0007,1.0008,0.2982,0.0204,0.0123,0.2207,0.4484,true,0.0000,0.0000,0,2.6566,true,true,false,false
rd311-315,best,2026-06-03,2026-06-09,926,0.2792,true,6,5,5,24,2,4,0.5068,0.6188,0.6476,0.2368,0.1396,0.0415,0.5264,0.0556,true,0.0000,0.0000,0,1.1435,true,true,true,false
rd311-315,rest,2026-06-03,2026-06-09,2383,0.7184,true,12,5,5,60,0,12,0.8229,0.7603,0.8229,0.2491,0.0137,0.0466,0.2779,0.4127,true,0.0000,0.0000,0,3.9754,true,true,false,true
rd316-320,best,2026-06-10,2026-06-15,423,0.1305,false,,,,,,,,,,,,,,,,,,,,,,,
rd316-320,rest,2026-06-10,2026-06-15,2676,0.8254,true,13,5,5,65,0,13,0.8848,0.8395,0.8848,0.1412,0.0421,0.0053,0.1967,0.6147,true,0.0000,0.0000,0,6.4255,true,true,true,false
rd321-325,best,2026-06-16,2026-06-22,213,0.1009,false,,,,,,,,,,,,,,,,,,,,,,,
rd321-325,general,2026-06-16,2026-06-22,405,0.1918,false,,,,,,,,,,,,,,,,,,,,,,,
rd321-325,rest,2026-06-16,2026-06-22,1494,0.7074,true,12,5,5,60,0,12,0.9571,0.9077,0.9571,0.0597,0.0079,0.0825,0.2942,0.5556,true,0.0000,0.0000,0,1.9511,true,true,false,true
rd326-330,general,2026-06-23,2026-06-29,529,0.5024,true,16,6,5,96,0,16,0.9422,0.8697,0.9422,0.1550,0.0075,0.0104,0.2835,0.5436,true,0.0000,0.0000,0,0.3886,true,true,false,false
rd326-330,rest,2026-06-23,2026-06-29,442,0.4198,false,,,,,,,,,,,,,,,,,,,,,,,
rd331-335,best,2026-06-30,2026-07-06,1122,0.2468,true,6,4,4,23,1,5,0.8173,0.6513,0.9078,0.1074,0.0201,0.0084,0.3992,0.4650,true,0.0000,0.0500,0,0.5527,true,true,false,false
rd331-335,general,2026-06-30,2026-07-06,1893,0.4163,true,21,1,1,21,0,21,0.6403,0.6283,0.6403,0.4145,0.0755,0.0238,0.2658,0.2203,true,0.0000,1.1735,0,9.4645,true,true,true,false
rd331-335,rest,2026-06-30,2026-07-06,1530,0.3365,true,15,5,5,70,2,13,0.9708,0.8572,1.0183,0.0590,0.0038,0.0084,0.2355,0.6932,true,0.0000,0.0000,0,3.0688,true,true,false,false
rd336-340,general,2026-07-07,2026-07-13,4644,1.0000,true,25,5,5,116,4,21,0.8225,0.8522,0.8665,0.2748,0.0050,0.0069,0.3048,0.4085,true,0.0000,0.0000,0,12.7342,true,true,false,false
rd341-345,general,2026-07-14,2026-07-20,4709,1.0000,true,25,5,5,122,1,24,0.8436,0.8135,0.8480,0.2305,0.0039,0.0395,0.3100,0.4161,true,0.0000,0.4920,0,25.7822,true,true,false,true
rd346-350,general,2026-07-21,2026-07-27,4527,0.9969,true,27,5,5,132,1,26,0.8560,0.8306,0.8638,0.2890,0.0274,0.0088,0.3071,0.3677,true,0.0000,0.0000,0,11.8378,true,true,true,false
rd351-355,general,2026-07-28,2026-08-03,4082,1.0000,true,27,5,5,135,0,27,0.8503,0.8130,0.8503,0.2491,0.0052,0.0097,0.2682,0.4678,true,0.0000,1.0607,0,13.1216,true,true,false,false
rd356-360,focus,2026-08-04,2026-08-10,1077,0.2146,true,6,4,4,17,3,3,0.7018,0.7018,0.7018,0.1522,0.0000,0.0536,0.2041,0.5901,true,0.0000,0.0000,0,0.7915,true,true,false,true
rd356-360,general,2026-08-04,2026-08-10,3941,0.7854,true,27,5,5,135,0,27,0.8314,0.8171,0.8314,0.2753,0.0040,0.0121,0.2649,0.4437,true,0.0000,0.0000,0,8.3416,true,true,false,false
rd361-365,focus,2026-08-11,2026-08-17,1205,0.2704,true,6,5,5,16,4,2,0.6784,0.6784,0.6784,0.2426,0.0000,0.0017,0.1649,0.5908,true,0.0000,0.0000,0,1.0573,true,true,false,false
rd361-365,general,2026-08-11,2026-08-17,3252,0.7296,true,27,5,5,130,1,26,0.9569,0.9569,0.9941,0.2884,0.0056,0.0382,0.2798,0.3880,true,0.0000,0.0000,0,5.5574,true,true,false,true
rd366-370,focus,2026-08-18,2026-08-24,1130,0.2597,true,4,5,5,13,2,2,0.9660,0.9660,0.9660,0.0754,0.0000,0.0000,0.2878,0.6369,true,0.0000,0.0000,0,0.4603,true,true,false,false
rd366-370,general,2026-08-18,2026-08-24,3222,0.7403,true,27,5,5,129,2,25,0.7731,0.9621,0.9932,0.3524,0.0141,0.0335,0.2391,0.3610,true,0.0000,0.0000,0,7.8100,true,true,false,true
rd371-375,general,2026-08-25,2026-08-31,3520,0.9863,true,28,5,5,137,1,27,0.9423,0.9330,0.9440,0.3220,0.0172,0.0000,0.2493,0.4115,true,0.0000,0.0000,0,7.0346,true,true,true,false
rd376-380,general,2026-09-01,2026-09-07,4491,1.0000,true,31,5,5,148,3,28,0.8885,0.8842,0.8970,0.3191,0.0103,0.0000,0.3104,0.3602,true,0.0000,0.0000,0,10.6846,true,true,false,false
rd381-385,general,2026-09-08,2026-09-14,3671,1.0000,true,31,5,5,153,0,31,0.8715,0.8518,0.8715,0.3224,0.0000,0.0000,0.3008,0.3768,true,0.0000,0.0000,0,7.0239,true,true,false,false
rd386-389,general,2026-09-15,2026-09-18,2180,1.0000,true,28,4,4,112,0,28,0.8519,0.7642,0.8519,0.1989,0.0000,0.0000,0.5213,0.2799,true,0.0000,0.0000,0,5.5482,true,true,false,false
