window_id,group,arm,reps,mae4,mae4_se,mae,bias_self,bias_other,bias_baseline,bias_exogenous,n_self_bias,n_other_bias,self_rise,rho_refit,rho_truth,conv,n_violations,exploded
g01,general,fast,8,0.0154,0.0029,0.0123,-0.0231,0.0143,0.0048,0.0040,-0.0482,0.0156,0.0000,0.9152,0.9223,1.0000,0,0
g01,general,fit,8,0.0243,0.0044,0.0194,-0.0397,0.0272,0.0079,0.0046,-0.0716,0.0118,0.0000,0.9091,0.9223,1.0000,0,0
g01,general,self05,8,0.0147,0.0022,0.0117,-0.0231,0.0151,0.0003,0.0077,-0.0299,0.0047,0.0500,0.9280,0.9285,1.0000,0,0
g01,general,self10,8,0.0200,0.0027,0.0160,-0.0261,0.0262,-0.0064,0.0064,-0.0502,0.0160,0.1000,0.9736,0.9553,1.0000,0,0
g01,general,slow,8,0.0203,0.0027,0.0162,-0.0335,0.0185,0.0058,0.0091,-0.0620,0.0101,0.0000,0.9050,0.9223,1.0000,0,0
g01,general,wclass,8,0.0242,0.0048,0.0194,-0.0354,0.0164,0.0092,0.0097,-0.0562,0.0077,0.0000,0.9053,0.9223,1.0000,0,0
g02-03,general,fit,8,0.0391,0.0049,0.0313,-0.0737,0.0224,0.0254,0.0259,-0.0816,0.0101,0.0000,0.7950,0.8461,1.0000,0,0
g02-03,general,self05,8,0.0280,0.0063,0.0224,-0.0462,0.0094,0.0054,0.0314,-0.0530,0.0048,0.0500,0.8194,0.8547,1.0000,0,0
g02-03,general,self10,8,0.0354,0.0062,0.0283,-0.0656,0.0375,0.0129,0.0151,-0.0822,0.0180,0.1000,0.8275,0.8745,1.0000,0,0
g02-03,general,slow,8,0.0291,0.0064,0.0233,-0.0498,0.0085,0.0203,0.0210,-0.0823,0.0040,0.0000,0.7900,0.8461,1.0000,0,0
g02-03,general,wclass,8,0.0618,0.0146,0.0495,-0.1110,0.0556,0.0321,0.0233,-0.1338,0.0311,0.0000,0.7873,0.8461,1.0000,0,0
g04,general,fit,8,0.0120,0.0020,0.0096,-0.0161,0.0110,-0.0012,0.0062,-0.0084,0.0111,0.0000,0.9333,0.9311,1.0000,0,0
g04,general,self05,8,0.0137,0.0018,0.0110,-0.0135,0.0118,-0.0006,0.0024,-0.0066,0.0048,0.0500,0.9392,0.9441,1.0000,0,0
g04,general,self10,8,0.0133,0.0028,0.0106,-0.0130,0.0200,-0.0084,0.0014,-0.0205,0.0168,0.1000,0.9732,0.9643,1.0000,0,0
g04,general,slow,8,0.0223,0.0065,0.0179,-0.0276,0.0235,-0.0003,0.0044,-0.0244,0.0093,0.0000,0.9045,0.9311,1.0000,0,0
g04,general,wclass,8,0.0222,0.0042,0.0178,-0.0331,0.0319,-0.0014,0.0026,-0.0603,0.0207,0.0000,0.9048,0.9311,1.0000,0,0
g05-07,general,fit,8,0.0275,0.0038,0.0220,-0.0127,0.0277,-0.0109,-0.0041,-0.0008,0.0120,0.0000,0.6651,0.6175,1.0000,0,0
g05-07,general,self05,8,0.0301,0.0040,0.0241,-0.0242,0.0331,-0.0031,-0.0058,-0.0239,0.0148,0.0500,0.6919,0.6937,1.0000,0,0
g05-07,general,self10,8,0.0218,0.0036,0.0175,-0.0370,0.0206,0.0151,0.0014,-0.0295,0.0090,0.1000,0.7393,0.7772,1.0000,0,0
g05-07,general,slow,8,0.0247,0.0043,0.0197,-0.0118,0.0262,-0.0175,0.0030,-0.0231,0.0125,0.0000,0.5923,0.6175,1.0000,0,0
g05-07,general,wclass,8,0.0313,0.0043,0.0250,-0.0297,-0.0075,0.0349,0.0023,-0.0398,-0.0015,0.0000,0.5491,0.6175,1.0000,0,0
g08,general,fast,8,0.0210,0.0036,0.0168,-0.0318,0.0231,0.0054,0.0033,-0.0474,0.0088,0.0000,1.0511,1.0650,1.0000,0,0
g08,general,fit,8,0.0235,0.0052,0.0188,-0.0287,0.0423,-0.0064,-0.0072,-0.0396,0.0172,0.0000,1.0324,1.0650,1.0000,0,0
g08,general,self05,8,0.0331,0.0064,0.0265,-0.0426,0.0581,-0.0129,-0.0026,-0.0637,0.0271,0.0157,1.0675,1.0934,1.0000,0,0
g08,general,self10,8,0.0298,0.0032,0.0239,-0.0364,0.0435,-0.0049,-0.0021,-0.0554,0.0201,0.0157,1.0339,1.0934,1.0000,0,0
g08,general,slow,8,0.0334,0.0060,0.0267,-0.0538,0.0396,0.0159,-0.0017,-0.0642,0.0201,0.0000,1.0405,1.0650,1.0000,0,0
g08,general,wclass,8,0.0160,0.0039,0.0128,-0.0235,0.0219,0.0018,-0.0002,-0.0397,0.0082,0.0000,1.0291,1.0650,1.0000,0,0
g09,general,fit,8,0.0286,0.0066,0.0229,-0.0044,0.0067,-0.0151,0.0128,-0.0016,-0.0009,0.0000,0.5445,0.5596,1.0000,0,0
g09,general,self05,8,0.0453,0.0115,0.0362,-0.0249,0.0641,-0.0582,0.0189,-0.0136,0.0277,0.0500,0.6062,0.6166,1.0000,0,0
g09,general,self10,8,0.0267,0.0045,0.0213,-0.0089,0.0269,-0.0226,0.0046,-0.0023,0.0076,0.1000,0.6395,0.6762,1.0000,0,0
g09,general,slow,8,0.0385,0.0073,0.0308,-0.0123,0.0094,-0.0116,0.0146,-0.0157,0.0075,0.0000,0.5297,0.5596,1.0000,0,0
g09,general,wclass,8,0.0481,0.0106,0.0385,0.0007,-0.0002,-0.0179,0.0175,0.0015,0.0071,0.0000,0.5666,0.5596,1.0000,0,0
g10,general,fast,8,0.0250,0.0047,0.0200,0.0083,-0.0199,0.0106,0.0010,0.0091,-0.0079,0.0000,0.8699,0.8747,1.0000,0,0
g10,general,fit,8,0.0266,0.0072,0.0213,0.0038,-0.0273,0.0178,0.0057,0.0011,-0.0114,0.0000,0.8498,0.8747,1.0000,0,0
g10,general,self05,8,0.0323,0.0063,0.0258,0.0014,-0.0500,0.0357,0.0129,-0.0043,-0.0138,0.0500,0.8864,0.9093,1.0000,0,0
g10,general,self10,8,0.0344,0.0092,0.0275,0.0057,-0.0578,0.0323,0.0198,0.0028,-0.0144,0.1000,0.9164,0.9322,1.0000,0,0
g10,general,slow,8,0.0300,0.0067,0.0240,0.0081,-0.0525,0.0196,0.0248,0.0026,-0.0166,0.0000,0.8539,0.8747,1.0000,0,0
g10,general,wclass,8,0.0282,0.0054,0.0226,-0.0089,-0.0420,0.0349,0.0161,-0.0225,-0.0083,0.0000,0.7277,0.8747,1.0000,0,0
g11,general,fit,8,0.0483,0.0062,0.0387,-0.0801,0.0668,0.0026,0.0107,-0.0961,0.0177,0.0000,0.9298,0.8990,1.0000,0,0
g11,general,self05,8,0.0489,0.0051,0.0391,-0.0964,0.0222,0.0607,0.0135,-0.1051,0.0070,0.0500,0.9091,0.9304,1.0000,0,0
g11,general,self10,8,0.0455,0.0069,0.0364,-0.0846,0.0544,0.0216,0.0086,-0.1012,0.0132,0.1000,1.0094,0.9772,1.0000,0,0
g11,general,slow,8,0.0781,0.0085,0.0624,-0.1391,0.0978,0.0225,0.0188,-0.1923,0.0265,0.0000,0.8378,0.8990,1.0000,0,0
g11,general,wclass,8,0.0471,0.0083,0.0376,-0.0710,0.0549,-0.0012,0.0172,-0.1375,0.0188,0.0000,0.8660,0.8990,1.0000,0,0
g12,general,fit,8,0.0303,0.0055,0.0242,-0.0533,0.0298,0.0224,0.0011,-0.0479,0.0073,0.0000,0.8247,0.8554,1.0000,0,0
g12,general,self05,8,0.0323,0.0028,0.0258,-0.0420,0.0418,-0.0091,0.0093,-0.0475,0.0108,0.0500,0.8798,0.8968,1.0000,0,0
g12,general,self10,8,0.0296,0.0045,0.0237,-0.0455,0.0373,-0.0055,0.0136,-0.0640,0.0079,0.1000,0.8884,0.9398,1.0000,0,0
g12,general,slow,8,0.0328,0.0043,0.0263,-0.0592,0.0238,0.0291,0.0064,-0.0868,0.0047,0.0000,0.7753,0.8554,1.0000,0,0
g12,general,wclass,8,0.0401,0.0065,0.0321,-0.0635,0.0566,-0.0041,0.0110,-0.0841,0.0150,0.0000,0.7847,0.8554,1.0000,0,0
g13,general,fast,8,0.0224,0.0030,0.0179,-0.0055,-0.0107,0.0063,0.0099,-0.0107,-0.0037,0.0000,0.8812,0.8951,1.0000,0,0
g13,general,fit,8,0.0185,0.0051,0.0148,-0.0049,0.0106,-0.0050,-0.0006,-0.0026,-0.0004,0.0000,0.8974,0.8951,1.0000,0,0
g13,general,self05,8,0.0174,0.0035,0.0139,-0.0129,0.0096,0.0005,0.0028,-0.0105,-0.0008,0.0500,0.9342,0.9315,1.0000,0,0
g13,general,self10,8,0.0212,0.0050,0.0170,-0.0117,0.0243,-0.0093,-0.0034,-0.0158,0.0043,0.1000,0.9288,0.9580,1.0000,0,0
g13,general,wclass,8,0.0345,0.0058,0.0276,-0.0301,0.0601,-0.0329,0.0029,-0.0457,0.0129,0.0000,0.8046,0.8951,1.0000,0,0
g14,general,fit,8,0.0324,0.0067,0.0259,-0.0243,0.0574,-0.0365,0.0034,-0.0218,0.0140,0.0000,0.8480,0.8907,1.0000,0,0
g14,general,self05,8,0.0388,0.0066,0.0311,-0.0280,0.0704,-0.0492,0.0068,-0.0320,0.0186,0.0500,0.8947,0.9355,1.0000,0,0
g14,general,self10,8,0.0500,0.0100,0.0400,-0.0265,0.0947,-0.0731,0.0049,-0.0388,0.0288,0.0838,0.9189,0.9630,1.0000,0,0
g14,general,slow,8,0.0424,0.0050,0.0340,-0.0298,0.0694,-0.0545,0.0148,-0.0289,0.0179,0.0000,0.8543,0.8907,1.0000,0,0
g14,general,wclass,8,0.0576,0.0072,0.0461,-0.0825,0.0768,-0.0029,0.0086,-0.0955,0.0179,0.0000,0.7203,0.8907,1.0000,0,0
g15,general,fast,8,0.0186,0.0029,0.0149,-0.0068,0.0208,-0.0226,0.0086,-0.0141,0.0052,0.0000,0.7746,0.7866,1.0000,0,0
g15,general,fit,8,0.0215,0.0043,0.0172,-0.0203,0.0311,-0.0193,0.0086,-0.0221,0.0061,0.0000,0.7843,0.7866,1.0000,0,0
g15,general,self05,8,0.0168,0.0024,0.0135,-0.0119,0.0203,-0.0145,0.0060,-0.0187,0.0049,0.0500,0.8000,0.8457,1.0000,0,0
g15,general,self10,8,0.0188,0.0042,0.0151,-0.0176,0.0209,-0.0110,0.0077,-0.0097,0.0052,0.1000,0.8705,0.8924,1.0000,0,0
g15,general,slow,8,0.0190,0.0039,0.0152,-0.0222,0.0170,-0.0017,0.0069,-0.0348,0.0057,0.0000,0.7243,0.7866,1.0000,0,0
g15,general,wclass,8,0.0292,0.0064,0.0233,-0.0254,0.0173,0.0036,0.0046,-0.0508,0.0054,0.0000,0.7115,0.7866,1.0000,0,0
g16,general,fit,8,0.0404,0.0069,0.0323,-0.0644,0.0648,-0.0045,0.0040,-0.0693,0.0132,0.0000,0.8012,0.8364,1.0000,0,0
g16,general,self05,8,0.0321,0.0062,0.0256,-0.0540,0.0427,-0.0062,0.0174,-0.0363,0.0101,0.0500,0.8537,0.8601,1.0000,0,0
g16,general,self10,8,0.0560,0.0065,0.0448,-0.0788,0.0985,-0.0290,0.0093,-0.0601,0.0290,0.1000,0.8886,0.8878,1.0000,0,0
g16,general,slow,8,0.0687,0.0076,0.0549,-0.1147,0.1204,-0.0154,0.0097,-0.1136,0.0285,0.0000,0.8557,0.8364,1.0000,0,0
g16,general,wclass,8,0.0628,0.0081,0.0503,-0.1001,0.0799,0.0110,0.0092,-0.1087,0.0207,0.0000,0.7613,0.8364,1.0000,0,0
g17,general,fit,8,0.0355,0.0048,0.0284,-0.0608,0.0185,0.0183,0.0240,-0.0776,0.0044,0.0000,0.8142,0.8313,1.0000,0,0
g17,general,self05,8,0.0426,0.0075,0.0341,-0.0803,0.0462,0.0267,0.0073,-0.0863,0.0090,0.0500,0.8624,0.8563,1.0000,0,0
g17,general,self10,8,0.0383,0.0060,0.0306,-0.0752,0.0369,0.0297,0.0087,-0.0822,0.0066,0.1000,0.8976,0.8907,1.0000,0,0
g17,general,slow,8,0.0630,0.0132,0.0504,-0.1118,0.0656,0.0245,0.0217,-0.1559,0.0158,0.0000,0.7807,0.8313,1.0000,0,0
g17,general,wclass,8,0.0451,0.0093,0.0361,-0.0705,0.0364,0.0298,0.0043,-0.0962,0.0149,0.0000,0.8092,0.8313,1.0000,0,0
g18,general,fit,8,0.0206,0.0039,0.0165,-0.0264,0.0253,-0.0029,0.0040,-0.0299,0.0057,0.0000,0.8730,0.8844,1.0000,0,0
g18,general,self05,8,0.0311,0.0045,0.0249,-0.0592,0.0309,0.0204,0.0079,-0.0564,0.0106,0.0500,0.8657,0.8934,1.0000,0,0
g18,general,self10,8,0.0187,0.0034,0.0150,-0.0338,0.0164,0.0148,0.0025,-0.0304,0.0071,0.1000,0.8873,0.9048,1.0000,0,0
g18,general,slow,8,0.0429,0.0037,0.0343,-0.0839,0.0328,0.0479,0.0032,-0.0949,0.0076,0.0000,0.8039,0.8844,1.0000,0,0
g18,general,wclass,8,0.0337,0.0058,0.0270,-0.0484,0.0329,0.0145,0.0010,-0.0417,0.0105,0.0000,0.8417,0.8844,1.0000,0,0
g19,general,fit,8,0.0234,0.0034,0.0187,-0.0441,0.0153,0.0234,0.0054,-0.0351,0.0094,0.0000,0.8558,0.8699,1.0000,0,0
g19,general,self05,8,0.0244,0.0055,0.0195,-0.0399,0.0366,0.0003,0.0030,-0.0308,0.0119,0.0500,0.8550,0.8793,1.0000,0,0
g19,general,self10,8,0.0222,0.0026,0.0177,-0.0393,0.0267,0.0097,0.0029,-0.0271,0.0133,0.1000,0.8785,0.8916,1.0000,0,0
g19,general,slow,8,0.0467,0.0075,0.0374,-0.0889,0.0292,0.0531,0.0066,-0.0798,0.0104,0.0000,0.7978,0.8699,1.0000,0,0
g19,general,wclass,8,0.0342,0.0063,0.0274,-0.0517,0.0360,0.0108,0.0048,-0.0319,0.0150,0.0000,0.8469,0.8699,1.0000,0,0
g20,general,fast,8,0.0420,0.0069,0.0336,-0.0809,0.0452,0.0330,0.0027,-0.0880,0.0071,0.0000,0.8487,0.9227,1.0000,0,0
g20,general,fit,8,0.0404,0.0057,0.0324,-0.0758,0.0577,0.0089,0.0092,-0.0872,0.0105,0.0000,0.8870,0.9227,1.0000,0,0
g20,general,self05,8,0.0487,0.0079,0.0390,-0.0961,0.0410,0.0503,0.0048,-0.1240,0.0064,0.0500,0.8296,0.9481,1.0000,0,0
g20,general,self10,8,0.0325,0.0054,0.0260,-0.0520,0.0354,0.0125,0.0041,-0.0740,0.0072,0.1000,0.9529,0.9820,1.0000,0,0
g20,general,slow,8,0.0491,0.0101,0.0393,-0.0802,0.0586,0.0170,0.0046,-0.0962,0.0090,0.0000,0.8447,0.9227,1.0000,0,0
g20,general,wclass,8,0.0387,0.0050,0.0310,-0.0432,0.0418,-0.0056,0.0070,-0.0562,0.0123,0.0000,0.8898,0.9227,1.0000,0,0
g21,general,fast,8,0.0288,0.0053,0.0231,-0.0393,0.0067,0.0258,0.0069,-0.0302,0.0118,0.0000,0.8922,0.9617,1.0000,0,0
g21,general,fit,8,0.0325,0.0077,0.0260,-0.0267,-0.0192,0.0414,0.0045,-0.0260,0.0082,0.0000,0.9051,0.9617,1.0000,0,0
g21,general,self05,8,0.0400,0.0030,0.0320,-0.0461,-0.0249,0.0663,0.0047,-0.0446,0.0117,0.0500,0.8902,0.9740,1.0000,0,0
g21,general,self10,8,0.0265,0.0060,0.0212,-0.0247,-0.0218,0.0425,0.0041,-0.0186,0.0038,0.1000,0.9281,0.9922,1.0000,0,0
g21,general,slow,8,0.0417,0.0022,0.0334,-0.0468,0.0183,0.0218,0.0066,-0.0417,0.0078,0.0000,0.8739,0.9617,1.0000,0,0
g21,general,wclass,8,0.0239,0.0027,0.0191,-0.0262,-0.0081,0.0320,0.0023,-0.0319,0.0080,0.0000,0.9008,0.9617,1.0000,0,0
g22,general,fast,8,0.0481,0.0040,0.0385,-0.0730,0.0925,-0.0217,0.0022,-0.0533,0.0194,0.0000,0.8333,0.8850,1.0000,0,0
g22,general,fit,8,0.0435,0.0057,0.0348,-0.0738,0.0531,0.0151,0.0056,-0.0598,0.0081,0.0000,0.7868,0.8850,0.8750,0,0
g22,general,self05,8,0.0527,0.0069,0.0422,-0.0836,0.0593,0.0253,-0.0010,-0.0635,0.0139,0.0500,0.8269,0.9346,1.0000,0,0
g22,general,self10,8,0.0504,0.0049,0.0403,-0.0759,0.0892,-0.0138,0.0005,-0.0634,0.0182,0.1000,0.9222,0.9773,1.0000,0,0
g22,general,slow,8,0.0484,0.0095,0.0387,-0.0531,0.0270,0.0230,0.0031,-0.0483,0.0069,0.0000,0.8250,0.8850,1.0000,0,0
g22,general,wclass,8,0.0359,0.0066,0.0287,-0.0561,0.0419,0.0037,0.0106,-0.0453,0.0107,0.0000,0.8355,0.8850,1.0000,0,0
g23,general,fast,8,0.0319,0.0042,0.0256,-0.0183,0.0517,-0.0381,0.0047,-0.0033,0.0092,0.0000,0.7835,0.8816,1.0000,0,0
g23,general,fit,8,0.0386,0.0041,0.0309,-0.0214,0.0693,-0.0486,0.0008,-0.0023,0.0121,0.0000,0.7072,0.8816,1.0000,0,0
g23,general,self05,8,0.0524,0.0116,0.0419,-0.0595,0.0649,-0.0047,-0.0007,-0.0193,0.0131,0.0500,0.7416,1.0413,1.0000,0,0
g23,general,self10,8,0.0546,0.0115,0.0437,-0.0722,0.0844,-0.0117,-0.0006,-0.0387,0.0143,0.1000,0.8668,1.1814,1.0000,0,0
g23,general,wclass,8,0.0244,0.0042,0.0195,-0.0123,0.0300,-0.0265,0.0088,0.0037,0.0081,0.0000,0.7763,0.8816,1.0000,0,0
g24-25,general,fast,8,0.0268,0.0046,0.0214,-0.0452,0.0350,0.0050,0.0052,-0.0707,0.0053,0.0000,0.9402,0.9844,1.0000,0,0
g24-25,general,fit,8,0.0254,0.0031,0.0203,-0.0489,0.0156,0.0254,0.0080,-0.0725,0.0018,0.0000,0.9348,0.9844,1.0000,0,0
g24-25,general,self05,8,0.0416,0.0086,0.0333,-0.0808,0.0666,0.0121,0.0021,-0.0954,0.0102,0.0500,1.0353,1.0437,1.0000,0,0
g24-25,general,self10,8,0.0352,0.0082,0.0281,-0.0526,0.0575,-0.0091,0.0042,-0.0493,0.0091,0.1000,1.0920,1.1058,1.0000,0,0
g24-25,general,slow,8,0.0470,0.0066,0.0376,-0.0903,0.0468,0.0392,0.0043,-0.0971,0.0081,0.0000,0.9709,0.9844,1.0000,0,0
g24-25,general,wclass,8,0.0254,0.0071,0.0203,-0.0308,0.0015,0.0203,0.0091,-0.0403,0.0046,0.0000,0.9510,0.9844,1.0000,0,0
g26,general,fit,8,0.0356,0.0059,0.0285,-0.0556,0.0431,0.0066,0.0059,-0.0482,0.0071,0.0000,0.6571,0.6752,1.0000,0,0
g26,general,self05,8,0.0356,0.0051,0.0284,-0.0535,0.0376,0.0107,0.0053,-0.0450,0.0041,0.0500,0.6699,0.7215,1.0000,0,0
g26,general,self10,8,0.0297,0.0064,0.0238,-0.0539,0.0365,0.0102,0.0071,-0.0413,0.0071,0.1000,0.7280,0.7797,1.0000,0,0
g26,general,slow,8,0.0469,0.0101,0.0375,-0.0788,0.0679,0.0025,0.0084,-0.1007,0.0107,0.0000,0.5803,0.6752,1.0000,0,0
g26,general,wclass,8,0.0358,0.0037,0.0286,-0.0385,-0.0132,0.0450,0.0067,-0.0445,-0.0019,0.0000,0.6031,0.6752,1.0000,0,0
g27,general,fast,8,0.0171,0.0045,0.0137,-0.0084,0.0283,-0.0221,0.0022,0.0053,0.0064,0.0000,0.8370,0.8706,1.0000,0,0
g27,general,fit,8,0.0275,0.0029,0.0220,-0.0091,0.0446,-0.0374,0.0019,0.0003,0.0056,0.0000,0.8684,0.8706,1.0000,0,0
g27,general,self05,8,0.0344,0.0097,0.0275,-0.0307,0.0610,-0.0348,0.0044,-0.0250,0.0091,0.0500,0.9338,0.9533,1.0000,0,0
g27,general,self10,8,0.0359,0.0039,0.0287,-0.0236,0.0632,-0.0425,0.0029,-0.0212,0.0098,0.1000,0.9620,1.0362,1.0000,0,0
g27,general,slow,8,0.0232,0.0032,0.0186,-0.0143,0.0435,-0.0314,0.0021,-0.0104,0.0068,0.0000,0.8304,0.8706,1.0000,0,0
g27,general,wclass,8,0.0210,0.0071,0.0168,-0.0145,0.0238,-0.0118,0.0024,-0.0077,0.0053,0.0000,0.8398,0.8706,1.0000,0,0
g28,general,fit,8,0.0438,0.0066,0.0350,-0.0610,0.0623,-0.0142,0.0129,-0.0538,0.0073,0.0000,0.6769,0.7027,1.0000,0,0
g28,general,self05,8,0.0416,0.0036,0.0333,-0.0724,0.0672,-0.0010,0.0062,-0.0557,0.0098,0.0500,0.7370,0.7488,1.0000,0,0
g28,general,self10,8,0.0473,0.0036,0.0378,-0.0837,0.0814,-0.0069,0.0092,-0.0790,0.0098,0.1000,0.7255,0.8049,1.0000,0,0
g28,general,slow,8,0.0586,0.0059,0.0469,-0.0945,0.0860,-0.0014,0.0099,-0.0955,0.0115,0.0000,0.6263,0.7027,1.0000,0,0
g28,general,wclass,8,0.0512,0.0064,0.0409,-0.0829,0.0611,0.0036,0.0183,-0.0870,0.0057,0.0000,0.5811,0.7027,1.0000,0,0
g29,general,fast,8,0.0303,0.0102,0.0243,0.0076,0.0475,-0.0590,0.0039,0.0069,0.0071,0.0000,0.4970,0.4203,1.0000,0,0
g29,general,fit,8,0.0291,0.0059,0.0233,0.0077,0.0431,-0.0564,0.0056,0.0069,0.0053,0.0000,0.5063,0.4203,1.0000,0,0
g29,general,self05,8,0.0397,0.0054,0.0318,0.0017,0.0706,-0.0776,0.0053,0.0102,0.0082,0.0500,0.6703,0.6094,1.0000,0,0
g29,general,self10,8,0.0402,0.0069,0.0321,0.0011,0.0672,-0.0730,0.0047,0.0023,0.0079,0.1000,0.6982,0.7507,1.0000,0,0
g29,general,slow,8,0.0254,0.0060,0.0204,0.0064,0.0385,-0.0473,0.0024,0.0056,0.0059,0.0000,0.4871,0.4203,1.0000,0,0
g29,general,wclass,8,0.0349,0.0055,0.0280,0.0056,-0.0094,-0.0055,0.0093,0.0035,-0.0007,0.0000,0.4571,0.4203,1.0000,0,0
g30,general,fit,8,0.0330,0.0036,0.0265,-0.0205,0.0485,-0.0427,0.0146,-0.0161,0.0074,0.0000,0.5332,0.5227,1.0000,0,0
g30,general,self05,8,0.0494,0.0062,0.0396,-0.0279,0.0863,-0.0710,0.0126,-0.0201,0.0124,0.0500,0.6220,0.6171,1.0000,0,0
g30,general,self10,8,0.0500,0.0091,0.0401,-0.0366,0.0885,-0.0614,0.0096,-0.0213,0.0123,0.1000,0.6739,0.7033,1.0000,0,0
g30,general,slow,8,0.0502,0.0049,0.0402,-0.0375,0.0797,-0.0628,0.0206,-0.0368,0.0088,0.0000,0.4997,0.5227,1.0000,0,0
g30,general,wclass,8,0.0324,0.0079,0.0260,-0.0302,0.0269,-0.0134,0.0167,-0.0292,0.0055,0.0000,0.4777,0.5227,1.0000,0,0
g31,general,fast,8,0.0478,0.0041,0.0384,-0.0292,0.0747,-0.0651,0.0195,-0.0221,0.0101,0.0000,0.6944,0.7361,1.0000,0,0
g31,general,fit,8,0.0421,0.0051,0.0353,-0.0382,0.0699,-0.0429,0.0111,-0.0365,0.0072,0.0000,0.6397,0.7361,1.0000,0,0
g31,general,self05,8,0.0501,0.0052,0.0409,-0.0368,0.0905,-0.0523,-0.0014,-0.0352,0.0106,0.0500,0.7316,0.8401,1.0000,0,0
g31,general,self10,8,0.0570,0.0066,0.0458,-0.0423,0.1053,-0.0640,0.0009,-0.0356,0.0125,0.1000,0.8233,0.9159,1.0000,0,0
g31,general,slow,8,0.0492,0.0075,0.0398,-0.0457,0.0931,-0.0487,0.0013,-0.0557,0.0105,0.0000,0.6634,0.7361,1.0000,0,0
g31,general,wclass,8,0.0413,0.0045,0.0336,-0.0458,0.0629,-0.0305,0.0134,-0.0493,0.0070,0.0000,0.6066,0.7361,1.0000,0,0
g32,general,fit,8,0.0453,0.0054,0.0370,-0.0205,0.0783,-0.0701,0.0123,-0.0133,0.0095,0.0000,0.7546,0.7822,1.0000,0,0
g32,general,self05,8,0.0417,0.0095,0.0338,-0.0188,0.0556,-0.0518,0.0150,-0.0146,0.0069,0.0500,0.7970,0.8638,1.0000,0,0
g32,general,self10,8,0.0317,0.0051,0.0257,-0.0246,0.0308,-0.0259,0.0197,-0.0178,0.0031,0.1000,0.8698,0.9292,1.0000,0,0
g32,general,slow,8,0.0356,0.0039,0.0287,-0.0075,0.0182,-0.0355,0.0247,-0.0105,0.0004,0.0000,0.6555,0.7822,1.0000,0,0
g32,general,wclass,8,0.0316,0.0073,0.0258,-0.0288,0.0113,-0.0056,0.0231,-0.0303,-0.0006,0.0000,0.5868,0.7822,1.0000,0,0
g33-34,general,fast,8,0.0386,0.0021,0.0316,-0.0769,0.0361,0.0317,0.0091,-0.1128,0.0054,0.0000,0.9309,0.9910,1.0000,0,0
g33-34,general,fit,8,0.0458,0.0036,0.0370,-0.0917,0.0481,0.0325,0.0111,-0.1298,0.0064,0.0000,0.9470,0.9910,1.0000,0,0
g33-34,general,self05,8,0.0426,0.0057,0.0344,-0.0848,0.0475,0.0312,0.0061,-0.1302,0.0062,0.0500,0.9837,1.0331,1.0000,0,0
g33-34,general,self10,8,0.0446,0.0036,0.0359,-0.0884,0.0452,0.0312,0.0121,-0.1363,0.0059,0.1000,1.0049,1.0886,1.0000,0,0
g33-34,general,slow,8,0.0534,0.0055,0.0429,-0.1054,0.0473,0.0502,0.0079,-0.1466,0.0062,0.0000,0.9247,0.9910,1.0000,0,0
g33-34,general,wclass,8,0.0302,0.0030,0.0245,-0.0574,0.0173,0.0307,0.0094,-0.0683,0.0033,0.0000,0.9300,0.9910,1.0000,0,0
g35-39,best,fast,4,0.0212,0.0051,0.0171,-0.0352,0.0392,0.0014,-0.0054,-0.2107,0.0136,0.0000,1.3308,1.7563,1.0000,0,4
g35-39,best,fit,8,0.0173,0.0022,0.0142,-0.0285,0.0075,0.0184,0.0026,-0.1201,0.0152,0.0000,1.5514,1.7563,1.0000,0,0
g35-39,best,self05,8,0.0158,0.0010,0.0129,-0.0291,0.0158,0.0097,0.0037,-0.1264,0.0134,0.0500,1.6147,1.8548,1.0000,0,0
g35-39,best,self10,7,0.0158,0.0032,0.0128,-0.0301,0.0115,0.0143,0.0044,-0.1422,0.0134,0.1000,1.7258,1.9258,1.0000,0,1
g35-39,best,slow,8,0.0252,0.0038,0.0203,-0.0427,0.0026,0.0306,0.0095,-0.1449,0.0120,0.0000,1.4849,1.7563,1.0000,0,0
g35-39,best,wclass,2,0.0266,0.0102,0.0214,-0.0490,0.0383,-0.0043,0.0150,-0.2551,0.0003,0.0000,1.1011,1.7563,1.0000,0,6
g35,rest,fast,8,0.0351,0.0052,0.0283,-0.0084,0.0522,-0.0592,0.0153,-0.0052,0.0071,0.0000,0.7126,0.8075,1.0000,0,0
g35,rest,fit,8,0.0367,0.0054,0.0297,-0.0140,0.0532,-0.0515,0.0123,-0.0058,0.0105,0.0000,0.7102,0.8075,1.0000,0,0
g35,rest,self05,8,0.0398,0.0028,0.0320,-0.0360,0.0455,-0.0229,0.0134,-0.0152,0.0073,0.0500,0.7751,0.9352,1.0000,0,0
g35,rest,self10,8,0.0422,0.0037,0.0338,-0.0271,0.0649,-0.0573,0.0195,-0.0112,0.0113,0.1000,0.9401,1.0377,1.0000,0,0
g35,rest,slow,8,0.0335,0.0046,0.0269,-0.0400,0.0443,-0.0209,0.0167,-0.0440,0.0078,0.0000,0.5960,0.8075,1.0000,0,0
g35,rest,wclass,8,0.0271,0.0083,0.0219,-0.0126,-0.0001,-0.0003,0.0130,-0.0106,0.0028,0.0000,0.7089,0.8075,1.0000,0,0
g36-37,rest,fast,8,0.0388,0.0067,0.0314,-0.0584,0.0066,0.0488,0.0031,-0.0795,0.0219,0.0000,0.9152,1.0235,1.0000,0,0
g36-37,rest,fit,8,0.0555,0.0064,0.0445,-0.0903,0.0344,0.0593,-0.0035,-0.0984,0.0335,0.0000,0.9244,1.0235,1.0000,0,0
g36-37,rest,self05,8,0.0509,0.0071,0.0412,-0.0941,0.0510,0.0432,-0.0001,-0.1096,0.0138,0.0500,0.9926,1.1024,1.0000,0,0
g36-37,rest,self10,8,0.0442,0.0057,0.0360,-0.0740,0.0469,0.0358,-0.0087,-0.0988,0.0189,0.1000,1.0497,1.1700,1.0000,0,0
g36-37,rest,slow,8,0.0611,0.0074,0.0491,-0.1007,0.0207,0.0709,0.0091,-0.1133,0.0186,0.0000,0.9232,1.0235,1.0000,0,0
g36-37,rest,wclass,8,0.0371,0.0070,0.0301,-0.0576,0.0255,0.0242,0.0079,-0.0978,0.0076,0.0000,0.8912,1.0235,1.0000,0,0
g38-39,rest,fast,8,0.0151,0.0026,0.0123,-0.0228,0.0122,0.0081,0.0025,-0.0389,0.0084,0.0000,0.9066,0.9173,1.0000,0,0
g38-39,rest,fit,8,0.0238,0.0035,0.0193,-0.0378,0.0190,0.0147,0.0041,-0.0364,0.0077,0.0000,0.9254,0.9173,1.0000,0,0
g38-39,rest,self05,8,0.0289,0.0040,0.0239,-0.0501,0.0241,0.0180,0.0080,-0.0694,0.0072,0.0500,0.9576,0.9618,1.0000,0,0
g38-39,rest,self10,8,0.0245,0.0038,0.0198,-0.0377,0.0307,-0.0041,0.0111,-0.0765,0.0147,0.1000,0.9905,1.0257,1.0000,0,0
g38-39,rest,slow,8,0.0326,0.0031,0.0261,-0.0591,0.0156,0.0259,0.0176,-0.0793,0.0094,0.0000,0.8690,0.9173,1.0000,0,0
g38-39,rest,wclass,8,0.0175,0.0028,0.0150,-0.0279,0.0081,0.0093,0.0105,-0.0514,0.0093,0.0000,0.8937,0.9173,1.0000,0,0
g40,universe-coordination,fast,8,0.0476,0.0095,0.0382,-0.0766,0.0762,-0.0084,0.0089,-0.1246,0.0102,0.0000,0.8312,0.9327,1.0000,0,0
g40,universe-coordination,fit,8,0.0725,0.0079,0.0582,-0.1024,0.0974,0.0005,0.0045,-0.1416,0.0021,0.0000,0.8100,0.9327,1.0000,0,0
g40,universe-coordination,self05,8,0.0741,0.0081,0.0595,-0.1352,0.0878,0.0355,0.0119,-0.1611,0.0167,0.0500,0.8798,1.0055,1.0000,0,0
g40,universe-coordination,self10,8,0.0720,0.0098,0.0577,-0.1097,0.0960,0.0038,0.0100,-0.1446,-0.0011,0.1000,0.9632,1.0699,1.0000,0,0
g40,universe-coordination,slow,8,0.0650,0.0089,0.0523,-0.1221,0.0719,0.0364,0.0138,-0.1738,0.0019,0.0000,0.7628,0.9327,1.0000,0,0
g40,universe-coordination,wclass,8,0.0342,0.0032,0.0275,-0.0559,0.0554,-0.0070,0.0076,-0.0808,0.0001,0.0000,0.8787,0.9327,1.0000,0,0
g41-43,rest,fast,8,0.0285,0.0035,0.0235,-0.0523,0.0210,0.0175,0.0138,-0.0576,0.0073,0.0000,0.8204,0.8422,1.0000,0,0
g41-43,rest,fit,8,0.0349,0.0045,0.0281,-0.0580,0.0285,0.0220,0.0075,-0.0621,0.0036,0.0000,0.8169,0.8422,1.0000,0,0
g41-43,rest,self05,8,0.0286,0.0046,0.0239,-0.0533,0.0253,0.0185,0.0095,-0.0542,0.0207,0.0500,0.8334,0.8530,1.0000,0,0
g41-43,rest,self10,8,0.0336,0.0053,0.0276,-0.0600,0.0519,-0.0009,0.0090,-0.0757,0.0147,0.1000,0.8709,0.8732,1.0000,0,0
g41-43,rest,slow,8,0.0268,0.0058,0.0216,-0.0460,0.0193,0.0086,0.0180,-0.0456,0.0041,0.0000,0.8306,0.8422,1.0000,0,0
g41-43,rest,wclass,8,0.0325,0.0040,0.0263,-0.0469,-0.0094,0.0439,0.0123,-0.0488,0.0013,0.0000,0.7955,0.8422,1.0000,0,0
g41-44,best,fast,8,0.0316,0.0038,0.0258,-0.0541,0.0244,0.0172,0.0126,-0.0735,0.0067,0.0000,0.8825,0.9081,1.0000,0,0
g41-44,best,fit,8,0.0391,0.0068,0.0314,-0.0594,0.0040,0.0356,0.0198,-0.0770,0.0029,0.0000,0.8431,0.9081,1.0000,0,0
g41-44,best,self05,8,0.0398,0.0083,0.0324,-0.0545,-0.0080,0.0416,0.0209,-0.0688,0.0080,0.0500,0.8798,0.9214,1.0000,0,0
g41-44,best,self10,8,0.0398,0.0102,0.0320,-0.0571,-0.0156,0.0561,0.0166,-0.0729,0.0063,0.1000,0.8921,0.9435,1.0000,0,0
g41-44,best,slow,8,0.0580,0.0132,0.0464,-0.0625,-0.0417,0.0728,0.0314,-0.0807,-0.0085,0.0000,0.7989,0.9081,1.0000,0,0
g41-44,best,wclass,8,0.0236,0.0032,0.0192,-0.0358,-0.0054,0.0272,0.0140,-0.0597,-0.0015,0.0000,0.8231,0.9081,1.0000,0,0
g44-45,rest,fast,8,0.0377,0.0051,0.0308,-0.0696,0.0335,0.0260,0.0101,-0.0789,0.0173,0.0000,0.8423,0.8908,1.0000,0,0
g44-45,rest,fit,8,0.0520,0.0081,0.0421,-0.1035,0.0333,0.0571,0.0132,-0.1155,0.0068,0.0000,0.8781,0.8908,1.0000,0,0
g44-45,rest,self05,8,0.0449,0.0084,0.0359,-0.0862,0.0316,0.0451,0.0096,-0.1128,0.0145,0.0500,0.9163,0.9443,1.0000,0,0
g44-45,rest,self10,8,0.0371,0.0035,0.0299,-0.0712,0.0424,0.0213,0.0076,-0.1129,0.0141,0.1000,0.9776,1.0021,1.0000,0,0
g44-45,rest,slow,8,0.0561,0.0044,0.0450,-0.1112,0.0328,0.0684,0.0100,-0.1212,0.0110,0.0000,0.8709,0.8908,1.0000,0,0
g44-45,rest,wclass,8,0.0298,0.0034,0.0249,-0.0393,0.0087,0.0234,0.0072,-0.0495,0.0020,0.0000,0.8683,0.8908,1.0000,0,0
g45-47,best,fast,8,0.0391,0.0051,0.0329,-0.0645,0.0118,0.0449,0.0077,-0.0676,0.0368,0.0000,0.8161,0.8728,1.0000,0,0
g45-47,best,fit,8,0.0438,0.0048,0.0367,-0.0723,0.0200,0.0448,0.0075,-0.0639,0.0067,0.0000,0.8073,0.8728,1.0000,0,0
g45-47,best,self05,8,0.0476,0.0069,0.0396,-0.0706,-0.0008,0.0585,0.0129,-0.0892,0.0592,0.0500,0.7935,0.8792,1.0000,0,0
g45-47,best,self10,8,0.0377,0.0072,0.0314,-0.0524,-0.0166,0.0512,0.0177,-0.0803,0.0693,0.1000,0.8098,0.8872,1.0000,0,0
g45-47,best,slow,8,0.0580,0.0073,0.0468,-0.0716,-0.0320,0.0937,0.0099,-0.0870,-0.0074,0.0000,0.7668,0.8728,1.0000,0,0
g45-47,best,wclass,8,0.0269,0.0033,0.0231,-0.0176,-0.0259,0.0379,0.0056,-0.0124,-0.0045,0.0000,0.8270,0.8728,1.0000,0,0
g46-47,rest,fast,8,0.0232,0.0026,0.0190,-0.0413,0.0021,0.0339,0.0052,-0.0451,-0.0074,0.0000,0.9256,0.9190,1.0000,0,0
g46-47,rest,fit,8,0.0254,0.0031,0.0205,-0.0452,0.0004,0.0387,0.0061,-0.0729,0.0103,0.0000,0.8714,0.9190,1.0000,0,0
g46-47,rest,self05,8,0.0261,0.0031,0.0213,-0.0469,0.0107,0.0364,-0.0002,-0.0651,0.0172,0.0500,0.9220,0.9474,1.0000,0,0
g46-47,rest,self10,8,0.0252,0.0030,0.0204,-0.0484,0.0146,0.0299,0.0039,-0.0715,0.0136,0.1000,0.9477,0.9904,1.0000,0,0
g46-47,rest,slow,8,0.0363,0.0035,0.0291,-0.0700,0.0054,0.0610,0.0036,-0.0750,0.0022,0.0000,0.9111,0.9190,1.0000,0,0
g46-47,rest,wclass,8,0.0278,0.0044,0.0227,-0.0453,0.0034,0.0402,0.0018,-0.0683,0.0129,0.0000,0.8749,0.9190,1.0000,0,0
g48-49,general,fast,8,0.0301,0.0057,0.0241,-0.0477,0.0244,0.0113,0.0120,-0.0364,0.0039,0.0000,0.8691,0.9142,1.0000,0,0
g48-49,general,fit,8,0.0446,0.0101,0.0361,-0.0826,0.0249,0.0524,0.0053,-0.0604,0.0012,0.0000,0.7865,0.9142,1.0000,0,0
g48-49,general,self05,8,0.0590,0.0086,0.0473,-0.1165,0.0320,0.0603,0.0242,-0.0499,0.0083,0.0500,0.8841,0.9342,1.0000,0,0
g48-49,general,self10,8,0.0334,0.0054,0.0269,-0.0614,0.0241,0.0242,0.0132,-0.0539,0.0009,0.1000,0.9138,0.9582,1.0000,0,0
g48-49,general,slow,8,0.0715,0.0140,0.0574,-0.1220,0.0291,0.0660,0.0269,-0.0634,0.0051,0.0000,0.9513,0.9142,1.0000,0,0
g48-49,general,wclass,8,0.0561,0.0085,0.0454,-0.0823,-0.0269,0.1023,0.0068,-0.0424,-0.0145,0.0000,0.8074,0.9142,1.0000,0,0
g50,best,fast,8,0.0451,0.0056,0.0364,-0.0772,0.0256,0.0442,0.0074,-0.1001,0.0104,0.0000,0.8440,0.9066,1.0000,0,0
g50,best,fit,8,0.0532,0.0070,0.0430,-0.0929,0.0204,0.0690,0.0035,-0.1178,0.0038,0.0000,0.8095,0.9066,1.0000,0,0
g50,best,self05,8,0.0540,0.0113,0.0447,-0.1011,0.0195,0.0814,0.0003,-0.1302,0.0017,0.0500,0.7954,0.9087,1.0000,0,0
g50,best,self10,8,0.0410,0.0040,0.0332,-0.0803,0.0206,0.0437,0.0159,-0.1132,0.0062,0.1000,0.8437,0.9117,1.0000,0,0
g50,best,slow,8,0.0516,0.0068,0.0419,-0.0857,-0.0008,0.0746,0.0120,-0.1270,0.0020,0.0000,0.8020,0.9066,1.0000,0,0
g50,best,wclass,8,0.0559,0.0065,0.0456,-0.1036,0.0254,0.0646,0.0136,-0.1174,0.0032,0.0000,0.8154,0.9066,1.0000,0,0
g50,rest,fast,8,0.0402,0.0048,0.0327,-0.0769,0.0205,0.0548,0.0016,-0.0624,0.0086,0.0000,0.7923,0.8434,1.0000,0,0
g50,rest,fit,8,0.0366,0.0050,0.0303,-0.0685,0.0290,0.0392,0.0003,-0.0605,0.0155,0.0000,0.7770,0.8434,1.0000,0,0
g50,rest,self05,8,0.0478,0.0055,0.0383,-0.0900,0.0294,0.0579,0.0027,-0.0513,0.0179,0.0500,0.7784,0.8472,1.0000,0,0
g50,rest,self10,8,0.0449,0.0065,0.0367,-0.0864,0.0221,0.0644,-0.0000,-0.0687,0.0208,0.1000,0.7989,0.8526,1.0000,0,0
g50,rest,slow,8,0.0517,0.0064,0.0420,-0.1022,0.0166,0.0742,0.0114,-0.0765,0.0090,0.0000,0.7655,0.8434,1.0000,0,0
g50,rest,wclass,8,0.0498,0.0091,0.0403,-0.0778,-0.0186,0.0891,0.0074,-0.0532,0.0059,0.0000,0.7334,0.8434,1.0000,0,0
g51,general,fast,8,0.0091,0.0011,0.0074,-0.0163,0.0152,0.0002,0.0009,-0.0241,0.0020,0.0000,0.9750,0.9630,1.0000,0,0
g51,general,fit,8,0.0088,0.0004,0.0071,-0.0157,0.0140,0.0005,0.0012,-0.0230,0.0023,0.0000,0.9712,0.9630,1.0000,0,0
g51,general,self05,8,0.0102,0.0008,0.0082,-0.0156,0.0184,-0.0028,-0.0001,-0.0307,0.0027,0.0500,0.9705,1.0050,1.0000,0,0
g51,general,self10,8,0.0104,0.0006,0.0084,-0.0139,0.0196,-0.0053,-0.0004,-0.0270,0.0030,0.1000,1.0375,1.0622,1.0000,0,0
g51,general,slow,8,0.0117,0.0013,0.0094,-0.0195,0.0191,-0.0027,0.0031,-0.0319,0.0028,0.0000,0.9712,0.9630,1.0000,0,0
g51,general,wclass,8,0.0048,0.0010,0.0040,-0.0070,0.0010,0.0048,0.0011,-0.0165,0.0013,0.0000,0.9708,0.9630,1.0000,0,0
