window_id,group,n_labels,hawkes_match,hawkes_match_lo,hawkes_match_hi,hawkes_other_match,hawkes_other_match_lo,hawkes_other_match_hi,baseline_match,baseline_match_lo,baseline_match_hi,hawkes_match_minus_baseline_lo,hawkes_match_minus_baseline_hi,hawkes_other_match_minus_baseline_lo,hawkes_other_match_minus_baseline_hi,label_in_candidates,argmax_background,argmax_self
all,all,16851,0.1496,0.1396,0.1604,0.3858,0.3706,0.4046,0.3429,0.3213,0.3675,-0.2182,-0.1722,0.0251,0.0592,0.9944,0.2245,0.4970
"all, label among candidates",all,16757,0.1504,0.1403,0.1615,0.3880,0.3729,0.4069,0.3445,0.3225,0.3694,-0.2191,-0.1728,0.0256,0.0597,1.0000,0.2211,0.4994
g32,general,155,0.0903,0.0612,0.1667,0.2645,0.2188,0.3095,0.3548,0.2653,0.5000,-0.3333,-0.2041,-0.1905,0.0204,1.0000,0.5226,0.2323
g33-34,general,485,0.0907,0.0690,0.1102,0.2680,0.2041,0.3431,0.3237,0.2639,0.4055,-0.3081,-0.1817,-0.1016,-0.0065,0.9979,0.5485,0.1010
g35-39,best,410,0.4195,0.3562,0.4894,0.6683,0.5879,0.7292,0.7244,0.6559,0.7846,-0.3644,-0.2370,-0.0994,-0.0186,0.9854,0.2341,0.2146
g35,rest,75,0.0533,0.0000,0.1190,0.3067,0.2277,0.3913,0.2933,0.2083,0.3914,-0.3810,-0.1071,-0.0563,0.0801,1.0000,0.8000,0.0133
g36-37,rest,277,0.2274,0.1244,0.3020,0.4079,0.2870,0.5130,0.5993,0.4685,0.6860,-0.4621,-0.2935,-0.2769,-0.1270,0.9856,0.2419,0.3646
g38-39,rest,340,0.0794,0.0448,0.1132,0.3206,0.2000,0.4282,0.4176,0.3429,0.4986,-0.3962,-0.2799,-0.1707,-0.0278,0.9735,0.5971,0.1941
g40,universe-coordination,93,0.0000,0.0000,0.0000,0.0645,0.0000,0.1622,0.3978,0.3269,0.4681,-0.4681,-0.3269,-0.4176,-0.2188,1.0000,0.6774,0.1828
g41-44,best,246,0.3577,0.2907,0.4222,0.6585,0.6000,0.7050,0.6626,0.5952,0.7239,-0.4022,-0.2077,-0.0433,0.0351,0.9756,0.4187,0.0650
g41-43,rest,545,0.0752,0.0579,0.1012,0.3890,0.3377,0.4407,0.4220,0.3585,0.4857,-0.4130,-0.2736,-0.0803,0.0361,0.9963,0.5945,0.2092
g44-45,rest,690,0.1522,0.0964,0.2106,0.4449,0.3931,0.5040,0.4174,0.3534,0.4906,-0.2935,-0.2481,-0.0089,0.0518,0.9942,0.4652,0.2275
g45-47,best,301,0.2890,0.2438,0.3858,0.4020,0.3404,0.5598,0.2890,0.2038,0.5366,-0.1921,0.0801,-0.0199,0.1964,0.9801,0.3189,0.0100
g46-47,rest,943,0.1718,0.1404,0.2106,0.5133,0.4380,0.5802,0.4846,0.4152,0.5506,-0.3768,-0.2581,-0.0236,0.0739,0.9989,0.2248,0.4719
g48-49,general,92,0.1957,0.0571,0.2388,0.3587,0.3456,0.4000,0.4891,0.4000,0.5429,-0.4857,-0.2000,-0.1783,-0.0285,0.9891,0.3587,0.1957
g50,best,91,0.3187,0.2033,0.4930,0.4505,0.3659,0.5775,0.5055,0.4286,0.6102,-0.2712,-0.0794,-0.1304,0.0159,0.9780,0.1868,0.2308
g50,rest,351,0.1880,0.1327,0.2284,0.6125,0.5430,0.6618,0.6410,0.5902,0.7177,-0.5697,-0.3886,-0.1244,0.0246,1.0000,0.2251,0.4900
g51,general,11757,0.1362,0.1257,0.1475,0.3598,0.3447,0.3744,0.2860,0.2645,0.3073,-0.1762,-0.1234,0.0536,0.0948,0.9956,0.1499,0.6014
