measure,key,value
summary,n_occurrences,164891.000000
summary,n_acquisitions,108315.000000
summary,n_remention,56576.000000
summary,remention_parent_own,35853.000000
summary,remention_parent_other_actor,15162.000000
summary,remention_parent_env,2572.000000
summary,remention_no_parent,2989.000000
summary,depth_mean,0.522328
summary,depth_median,0.000000
summary,depth_max,130.000000
summary,max_generation_occurrence_level,130.000000
summary,max_generation_agent_level,10.000000
restatement_depth,0,82338.000000
restatement_depth,1,16972.000000
restatement_depth,2,4462.000000
restatement_depth,3,1766.000000
restatement_depth,4,834.000000
restatement_depth,5,445.000000
restatement_depth,6,312.000000
restatement_depth,7,219.000000
restatement_depth,8,162.000000
restatement_depth,9,132.000000
restatement_depth,10+,673.000000
