measure,generation,n_nodes,n_units,mean,reported,mean_lo,mean_hi
type_token_ratio,0,69649,18031,0.897697,true,0.896629,0.898878
type_token_ratio,1,67018,18014,0.904601,true,0.903678,0.905726
type_token_ratio,2,17565,5490,0.905277,true,0.903549,0.907025
type_token_ratio,3,2246,654,0.900316,true,0.894007,0.905771
type_token_ratio,4,269,97,0.889328,true,0.876511,0.901643
type_token_ratio,5,33,14,0.879085,true,0.826579,0.912764
type_token_ratio,6,5,3,0.936733,false,,
type_token_ratio,7,2,1,0.957143,false,,
type_token_ratio,8,1,1,0.902439,false,,
type_token_ratio,9,2,1,0.937729,false,,
type_token_ratio,10,1,1,0.542857,false,,
type_token_ratio_slope,-1,156791,18031,0.005507,true,0.004727,0.006326
similarity_to_modal,0,69649,18031,0.325367,true,0.320998,0.329469
similarity_to_modal,1,67018,18014,0.394156,true,0.389995,0.398206
similarity_to_modal,2,17565,5490,0.356999,true,0.348484,0.365101
similarity_to_modal,3,2246,654,0.282329,true,0.261077,0.302775
similarity_to_modal,4,269,97,0.192338,true,0.144187,0.250240
similarity_to_modal,5,33,14,0.139827,true,0.075498,0.222509
similarity_to_modal,6,5,3,0.188007,false,,
similarity_to_modal,7,2,1,0.112371,false,,
similarity_to_modal,8,1,1,0.104478,false,,
similarity_to_modal,9,2,1,0.102551,false,,
similarity_to_modal,10,1,1,0.098039,false,,
similarity_to_modal_slope,-1,156791,18031,0.027458,true,0.024618,0.030276
