type,n_units,n_occurrences,mean_agents,units_with_edges,transmission_edges,independent,trees,units_depth_2plus,max_generation
all,19752,164891,5.479445,18031,67882,6187,40433,5494,10
gram,6846,50332,5.182588,6446,22776,1149,12739,3338,4
number,6671,53378,5.359916,5835,20973,2509,14804,1136,6
org,1455,15242,5.908591,1318,5244,902,3365,269,5
time,1276,10416,5.130878,1115,3673,193,2874,181,4
url,999,8920,6.389389,989,5120,118,1265,79,5
person,880,11195,6.598864,799,3657,609,2158,193,10
work_of_art,559,5024,6.368515,538,2579,174,981,119,4
percent,433,2889,4.618938,408,1370,35,632,45,5
gpe,283,3001,5.975265,254,982,261,711,52,4
product,135,1536,6.429630,125,487,119,381,33,4
money,77,642,6.480519,74,368,8,131,10,2
date,76,1605,8.263158,69,374,93,256,28,4
event,32,229,5.687500,31,121,7,61,6,2
email,29,475,7.793103,29,154,9,73,5,4
phone,1,7,6.000000,1,4,1,2,0,1
