label_set,method,n_cases,n_child_messages,accuracy,mean_logp,mean_candidates,accuracy_lo,accuracy_hi
name_tier1,time,2062,1097,0.817653,-1.038609,11.870029,0.795696,0.838517
name_tier1,content,2062,1097,0.609287,-1.749191,11.870029,0.582740,0.638585
name_tier1,time+content,2062,1097,0.817653,-1.038609,11.870029,0.797495,0.840661
name_tier1,time+content_other_agents,2062,1097,0.831232,-1.006042,11.870029,0.811493,0.850597
name_tier1,uniform,2062,1097,0.455397,-1.428633,11.870029,0.436573,0.473982
name_tier1,latest,2062,1097,0.819108,NaN,11.870029,0.796194,0.841450
name_tier1,latest_other_agent_message,2062,1097,0.926285,NaN,11.870029,0.913065,0.940242
name_tier1,time_kde_only,2062,1097,0.818623,-0.548614,11.870029,0.797182,0.839599
name_tier1,time+content_kde_only,2062,1097,0.818623,-0.548614,11.870029,0.792689,0.838869
name_tier1,time+content_other_agents_kde_only,2062,1097,0.831232,-0.523430,11.870029,0.809206,0.849590
name_tier2,time,1084,591,0.829336,-0.869088,9.090406,0.797381,0.858971
name_tier2,content,1084,591,0.653258,-1.352200,9.090406,0.613577,0.690426
name_tier2,time+content,1084,591,0.829336,-0.869088,9.090406,0.796913,0.857506
name_tier2,time+content_other_agents,1084,591,0.836716,-0.883617,9.090406,0.808118,0.863179
name_tier2,uniform,1084,591,0.511654,-1.253566,9.090406,0.481576,0.537330
name_tier2,latest,1084,591,0.823801,NaN,9.090406,0.792286,0.857650
name_tier2,latest_other_agent_message,1084,591,0.902214,NaN,9.090406,0.880571,0.925355
name_tier2,time_kde_only,1084,591,0.824723,-0.459764,9.090406,0.791768,0.854167
name_tier2,time+content_kde_only,1084,591,0.824723,-0.459764,9.090406,0.791562,0.855229
name_tier2,time+content_other_agents_kde_only,1084,591,0.828413,-0.479284,9.090406,0.800716,0.856716
quote_tier1,time,799,303,0.795995,-1.587605,5.764706,0.748154,0.843971
quote_tier1,content,799,303,0.826775,-0.701918,5.764706,0.787741,0.863987
quote_tier1,time+content,799,303,0.795995,-1.587605,5.764706,0.735008,0.841225
quote_tier1,time+content_other_agents,799,303,0.828536,-1.379493,5.764706,0.789450,0.871442
quote_tier1,uniform,799,303,0.606793,-0.882733,5.764706,0.576711,0.638084
quote_tier1,latest,799,303,0.811014,NaN,5.764706,0.766955,0.853379
quote_tier1,latest_other_agent_message,799,303,0.929912,NaN,5.764706,0.905044,0.951917
quote_tier1,time_kde_only,799,303,0.798498,-0.444375,5.764706,0.752486,0.845206
quote_tier1,time+content_kde_only,799,303,0.798498,-0.444375,5.764706,0.755842,0.846756
quote_tier1,time+content_other_agents_kde_only,799,303,0.861076,-0.316745,5.764706,0.822919,0.892889
