kind,n,cov50,cov50_ci_low,cov50_ci_high,cov50_n,cov90,cov90_ci_low,cov90_ci_high,cov90_n,cov100,cov100_ci_low,cov100_ci_high,cov100_n,best50,best50_ci_low,best50_ci_high,best50_n,best80,best80_ci_low,best80_ci_high,best80_n,best_final,best_final_ci_low,best_final_ci_high,best_final_n,task_finish_mean,task_finish_mean_ci_low,task_finish_mean_ci_high,task_finish_mean_n,g_cov50,g_cov50_ci_low,g_cov50_ci_high,g_cov50_n,g_cov90,g_cov90_ci_low,g_cov90_ci_high,g_cov90_n,g_best50,g_best50_ci_low,g_best50_ci_high,g_best50_n,g_best80,g_best80_ci_low,g_best80_ci_high,g_best80_n,lambda,lambda_ci_low,lambda_ci_high,lambda_n,schedule_share,schedule_share_ci_low,schedule_share_ci_high,schedule_share_n,comm_share,comm_share_ci_low,comm_share_ci_high,comm_share_n,peak_active,peak_active_ci_low,peak_active_ci_high,peak_active_n,agents,agents_ci_low,agents_ci_high,agents_n,handoffs_per_step,handoffs_per_step_ci_low,handoffs_per_step_ci_high,handoffs_per_step_n
single,1,0.29705,0.29528,0.29880,256,0.66992,0.66599,0.67392,256,1.00000,1.00000,1.00000,256,0.14327,0.14057,0.14601,256,0.67835,0.66617,0.68998,221,0.83300,0.82944,0.83660,256,0.77147,0.76742,0.77545,256,NaN,NaN,NaN,0,NaN,NaN,NaN,0,NaN,NaN,NaN,0,NaN,NaN,NaN,0,NaN,NaN,NaN,0,NaN,NaN,NaN,0,NaN,NaN,NaN,0,NaN,NaN,NaN,0,NaN,NaN,NaN,0,NaN,NaN,NaN,0
standard,2,0.17175,0.17073,0.17278,256,0.38790,0.38568,0.39016,256,0.57939,0.57858,0.58016,256,0.09215,0.09016,0.09414,256,0.40766,0.40057,0.41490,221,0.83300,0.82944,0.83660,256,0.45316,0.45079,0.45549,256,1.72970,1.72676,1.73269,256,1.72702,1.72528,1.72880,256,1.57152,1.54823,1.59516,256,1.66497,1.65643,1.67411,221,0.79038,0.78794,0.79285,256,0.02151,0.02132,0.02168,256,0.14978,0.14976,0.14979,256,2.00000,2.00000,2.00000,256,59.03638,58.14453,59.97642,256,0.38773,0.38429,0.39123,256
standard,4,0.08661,0.08610,0.08712,256,0.19717,0.19603,0.19829,256,0.30222,0.30148,0.30298,256,0.05404,0.05300,0.05508,256,0.21958,0.21578,0.22328,221,0.83300,0.82944,0.83660,256,0.23542,0.23418,0.23663,256,3.42978,3.42395,3.43573,256,3.39767,3.39401,3.40153,256,2.66981,2.63317,2.70608,256,3.08930,3.07251,3.10633,221,0.88899,0.88776,0.89024,256,0.03096,0.03076,0.03117,256,0.16963,0.16961,0.16965,256,4.00000,4.00000,4.00000,256,120.92285,119.59252,122.26207,256,0.50906,0.50528,0.51279,256
standard,8,0.04438,0.04412,0.04464,256,0.10226,0.10167,0.10284,256,0.16781,0.16655,0.16907,256,0.03315,0.03259,0.03370,256,0.12054,0.11862,0.12252,221,0.83300,0.82944,0.83660,256,0.12772,0.12702,0.12839,256,6.69295,6.68141,6.70469,256,6.55077,6.54392,6.55786,256,4.33377,4.27801,4.39051,256,5.62684,5.59069,5.66209,221,0.91417,0.91334,0.91501,256,0.03908,0.03888,0.03927,256,0.20865,0.20861,0.20869,256,8.00000,8.00000,8.00000,256,189.94507,188.12499,191.78229,256,0.59144,0.58807,0.59486,256
standard,16,0.02364,0.02351,0.02378,256,0.05554,0.05522,0.05585,256,0.10802,0.10622,0.10983,256,0.02146,0.02115,0.02177,256,0.07017,0.06894,0.07143,221,0.83300,0.82944,0.83660,256,0.07601,0.07554,0.07645,256,12.56325,12.53880,12.58777,256,12.06242,12.04611,12.07995,256,6.67864,6.59106,6.76662,256,9.67903,9.61001,9.74466,221,0.91274,0.91204,0.91345,256,0.04726,0.04705,0.04746,256,0.28314,0.28299,0.28329,256,16.00000,16.00000,16.00000,256,266.46094,264.10318,268.87728,256,0.66558,0.66244,0.66868,256
standard,32,0.01364,0.01355,0.01371,256,0.03318,0.03299,0.03337,256,0.08565,0.08340,0.08789,256,0.01523,0.01505,0.01540,256,0.04636,0.04530,0.04755,221,0.83300,0.82944,0.83660,256,0.05255,0.05212,0.05296,256,21.79015,21.72795,21.85205,256,20.19629,20.13561,20.25904,256,9.39639,9.26866,9.52371,256,14.75530,14.60309,14.90448,221,0.88904,0.88822,0.88987,256,0.05547,0.05525,0.05568,256,0.41681,0.41616,0.41749,256,31.98853,31.97778,31.99634,256,348.36133,345.44244,351.25004,256,0.73336,0.73064,0.73595,256
standard,64,0.00938,0.00931,0.00945,256,0.02460,0.02437,0.02482,256,0.08116,0.07871,0.08365,256,0.01198,0.01184,0.01211,256,0.03848,0.03722,0.03982,221,0.83300,0.82944,0.83660,256,0.04380,0.04334,0.04426,256,31.71074,31.53713,31.88927,256,27.32737,27.11534,27.54085,256,11.94560,11.77365,12.11424,256,18.09059,17.80297,18.37971,221,0.83090,0.82958,0.83227,256,0.06232,0.06214,0.06250,256,0.61101,0.60832,0.61378,256,63.07886,62.95751,63.19434,256,428.97705,425.18895,432.78198,256,0.78240,0.78026,0.78447,256
recursive,2,0.17159,0.17055,0.17261,256,0.38693,0.38467,0.38921,256,0.57716,0.57621,0.57810,256,0.09181,0.08985,0.09384,256,0.40767,0.40013,0.41503,221,0.83300,0.82944,0.83660,256,0.45113,0.44873,0.45348,256,1.73129,1.72830,1.73427,256,1.73142,1.72957,1.73330,256,1.58022,1.55483,1.60604,256,1.66681,1.65627,1.67758,221,0.79170,0.78921,0.79418,256,0.02155,0.02137,0.02173,256,0.14464,0.14421,0.14506,256,2.00000,2.00000,2.00000,256,59.45239,58.52391,60.43270,256,0.38830,0.38482,0.39185,256
recursive,4,0.08697,0.08645,0.08750,256,0.19737,0.19621,0.19853,256,0.30181,0.30105,0.30260,256,0.05425,0.05320,0.05531,256,0.21984,0.21617,0.22359,221,0.83300,0.82944,0.83660,256,0.23507,0.23381,0.23629,256,3.41569,3.40955,3.42170,256,3.39429,3.39071,3.39778,256,2.65822,2.62156,2.69569,256,3.08592,3.06734,3.10526,221,0.88602,0.88472,0.88728,256,0.03102,0.03083,0.03122,256,0.16799,0.16757,0.16840,256,4.00000,4.00000,4.00000,256,121.52197,120.16548,122.90359,256,0.50974,0.50618,0.51346,256
recursive,8,0.04408,0.04382,0.04433,256,0.10090,0.10032,0.10147,256,0.16557,0.16434,0.16684,256,0.03263,0.03208,0.03317,256,0.11856,0.11653,0.12059,221,0.83300,0.82944,0.83660,256,0.12561,0.12492,0.12626,256,6.73944,6.72776,6.75131,256,6.63897,6.63140,6.64659,256,4.40326,4.34863,4.45733,256,5.72438,5.68709,5.76070,221,0.91750,0.91666,0.91835,256,0.03918,0.03898,0.03938,256,0.18839,0.18804,0.18875,256,8.00000,8.00000,8.00000,256,190.69678,189.00312,192.46313,256,0.59250,0.58903,0.59598,256
recursive,16,0.02250,0.02237,0.02264,256,0.05222,0.05192,0.05250,256,0.10291,0.10117,0.10469,256,0.02038,0.02009,0.02067,256,0.06571,0.06461,0.06686,221,0.83300,0.82944,0.83660,256,0.07176,0.07133,0.07219,256,13.19983,13.17443,13.22509,256,12.82933,12.81086,12.84855,256,7.03685,6.94604,7.12777,256,10.32995,10.25608,10.40297,221,0.93057,0.92987,0.93126,256,0.04740,0.04719,0.04760,256,0.20315,0.20278,0.20350,256,16.00000,16.00000,16.00000,256,267.67993,265.34896,270.02300,256,0.66671,0.66363,0.66978,256
recursive,32,0.01201,0.01194,0.01209,256,0.02877,0.02860,0.02894,256,0.08006,0.07790,0.08227,256,0.01326,0.01311,0.01341,256,0.04106,0.04001,0.04216,221,0.83300,0.82944,0.83660,256,0.04733,0.04693,0.04773,256,24.73295,24.66242,24.80474,256,23.29371,23.21494,23.37530,256,10.78783,10.63793,10.93815,256,16.71458,16.52459,16.89920,221,0.92559,0.92477,0.92643,256,0.05564,0.05544,0.05584,256,0.22667,0.22619,0.22716,256,31.98682,31.97632,31.99487,256,350.82690,347.95504,353.64233,256,0.73437,0.73168,0.73695,256
recursive,64,0.00750,0.00744,0.00756,256,0.01983,0.01960,0.02005,256,0.07520,0.07273,0.07763,256,0.00943,0.00932,0.00953,256,0.03292,0.03170,0.03424,221,0.83300,0.82944,0.83660,256,0.03812,0.03767,0.03857,256,39.67488,39.42967,39.92615,256,33.99733,33.64874,34.34581,256,15.17948,14.96039,15.40087,256,21.39910,20.97424,21.79832,221,0.88470,0.88319,0.88624,256,0.06243,0.06224,0.06260,256,0.26792,0.26708,0.26879,256,63.02368,62.89233,63.14698,256,430.65796,426.85872,434.46109,256,0.78264,0.78055,0.78467,256
