channel,generation,n_edges,n_trees,reported,mean_h,median_h,q25_h,q75_h,mean_lo,mean_hi,median_lo,median_hi
chat_to_chat_other,1,84450,84368,true,1.233513,0.063980,0.015047,0.476545,1.212324,1.253269,0.062696,0.065016
chat_to_chat_other,2,407,406,true,4.727484,2.174497,0.056578,8.341021,4.175688,5.226544,1.036539,3.815538
chat_to_chat_other,3,6,6,false,10.123609,8.982937,7.256376,11.490165,,,,
chat_to_human,1,250,250,true,2.375918,0.544038,0.102127,3.258960,1.902488,2.836459,0.422519,0.736411
chat_to_human,2,11,11,false,2.656066,2.103737,1.181204,2.810037,,,,
chat_to_memory_other,1,347801,175081,true,0.932636,0.141849,0.059334,0.338492,0.921512,0.944787,0.140865,0.142852
chat_to_memory_other,2,3993,2786,true,3.251363,0.262742,0.086781,4.178387,3.068845,3.458505,0.237107,0.288926
chat_to_memory_other,3,69,49,true,4.497177,0.325994,0.106059,7.528281,2.751216,7.144547,0.237128,2.374921
chat_to_memory_other,4,1,1,false,0.252005,0.252005,0.252005,0.252005,,,,
chat_to_search_answer,1,25558,23057,true,1.706460,0.340291,0.069807,1.714050,1.665959,1.748529,0.331336,0.364600
chat_to_search_answer,2,758,700,true,2.089989,0.582485,0.118193,2.142013,1.837762,2.372403,0.464115,0.686608
chat_to_search_answer,3,6,6,false,2.827305,3.473285,1.059422,3.874660,,,,
