gamma,name_tier1_n,name_tier1_mean_logp,name_tier1_accuracy,name_tier2_n,name_tier2_mean_logp,name_tier2_accuracy,hand_n,hand_mean_logp,hand_accuracy,claude_n,claude_mean_logp,claude_accuracy,composite_n,composite_mean_logp,composite_accuracy,name_tier1_mean_logp_module_a,name_tier1_accuracy_module_a,name_tier2_mean_logp_module_a,name_tier2_accuracy_module_a,hand_mean_logp_module_a,hand_accuracy_module_a,claude_mean_logp_module_a,claude_accuracy_module_a,composite_mean_logp_module_a,composite_accuracy_module_a
0.000000,10871,-0.338590,0.881336,14089,-0.483404,0.821776,14,-0.806710,0.714286,45,-0.848739,0.577778,45,-0.831242,0.644444,-0.778452,0.859627,-0.790411,0.810136,-5.287063,0.571429,-0.875678,0.688889,-2.160303,0.666667
0.250000,10871,-0.374529,0.869377,14089,-0.612265,0.804741,14,-0.783469,0.714286,45,-0.769860,0.622222,45,-0.785696,0.666667,-0.810973,0.857235,-0.912455,0.804599,-5.261106,0.500000,-0.798214,0.733333,-2.116173,0.666667
0.500000,10871,-0.456801,0.858523,14089,-0.806865,0.796579,14,-0.859399,0.642857,45,-0.783532,0.622222,45,-0.832702,0.622222,-0.885899,0.850796,-1.098955,0.797360,-5.326235,0.500000,-0.809777,0.688889,-2.161069,0.622222
0.750000,10871,-0.556391,0.851992,14089,-1.025669,0.791043,14,-0.992957,0.642857,45,-0.823159,0.622222,45,-0.905662,0.622222,-0.979374,0.844724,-1.310071,0.791185,-5.443450,0.500000,-0.845146,0.688889,-2.229771,0.622222
1.000000,10871,-0.666003,0.846380,14089,-1.257471,0.785577,14,-1.153008,0.642857,45,-0.877212,0.622222,45,-0.993048,0.622222,-1.082942,0.837733,-1.534579,0.785861,-5.582721,0.500000,-0.893076,0.688889,-2.311034,0.622222
1.500000,10871,-0.902610,0.840493,14089,-1.743082,0.777628,14,-1.508948,0.571429,45,-1.008636,0.600000,45,-1.191139,0.600000,-1.307421,0.830834,-2.006746,0.779402,-5.887578,0.428571,-1.007864,0.666667,-2.492489,0.600000
2.000000,10871,-1.152578,0.834514,14089,-2.245547,0.771524,14,-1.895746,0.571429,45,-1.158637,0.600000,45,-1.407807,0.600000,-1.546390,0.826235,-2.496798,0.774150,-6.215596,0.428571,-1.136977,0.666667,-2.688268,0.600000
3.000000,10871,-1.673760,0.827707,14089,-3.277141,0.763645,14,-2.728627,0.571429,45,-1.489692,0.600000,45,-1.872195,0.600000,-2.047983,0.817864,-3.506285,0.764568,-6.921397,0.428571,-1.418035,0.666667,-3.102660,0.600000
4.000000,10871,-2.210271,0.824303,14089,-4.327027,0.758038,14,-3.600507,0.571429,45,-1.841952,0.600000,45,-2.357788,0.600000,-2.567658,0.814369,-4.538349,0.757825,-7.663293,0.357143,-1.713717,0.644444,-3.531675,0.577778
6.000000,10871,-3.303375,0.818324,14089,-6.451162,0.752928,14,-5.406537,0.500000,45,-2.576984,0.577778,45,-3.359487,0.577778,-3.632846,0.811885,-6.635805,0.754276,-9.208168,0.357143,-2.326778,0.644444,-4.411403,0.577778
