seed,alt_scale,n_units,n_occ,n_true_edges,n_true_env,parent_accuracy,parent_accuracy_transmission,env_recall,generation_accuracy,generation_accuracy_nonroot,generation_mae,agent_generation_accuracy,determined_share,determined_parent_accuracy,determined_agent_generation_accuracy,p_true_chat_to_chat_other,ngen_true_chat_to_chat_other,p_true_chat_to_chat_self,ngen_true_chat_to_chat_self,p_true_chat_to_human,ngen_true_chat_to_human,p_true_chat_to_memory_other,ngen_true_chat_to_memory_other,p_true_chat_to_memory_self,ngen_true_chat_to_memory_self,p_true_memory_to_chat,ngen_true_memory_to_chat,p_true_search_to_chat,ngen_true_search_to_chat,p_true_search_to_memory,ngen_true_search_to_memory,p_true_chat_to_search_answer,ngen_true_chat_to_search_answer,p_true_combined,ngen_true_combined,p_inferred_chat_to_chat_other,ngen_inferred_chat_to_chat_other,p_inferred_chat_to_chat_self,ngen_inferred_chat_to_chat_self,p_inferred_chat_to_human,ngen_inferred_chat_to_human,p_inferred_chat_to_memory_other,ngen_inferred_chat_to_memory_other,p_inferred_chat_to_memory_self,ngen_inferred_chat_to_memory_self,p_inferred_memory_to_chat,ngen_inferred_memory_to_chat,p_inferred_search_to_chat,ngen_inferred_search_to_chat,p_inferred_search_to_memory,ngen_inferred_search_to_memory,p_inferred_chat_to_search_answer,ngen_inferred_chat_to_search_answer,p_inferred_combined,ngen_inferred_combined,p_determined_chat_to_chat_other,ngen_determined_chat_to_chat_other,p_determined_chat_to_chat_self,ngen_determined_chat_to_chat_self,p_determined_chat_to_human,ngen_determined_chat_to_human,p_determined_chat_to_memory_other,ngen_determined_chat_to_memory_other,p_determined_chat_to_memory_self,ngen_determined_chat_to_memory_self,p_determined_memory_to_chat,ngen_determined_memory_to_chat,p_determined_search_to_chat,ngen_determined_search_to_chat,p_determined_search_to_memory,ngen_determined_search_to_memory,p_determined_chat_to_search_answer,ngen_determined_chat_to_search_answer,p_determined_combined,ngen_determined_combined,occ_p_true_chat_to_chat_other,occ_ngen_true_chat_to_chat_other,occ_p_true_chat_to_chat_self,occ_ngen_true_chat_to_chat_self,occ_p_true_chat_to_human,occ_ngen_true_chat_to_human,occ_p_true_chat_to_memory_other,occ_ngen_true_chat_to_memory_other,occ_p_true_chat_to_memory_self,occ_ngen_true_chat_to_memory_self,occ_p_true_memory_to_chat,occ_ngen_true_memory_to_chat,occ_p_true_search_to_chat,occ_ngen_true_search_to_chat,occ_p_true_search_to_memory,occ_ngen_true_search_to_memory,occ_p_true_chat_to_search_answer,occ_ngen_true_chat_to_search_answer,occ_p_true_combined,occ_ngen_true_combined,occ_p_inferred_chat_to_chat_other,occ_ngen_inferred_chat_to_chat_other,occ_p_inferred_chat_to_chat_self,occ_ngen_inferred_chat_to_chat_self,occ_p_inferred_chat_to_human,occ_ngen_inferred_chat_to_human,occ_p_inferred_chat_to_memory_other,occ_ngen_inferred_chat_to_memory_other,occ_p_inferred_chat_to_memory_self,occ_ngen_inferred_chat_to_memory_self,occ_p_inferred_memory_to_chat,occ_ngen_inferred_memory_to_chat,occ_p_inferred_search_to_chat,occ_ngen_inferred_search_to_chat,occ_p_inferred_search_to_memory,occ_ngen_inferred_search_to_memory,occ_p_inferred_chat_to_search_answer,occ_ngen_inferred_chat_to_search_answer,occ_p_inferred_combined,occ_ngen_inferred_combined,occ_p_determined_chat_to_chat_other,occ_ngen_determined_chat_to_chat_other,occ_p_determined_chat_to_chat_self,occ_ngen_determined_chat_to_chat_self,occ_p_determined_chat_to_human,occ_ngen_determined_chat_to_human,occ_p_determined_chat_to_memory_other,occ_ngen_determined_chat_to_memory_other,occ_p_determined_chat_to_memory_self,occ_ngen_determined_chat_to_memory_self,occ_p_determined_memory_to_chat,occ_ngen_determined_memory_to_chat,occ_p_determined_search_to_chat,occ_ngen_determined_search_to_chat,occ_p_determined_search_to_memory,occ_ngen_determined_search_to_memory,occ_p_determined_chat_to_search_answer,occ_ngen_determined_chat_to_search_answer,occ_p_determined_combined,occ_ngen_determined_combined
20261003000,1.000000,50000,100863,45104,5759,0.806264,0.790129,0.932627,0.872956,0.748068,0.162964,0.894153,0.579472,0.955905,0.953455,0.445000,3,NaN,0,NaN,0,0.180000,4,NaN,0,NaN,0,NaN,0,NaN,0,NaN,0,0.250000,7,0.005000,4,NaN,0,NaN,0,0.040000,4,NaN,0,NaN,0,NaN,0,NaN,0,NaN,0,0.005000,8,0.255000,2,NaN,0,NaN,0,0.490000,2,NaN,0,NaN,0,NaN,0,NaN,0,NaN,0,0.355000,4,0.185000,6,0.740000,6,NaN,0,0.605000,7,0.385000,4,0.110000,5,NaN,0,NaN,0,NaN,0,0.295000,28,0.005000,7,0.005000,6,NaN,0,0.325000,7,0.005000,4,0.005000,4,NaN,0,NaN,0,NaN,0,0.005000,28,0.480000,2,NaN,1,NaN,0,0.005000,3,NaN,1,NaN,1,NaN,0,NaN,0,NaN,0,0.005000,5
20261003001,1.000000,50000,101509,45713,5796,0.807509,0.791504,0.933747,0.873213,0.750141,0.161158,0.894063,0.573134,0.956436,0.953809,0.335000,3,NaN,0,NaN,0,0.785000,4,NaN,0,NaN,0,NaN,0,NaN,0,NaN,0,0.625000,7,0.015000,3,NaN,0,NaN,0,0.730000,4,NaN,0,NaN,0,NaN,0,NaN,0,NaN,0,0.070000,7,0.580000,2,NaN,0,NaN,0,0.725000,2,NaN,0,NaN,0,NaN,0,NaN,0,NaN,0,0.785000,4,0.015000,6,1.000000,6,NaN,0,0.890000,7,0.900000,4,0.420000,5,NaN,0,NaN,0,NaN,0,0.565000,28,0.005000,7,0.005000,6,NaN,0,0.800000,7,0.020000,4,0.005000,4,NaN,0,NaN,0,NaN,0,0.005000,28,0.510000,2,NaN,1,NaN,0,0.030000,3,NaN,1,NaN,1,NaN,0,NaN,0,NaN,0,0.060000,5
20261003002,1.000000,50000,101423,45568,5855,0.808626,0.792969,0.930487,0.872041,0.747623,0.162005,0.890260,0.569688,0.953366,0.950442,0.640000,4,NaN,0,NaN,0,0.440000,4,NaN,0,NaN,0,NaN,0,NaN,0,NaN,0,0.630000,8,0.005000,4,NaN,0,NaN,0,0.145000,4,NaN,0,NaN,0,NaN,0,NaN,0,NaN,0,0.005000,8,0.060000,2,NaN,0,NaN,0,0.335000,2,NaN,0,NaN,0,NaN,0,NaN,0,NaN,0,0.100000,4,0.455000,6,0.765000,6,NaN,0,0.420000,7,0.960000,4,0.365000,5,NaN,0,NaN,0,NaN,0,0.750000,28,0.005000,7,0.030000,6,NaN,0,0.045000,7,0.015000,4,0.005000,4,NaN,0,NaN,0,NaN,0,0.005000,28,0.200000,2,NaN,1,NaN,0,0.030000,3,NaN,1,NaN,1,NaN,0,NaN,0,NaN,0,0.030000,5
20261003003,1.000000,50000,100320,44541,5779,0.810831,0.796322,0.922651,0.875867,0.752524,0.156499,0.892435,0.574375,0.951399,0.948969,0.305000,3,NaN,0,NaN,0,0.435000,4,NaN,0,NaN,0,NaN,0,NaN,0,NaN,0,0.375000,7,0.020000,4,NaN,0,NaN,0,0.190000,4,NaN,0,NaN,0,NaN,0,NaN,0,NaN,0,0.030000,8,0.155000,2,NaN,0,NaN,0,0.055000,2,NaN,0,NaN,0,NaN,0,NaN,0,NaN,0,0.045000,4,0.360000,6,0.845000,6,NaN,0,0.145000,7,0.160000,4,0.240000,5,NaN,0,NaN,0,NaN,0,0.195000,28,0.005000,7,0.005000,6,NaN,0,0.180000,7,0.020000,4,0.005000,4,NaN,0,NaN,0,NaN,0,0.005000,28,0.035000,2,NaN,1,NaN,0,0.005000,3,NaN,1,NaN,1,NaN,0,NaN,0,NaN,0,0.005000,5
20261003004,1.000000,50000,101648,45668,5980,0.805297,0.788911,0.930435,0.871144,0.746399,0.164558,0.887665,0.572882,0.952581,0.948966,0.370000,3,NaN,0,NaN,0,0.265000,4,NaN,0,NaN,0,NaN,0,NaN,0,NaN,0,0.280000,7,0.005000,3,NaN,0,NaN,0,0.090000,4,NaN,0,NaN,0,NaN,0,NaN,0,NaN,0,0.005000,7,0.015000,2,NaN,0,NaN,0,0.405000,2,NaN,0,NaN,0,NaN,0,NaN,0,NaN,0,0.020000,4,0.010000,6,0.920000,6,NaN,0,0.870000,7,0.255000,4,0.580000,5,NaN,0,NaN,0,NaN,0,0.470000,28,0.005000,7,0.005000,6,NaN,0,0.170000,7,0.010000,4,0.005000,5,NaN,0,NaN,0,NaN,0,0.005000,29,0.240000,2,NaN,1,NaN,0,0.390000,3,NaN,1,NaN,1,NaN,0,NaN,0,NaN,0,0.285000,5
20261003005,1.000000,50000,100643,44740,5903,0.812432,0.796156,0.935795,0.875540,0.752661,0.159773,0.893722,0.575220,0.955193,0.952916,0.935000,3,NaN,0,NaN,0,0.440000,4,NaN,0,NaN,0,NaN,0,NaN,0,NaN,0,0.760000,7,0.020000,4,NaN,0,NaN,0,0.050000,4,NaN,0,NaN,0,NaN,0,NaN,0,NaN,0,0.010000,8,0.410000,2,NaN,0,NaN,0,0.250000,2,NaN,0,NaN,0,NaN,0,NaN,0,NaN,0,0.395000,4,0.420000,6,0.065000,6,NaN,0,0.430000,7,0.445000,4,0.375000,6,NaN,0,NaN,0,NaN,0,0.190000,29,0.005000,7,0.005000,6,NaN,0,0.045000,7,0.125000,4,0.005000,4,NaN,0,NaN,0,NaN,0,0.005000,28,0.855000,2,NaN,1,NaN,0,0.025000,3,NaN,1,NaN,1,NaN,0,NaN,0,NaN,0,0.065000,5
20261003006,1.000000,50000,101231,45439,5792,0.805957,0.790378,0.928177,0.872223,0.747516,0.161699,0.890462,0.567204,0.954525,0.952229,0.005000,3,NaN,0,NaN,0,0.380000,4,NaN,0,NaN,0,NaN,0,NaN,0,NaN,0,0.020000,7,0.080000,4,NaN,0,NaN,0,0.325000,4,NaN,0,NaN,0,NaN,0,NaN,0,NaN,0,0.150000,8,0.610000,2,NaN,0,NaN,0,0.035000,2,NaN,0,NaN,0,NaN,0,NaN,0,NaN,0,0.075000,4,0.830000,6,0.085000,6,NaN,0,0.065000,7,0.930000,4,0.250000,5,NaN,0,NaN,0,NaN,0,0.215000,28,0.005000,7,0.010000,6,NaN,0,0.490000,7,0.115000,4,0.005000,4,NaN,0,NaN,0,NaN,0,0.005000,28,0.580000,2,NaN,1,NaN,0,0.010000,3,NaN,1,NaN,1,NaN,0,NaN,0,NaN,0,0.010000,5
20261003007,1.000000,50000,100779,44961,5818,0.806652,0.790352,0.932623,0.872215,0.746391,0.162673,0.890605,0.572838,0.955206,0.952269,0.845000,3,NaN,0,NaN,0,0.455000,4,NaN,0,NaN,0,NaN,0,NaN,0,NaN,0,0.690000,7,0.005000,3,NaN,0,NaN,0,0.075000,4,NaN,0,NaN,0,NaN,0,NaN,0,NaN,0,0.005000,7,0.400000,2,NaN,0,NaN,0,0.690000,2,NaN,0,NaN,0,NaN,0,NaN,0,NaN,0,0.600000,4,0.490000,6,0.280000,6,NaN,0,0.880000,7,0.820000,4,0.210000,6,NaN,0,NaN,0,NaN,0,0.710000,29,0.005000,7,0.005000,6,NaN,0,0.030000,7,0.295000,4,0.005000,4,NaN,0,NaN,0,NaN,0,0.005000,28,0.260000,2,NaN,1,NaN,0,0.015000,3,NaN,1,NaN,1,NaN,0,NaN,0,NaN,0,0.030000,5
20261003008,1.000000,50000,101278,45383,5895,0.806662,0.790208,0.933333,0.871423,0.746051,0.165051,0.890557,0.573231,0.954618,0.952357,0.010000,3,NaN,0,NaN,0,0.620000,4,NaN,0,NaN,0,NaN,0,NaN,0,NaN,0,0.045000,7,0.060000,4,NaN,0,NaN,0,0.255000,4,NaN,0,NaN,0,NaN,0,NaN,0,NaN,0,0.065000,8,0.110000,2,NaN,0,NaN,0,0.585000,2,NaN,0,NaN,0,NaN,0,NaN,0,NaN,0,0.230000,4,0.040000,6,0.980000,6,NaN,0,0.310000,7,0.005000,4,0.485000,6,NaN,0,NaN,0,NaN,0,0.025000,29,0.010000,7,0.005000,6,NaN,0,0.505000,7,0.130000,4,0.005000,4,NaN,0,NaN,0,NaN,0,0.005000,28,0.070000,2,NaN,1,NaN,0,0.760000,3,NaN,1,NaN,1,NaN,0,NaN,0,NaN,0,0.300000,5
20261003009,1.000000,50000,101203,45377,5826,0.803898,0.787910,0.928424,0.871802,0.746616,0.163829,0.887375,0.561707,0.952613,0.950254,0.585000,3,NaN,0,NaN,0,0.015000,4,NaN,0,NaN,0,NaN,0,NaN,0,NaN,0,0.060000,7,0.005000,4,NaN,0,NaN,0,0.005000,4,NaN,0,NaN,0,NaN,0,NaN,0,NaN,0,0.005000,8,0.010000,2,NaN,0,NaN,0,0.185000,2,NaN,0,NaN,0,NaN,0,NaN,0,NaN,0,0.015000,4,0.330000,6,0.840000,6,NaN,0,0.085000,7,0.875000,4,0.010000,6,NaN,0,NaN,0,NaN,0,0.125000,29,0.005000,7,0.005000,6,NaN,0,0.005000,7,0.110000,4,0.005000,4,NaN,0,NaN,0,NaN,0,0.005000,28,0.185000,2,NaN,1,NaN,0,0.735000,3,NaN,1,NaN,1,NaN,0,NaN,0,NaN,0,0.490000,5
20261003010,1.000000,50000,101167,45350,5817,0.807102,0.791246,0.930720,0.873536,0.749956,0.160181,0.892570,0.573535,0.957065,0.955166,0.710000,3,NaN,0,NaN,0,0.475000,4,NaN,0,NaN,0,NaN,0,NaN,0,NaN,0,0.645000,7,0.060000,4,NaN,0,NaN,0,0.005000,4,NaN,0,NaN,0,NaN,0,NaN,0,NaN,0,0.005000,8,0.335000,2,NaN,0,NaN,0,0.660000,2,NaN,0,NaN,0,NaN,0,NaN,0,NaN,0,0.505000,4,0.735000,6,0.665000,6,NaN,0,0.055000,7,0.715000,4,0.060000,5,NaN,0,NaN,0,NaN,0,0.130000,28,0.005000,7,0.005000,6,NaN,0,0.005000,7,0.395000,4,0.005000,4,NaN,0,NaN,0,NaN,0,0.005000,28,0.380000,2,NaN,1,NaN,0,0.170000,3,NaN,1,NaN,1,NaN,0,NaN,0,NaN,0,0.215000,5
20261003011,1.000000,50000,101002,45130,5872,0.808419,0.792710,0.929155,0.872161,0.746833,0.165284,0.888662,0.579024,0.951693,0.949659,0.575000,3,NaN,0,NaN,0,0.025000,4,NaN,0,NaN,0,NaN,0,NaN,0,NaN,0,0.035000,7,0.005000,4,NaN,0,NaN,0,0.260000,4,NaN,0,NaN,0,NaN,0,NaN,0,NaN,0,0.010000,8,0.080000,2,NaN,0,NaN,0,0.655000,2,NaN,0,NaN,0,NaN,0,NaN,0,NaN,0,0.250000,4,0.730000,6,0.445000,6,NaN,0,0.005000,7,0.165000,4,0.120000,6,NaN,0,NaN,0,NaN,0,0.010000,29,0.005000,7,0.005000,6,NaN,0,0.045000,7,0.160000,4,0.005000,5,NaN,0,NaN,0,NaN,0,0.005000,29,0.305000,2,NaN,1,NaN,0,0.060000,3,NaN,1,NaN,1,NaN,0,NaN,0,NaN,0,0.070000,5
20261003012,1.000000,50000,101516,45625,5891,0.806876,0.790641,0.932609,0.872404,0.748564,0.163501,0.889187,0.568177,0.953909,0.951940,0.935000,4,NaN,0,NaN,0,0.800000,4,NaN,0,NaN,0,NaN,0,NaN,0,NaN,0,0.975000,8,0.030000,4,NaN,0,NaN,0,0.675000,4,NaN,0,NaN,0,NaN,0,NaN,0,NaN,0,0.075000,8,0.290000,2,NaN,0,NaN,0,0.255000,2,NaN,0,NaN,0,NaN,0,NaN,0,NaN,0,0.255000,4,0.335000,6,0.395000,6,NaN,0,0.550000,7,0.045000,4,0.050000,5,NaN,0,NaN,0,NaN,0,0.070000,28,0.005000,7,0.010000,6,NaN,0,0.330000,7,0.295000,4,0.005000,4,NaN,0,NaN,0,NaN,0,0.005000,28,0.015000,2,NaN,1,NaN,0,0.415000,3,NaN,1,NaN,1,NaN,0,NaN,0,NaN,0,0.045000,5
20261003013,1.000000,50000,101478,45529,5949,0.810832,0.794636,0.934779,0.875057,0.753701,0.160951,0.891095,0.570987,0.952654,0.950185,0.785000,3,NaN,0,NaN,0,0.885000,4,NaN,0,NaN,0,NaN,0,NaN,0,NaN,0,0.945000,7,0.010000,4,NaN,0,NaN,0,0.205000,4,NaN,0,NaN,0,NaN,0,NaN,0,NaN,0,0.025000,8,0.695000,2,NaN,0,NaN,0,0.400000,2,NaN,0,NaN,0,NaN,0,NaN,0,NaN,0,0.645000,4,0.530000,6,0.590000,6,NaN,0,0.410000,7,0.690000,4,0.070000,5,NaN,0,NaN,0,NaN,0,0.395000,28,0.005000,7,0.010000,6,NaN,0,0.060000,7,0.180000,4,0.005000,4,NaN,0,NaN,0,NaN,0,0.005000,28,0.225000,2,NaN,1,NaN,0,0.070000,3,NaN,1,NaN,1,NaN,0,NaN,0,NaN,0,0.095000,5
20261003014,1.000000,50000,101664,45771,5893,0.809132,0.793428,0.931105,0.873574,0.751219,0.162663,0.888587,0.575814,0.953201,0.950402,0.450000,3,NaN,0,NaN,0,0.920000,4,NaN,0,NaN,0,NaN,0,NaN,0,NaN,0,0.870000,7,0.225000,4,NaN,0,NaN,0,0.380000,4,NaN,0,NaN,0,NaN,0,NaN,0,NaN,0,0.250000,8,0.780000,2,NaN,0,NaN,0,0.345000,2,NaN,0,NaN,0,NaN,0,NaN,0,NaN,0,0.595000,4,0.185000,6,0.790000,6,NaN,0,0.125000,7,0.355000,4,0.460000,5,NaN,0,NaN,0,NaN,0,0.265000,28,0.005000,7,0.005000,6,NaN,0,0.055000,8,0.030000,4,0.005000,5,NaN,0,NaN,0,NaN,0,0.005000,30,0.735000,2,NaN,1,NaN,0,0.035000,3,NaN,1,NaN,1,NaN,0,NaN,0,NaN,0,0.065000,5
20261003015,1.000000,50000,101336,45551,5785,0.803744,0.786898,0.936387,0.869878,0.743143,0.166436,0.889113,0.567081,0.956936,0.955102,0.050000,3,NaN,0,NaN,0,0.920000,4,NaN,0,NaN,0,NaN,0,NaN,0,NaN,0,0.250000,7,0.045000,4,NaN,0,NaN,0,0.065000,4,NaN,0,NaN,0,NaN,0,NaN,0,NaN,0,0.025000,8,0.390000,2,NaN,0,NaN,0,0.665000,2,NaN,0,NaN,0,NaN,0,NaN,0,NaN,0,0.570000,4,0.005000,6,0.975000,6,NaN,0,0.055000,7,0.280000,4,0.665000,6,NaN,0,NaN,0,NaN,0,0.055000,29,0.005000,7,0.005000,6,NaN,0,0.450000,7,0.285000,4,0.005000,4,NaN,0,NaN,0,NaN,0,0.005000,28,0.460000,2,NaN,1,NaN,0,0.100000,3,NaN,1,NaN,1,NaN,0,NaN,0,NaN,0,0.160000,5
20261003016,1.000000,50000,101535,45623,5912,0.806268,0.789404,0.936401,0.872005,0.747822,0.161767,0.894352,0.566918,0.955194,0.953134,0.830000,3,NaN,0,NaN,0,0.535000,4,NaN,0,NaN,0,NaN,0,NaN,0,NaN,0,0.760000,7,0.065000,4,NaN,0,NaN,0,0.380000,4,NaN,0,NaN,0,NaN,0,NaN,0,NaN,0,0.110000,8,0.845000,2,NaN,0,NaN,0,0.290000,2,NaN,0,NaN,0,NaN,0,NaN,0,NaN,0,0.555000,4,0.655000,6,0.680000,6,NaN,0,0.895000,7,0.360000,4,0.415000,5,NaN,0,NaN,0,NaN,0,0.825000,28,0.005000,7,0.005000,6,NaN,0,0.465000,7,0.630000,4,0.005000,4,NaN,0,NaN,0,NaN,0,0.005000,28,0.815000,2,NaN,1,NaN,0,0.065000,3,NaN,1,NaN,1,NaN,0,NaN,0,NaN,0,0.155000,5
20261003017,1.000000,50000,101339,45454,5885,0.808664,0.792626,0.932540,0.873563,0.750424,0.162119,0.891137,0.573700,0.954615,0.952657,0.080000,3,NaN,0,NaN,0,0.050000,4,NaN,0,NaN,0,NaN,0,NaN,0,NaN,0,0.025000,7,0.005000,3,NaN,0,NaN,0,0.015000,4,NaN,0,NaN,0,NaN,0,NaN,0,NaN,0,0.005000,7,0.035000,2,NaN,0,NaN,0,0.570000,2,NaN,0,NaN,0,NaN,0,NaN,0,NaN,0,0.095000,4,0.015000,6,0.240000,6,NaN,0,0.480000,7,0.320000,4,0.045000,5,NaN,0,NaN,0,NaN,0,0.015000,28,0.005000,7,0.005000,6,NaN,0,0.005000,7,0.005000,4,0.005000,4,NaN,0,NaN,0,NaN,0,0.005000,28,0.210000,2,NaN,1,NaN,0,0.065000,3,NaN,1,NaN,1,NaN,0,NaN,0,NaN,0,0.055000,5
20261003018,1.000000,50000,100781,44942,5839,0.810658,0.794802,0.932694,0.876296,0.754495,0.156091,0.890546,0.575374,0.953642,0.950595,0.605000,3,NaN,0,NaN,0,0.420000,4,NaN,0,NaN,0,NaN,0,NaN,0,NaN,0,0.570000,7,0.005000,4,NaN,0,NaN,0,0.005000,4,NaN,0,NaN,0,NaN,0,NaN,0,NaN,0,0.005000,8,0.685000,2,NaN,0,NaN,0,0.020000,2,NaN,0,NaN,0,NaN,0,NaN,0,NaN,0,0.075000,4,0.390000,6,1.000000,6,NaN,0,0.920000,7,0.650000,4,0.870000,5,NaN,0,NaN,0,NaN,0,1.000000,28,0.005000,7,0.005000,6,NaN,0,0.005000,7,0.645000,4,0.005000,4,NaN,0,NaN,0,NaN,0,0.005000,28,0.215000,2,NaN,1,NaN,0,0.015000,3,NaN,1,NaN,1,NaN,0,NaN,0,NaN,0,0.015000,5
20261003019,1.000000,50000,101192,45348,5844,0.808525,0.793287,0.926762,0.872203,0.747382,0.164390,0.889208,0.571679,0.952867,0.950970,0.855000,4,NaN,0,NaN,0,0.005000,4,NaN,0,NaN,0,NaN,0,NaN,0,NaN,0,0.035000,8,0.015000,4,NaN,0,NaN,0,0.005000,4,NaN,0,NaN,0,NaN,0,NaN,0,NaN,0,0.005000,8,0.260000,2,NaN,0,NaN,0,0.100000,2,NaN,0,NaN,0,NaN,0,NaN,0,NaN,0,0.105000,4,0.820000,6,0.370000,6,NaN,0,0.045000,7,0.225000,4,0.520000,5,NaN,0,NaN,0,NaN,0,0.145000,28,0.005000,7,0.005000,6,NaN,0,0.005000,7,0.095000,4,0.005000,4,NaN,0,NaN,0,NaN,0,0.005000,28,0.015000,2,NaN,1,NaN,0,0.005000,3,NaN,1,NaN,1,NaN,0,NaN,0,NaN,0,0.005000,5
20261003020,1.000000,50000,101067,45203,5864,0.804453,0.787979,0.931446,0.871887,0.746451,0.161952,0.889889,0.565284,0.955590,0.953225,0.435000,3,NaN,0,NaN,0,0.530000,4,NaN,0,NaN,0,NaN,0,NaN,0,NaN,0,0.535000,7,0.010000,4,NaN,0,NaN,0,0.025000,4,NaN,0,NaN,0,NaN,0,NaN,0,NaN,0,0.005000,8,0.275000,2,NaN,0,NaN,0,0.060000,2,NaN,0,NaN,0,NaN,0,NaN,0,NaN,0,0.100000,4,0.610000,6,0.310000,6,NaN,0,0.925000,7,0.340000,4,0.845000,6,NaN,0,NaN,0,NaN,0,0.840000,29,0.005000,7,0.005000,6,NaN,0,0.010000,8,0.520000,4,0.005000,4,NaN,0,NaN,0,NaN,0,0.005000,29,0.590000,2,NaN,1,NaN,0,0.075000,3,NaN,1,NaN,1,NaN,0,NaN,0,NaN,0,0.135000,5
20261003021,1.000000,50000,101441,45445,5996,0.806516,0.789240,0.937458,0.872478,0.748527,0.165387,0.888172,0.573195,0.955158,0.952974,0.380000,4,NaN,0,NaN,0,0.580000,4,NaN,0,NaN,0,NaN,0,NaN,0,NaN,0,0.580000,8,0.005000,4,NaN,0,NaN,0,0.780000,4,NaN,0,NaN,0,NaN,0,NaN,0,NaN,0,0.005000,8,0.485000,2,NaN,0,NaN,0,0.410000,2,NaN,0,NaN,0,NaN,0,NaN,0,NaN,0,0.515000,4,0.580000,6,0.830000,6,NaN,0,0.060000,7,0.135000,4,0.795000,5,NaN,0,NaN,0,NaN,0,0.310000,28,0.005000,7,0.005000,6,NaN,0,0.025000,7,0.110000,4,0.005000,4,NaN,0,NaN,0,NaN,0,0.005000,28,0.945000,2,NaN,1,NaN,0,0.135000,3,NaN,1,NaN,1,NaN,0,NaN,0,NaN,0,0.270000,5
20261003022,1.000000,50000,100991,45185,5806,0.809927,0.794423,0.930589,0.874504,0.751446,0.160589,0.892095,0.572371,0.954889,0.953055,0.565000,3,NaN,0,NaN,0,0.450000,4,NaN,0,NaN,0,NaN,0,NaN,0,NaN,0,0.575000,7,0.035000,4,NaN,0,NaN,0,0.600000,4,NaN,0,NaN,0,NaN,0,NaN,0,NaN,0,0.085000,8,0.715000,2,NaN,0,NaN,0,0.300000,2,NaN,0,NaN,0,NaN,0,NaN,0,NaN,0,0.525000,4,0.110000,7,0.845000,6,NaN,0,0.890000,7,0.880000,4,0.725000,5,NaN,0,NaN,0,NaN,0,0.850000,29,0.005000,7,0.005000,7,NaN,0,0.015000,7,0.395000,4,0.005000,4,NaN,0,NaN,0,NaN,0,0.005000,29,0.420000,2,NaN,1,NaN,0,0.420000,3,NaN,1,NaN,1,NaN,0,NaN,0,NaN,0,0.445000,5
20261003023,1.000000,50000,100752,44972,5780,0.807338,0.791715,0.928893,0.873422,0.748719,0.161674,0.886836,0.573845,0.954256,0.951626,0.600000,3,NaN,0,NaN,0,0.825000,4,NaN,0,NaN,0,NaN,0,NaN,0,NaN,0,0.835000,7,0.005000,4,NaN,0,NaN,0,0.475000,4,NaN,0,NaN,0,NaN,0,NaN,0,NaN,0,0.005000,8,0.050000,2,NaN,0,NaN,0,0.475000,2,NaN,0,NaN,0,NaN,0,NaN,0,NaN,0,0.075000,4,0.780000,6,0.235000,6,NaN,0,0.565000,7,0.765000,4,0.355000,5,NaN,0,NaN,0,NaN,0,0.625000,28,0.005000,7,0.005000,6,NaN,0,0.100000,7,0.035000,4,0.005000,4,NaN,0,NaN,0,NaN,0,0.005000,28,0.660000,2,NaN,1,NaN,0,0.005000,3,NaN,1,NaN,1,NaN,0,NaN,0,NaN,0,0.005000,5
20261003024,1.000000,50000,101872,45968,5904,0.807931,0.792638,0.926999,0.872634,0.749865,0.160024,0.891543,0.575369,0.954389,0.952241,0.170000,3,NaN,0,NaN,0,0.815000,4,NaN,0,NaN,0,NaN,0,NaN,0,NaN,0,0.490000,7,0.005000,4,NaN,0,NaN,0,0.315000,4,NaN,0,NaN,0,NaN,0,NaN,0,NaN,0,0.005000,8,0.785000,2,NaN,0,NaN,0,0.695000,2,NaN,0,NaN,0,NaN,0,NaN,0,NaN,0,0.830000,4,0.240000,6,0.275000,6,NaN,0,0.880000,7,0.405000,4,0.185000,5,NaN,0,NaN,0,NaN,0,0.335000,28,0.005000,7,0.005000,6,NaN,0,0.885000,7,0.100000,4,0.005000,4,NaN,0,NaN,0,NaN,0,0.005000,28,0.825000,2,NaN,1,NaN,0,0.075000,3,NaN,1,NaN,1,NaN,0,NaN,0,NaN,0,0.145000,5
20261003025,1.000000,50000,101622,45810,5812,0.807660,0.792316,0.928596,0.872193,0.748402,0.162760,0.890585,0.571823,0.952162,0.949829,0.970000,3,NaN,0,NaN,0,0.450000,4,NaN,0,NaN,0,NaN,0,NaN,0,NaN,0,0.810000,7,0.005000,4,NaN,0,NaN,0,0.015000,4,NaN,0,NaN,0,NaN,0,NaN,0,NaN,0,0.005000,8,0.880000,2,NaN,0,NaN,0,0.115000,2,NaN,0,NaN,0,NaN,0,NaN,0,NaN,0,0.345000,4,0.750000,6,0.420000,6,NaN,0,0.890000,7,0.765000,4,0.345000,5,NaN,0,NaN,0,NaN,0,0.870000,28,0.005000,7,0.005000,6,NaN,0,0.100000,7,0.310000,4,0.005000,4,NaN,0,NaN,0,NaN,0,0.005000,28,0.200000,2,NaN,1,NaN,0,0.005000,3,NaN,1,NaN,1,NaN,0,NaN,0,NaN,0,0.005000,5
20261003026,1.000000,50000,101146,45416,5730,0.812204,0.797648,0.927574,0.874993,0.752786,0.161331,0.889663,0.575974,0.952453,0.950572,0.390000,3,NaN,0,NaN,0,0.160000,4,NaN,0,NaN,0,NaN,0,NaN,0,NaN,0,0.225000,7,0.125000,4,NaN,0,NaN,0,0.140000,4,NaN,0,NaN,0,NaN,0,NaN,0,NaN,0,0.070000,8,0.665000,2,NaN,0,NaN,0,0.375000,2,NaN,0,NaN,0,NaN,0,NaN,0,NaN,0,0.550000,4,0.210000,6,0.025000,6,NaN,0,0.195000,7,0.305000,4,0.770000,6,NaN,0,NaN,0,NaN,0,0.070000,29,0.005000,7,0.005000,6,NaN,0,0.700000,7,0.185000,4,0.005000,5,NaN,0,NaN,0,NaN,0,0.005000,29,0.325000,2,NaN,1,NaN,0,0.350000,3,NaN,1,NaN,1,NaN,0,NaN,0,NaN,0,0.390000,5
20261003027,1.000000,50000,101017,45203,5814,0.807790,0.791607,0.933609,0.873754,0.750025,0.160052,0.889693,0.576628,0.954697,0.952810,0.355000,3,NaN,0,NaN,0,0.390000,4,NaN,0,NaN,0,NaN,0,NaN,0,NaN,0,0.395000,7,0.045000,4,NaN,0,NaN,0,0.005000,4,NaN,0,NaN,0,NaN,0,NaN,0,NaN,0,0.005000,8,0.810000,2,NaN,0,NaN,0,0.095000,2,NaN,0,NaN,0,NaN,0,NaN,0,NaN,0,0.255000,4,0.255000,6,0.510000,6,NaN,0,0.385000,7,0.640000,4,0.175000,5,NaN,0,NaN,0,NaN,0,0.340000,28,0.005000,8,0.005000,6,NaN,0,0.030000,7,0.030000,4,0.005000,4,NaN,0,NaN,0,NaN,0,0.005000,29,0.500000,2,NaN,1,NaN,0,0.055000,3,NaN,1,NaN,1,NaN,0,NaN,0,NaN,0,0.095000,5
20261003028,1.000000,50000,100915,45155,5760,0.806737,0.790034,0.937674,0.874280,0.750820,0.162711,0.896206,0.575863,0.959055,0.956935,0.340000,3,NaN,0,NaN,0,0.745000,4,NaN,0,NaN,0,NaN,0,NaN,0,NaN,0,0.625000,7,0.010000,4,NaN,0,NaN,0,0.205000,4,NaN,0,NaN,0,NaN,0,NaN,0,NaN,0,0.010000,8,0.205000,2,NaN,0,NaN,0,0.260000,2,NaN,0,NaN,0,NaN,0,NaN,0,NaN,0,0.200000,4,0.715000,6,0.290000,6,NaN,0,0.825000,7,0.815000,4,0.185000,5,NaN,0,NaN,0,NaN,0,0.680000,28,0.005000,7,0.005000,6,NaN,0,0.165000,7,0.005000,4,0.005000,4,NaN,0,NaN,0,NaN,0,0.005000,28,0.065000,2,NaN,1,NaN,0,0.030000,3,NaN,1,NaN,1,NaN,0,NaN,0,NaN,0,0.015000,5
20261003029,1.000000,50000,101572,45705,5867,0.803789,0.787376,0.931652,0.870043,0.744047,0.165597,0.887872,0.567365,0.952116,0.949334,0.590000,3,NaN,0,NaN,0,0.015000,4,NaN,0,NaN,0,NaN,0,NaN,0,NaN,0,0.050000,7,0.010000,4,NaN,0,NaN,0,0.020000,4,NaN,0,NaN,0,NaN,0,NaN,0,NaN,0,0.005000,8,0.630000,2,NaN,0,NaN,0,0.250000,2,NaN,0,NaN,0,NaN,0,NaN,0,NaN,0,0.435000,4,0.030000,6,0.150000,6,NaN,0,0.200000,7,0.005000,4,0.275000,6,NaN,0,NaN,0,NaN,0,0.005000,29,0.005000,7,0.005000,6,NaN,0,0.045000,8,0.010000,4,0.005000,4,NaN,0,NaN,0,NaN,0,0.005000,29,0.165000,2,NaN,1,NaN,0,0.100000,3,NaN,1,NaN,1,NaN,0,NaN,0,NaN,0,0.070000,5
20261003030,1.000000,50000,101331,45599,5732,0.807134,0.790829,0.936846,0.872349,0.748008,0.162527,0.894110,0.573432,0.956966,0.953851,0.780000,3,NaN,0,NaN,0,0.765000,4,NaN,0,NaN,0,NaN,0,NaN,0,NaN,0,0.885000,7,0.045000,4,NaN,0,NaN,0,0.430000,4,NaN,0,NaN,0,NaN,0,NaN,0,NaN,0,0.070000,8,0.165000,2,NaN,0,NaN,0,0.775000,2,NaN,0,NaN,0,NaN,0,NaN,0,NaN,0,0.395000,4,0.910000,7,0.700000,6,NaN,0,0.460000,6,0.020000,4,0.040000,5,NaN,0,NaN,0,NaN,0,0.150000,28,0.005000,8,0.005000,6,NaN,0,0.650000,7,0.120000,4,0.005000,4,NaN,0,NaN,0,NaN,0,0.005000,29,0.750000,2,NaN,1,NaN,0,0.110000,3,NaN,1,NaN,1,NaN,0,NaN,0,NaN,0,0.205000,5
20261003031,1.000000,50000,100395,44563,5832,0.809703,0.793371,0.934499,0.875193,0.751364,0.157249,0.893210,0.579168,0.954095,0.952189,0.105000,3,NaN,0,NaN,0,0.660000,4,NaN,0,NaN,0,NaN,0,NaN,0,NaN,0,0.270000,7,0.005000,4,NaN,0,NaN,0,0.010000,4,NaN,0,NaN,0,NaN,0,NaN,0,NaN,0,0.005000,8,0.930000,2,NaN,0,NaN,0,0.155000,2,NaN,0,NaN,0,NaN,0,NaN,0,NaN,0,0.450000,4,0.185000,6,0.830000,6,NaN,0,0.750000,7,0.735000,4,0.585000,5,NaN,0,NaN,0,NaN,0,0.785000,28,0.005000,7,0.005000,6,NaN,0,0.025000,7,0.005000,4,0.005000,4,NaN,0,NaN,0,NaN,0,0.005000,28,0.900000,2,NaN,1,NaN,0,0.010000,3,NaN,1,NaN,1,NaN,0,NaN,0,NaN,0,0.015000,5
20261003032,1.000000,50000,101061,45220,5841,0.809835,0.793255,0.938196,0.874373,0.751356,0.161012,0.892693,0.577119,0.957230,0.955059,0.640000,4,NaN,0,NaN,0,0.995000,4,NaN,0,NaN,0,NaN,0,NaN,0,NaN,0,0.940000,8,0.015000,4,NaN,0,NaN,0,0.080000,4,NaN,0,NaN,0,NaN,0,NaN,0,NaN,0,0.025000,8,0.435000,2,NaN,0,NaN,0,0.090000,2,NaN,0,NaN,0,NaN,0,NaN,0,NaN,0,0.170000,4,0.020000,6,0.630000,6,NaN,0,0.335000,7,0.195000,4,0.690000,5,NaN,0,NaN,0,NaN,0,0.160000,28,0.005000,7,0.010000,6,NaN,0,0.030000,7,0.005000,4,0.005000,4,NaN,0,NaN,0,NaN,0,0.005000,28,0.965000,2,NaN,1,NaN,0,0.045000,3,NaN,1,NaN,1,NaN,0,NaN,0,NaN,0,0.085000,5
20261003033,1.000000,50000,100081,44281,5800,0.810128,0.793704,0.935517,0.875821,0.751842,0.157732,0.894288,0.577066,0.954104,0.952695,0.525000,3,NaN,0,NaN,0,0.470000,4,NaN,0,NaN,0,NaN,0,NaN,0,NaN,0,0.565000,7,0.005000,4,NaN,0,NaN,0,0.405000,4,NaN,0,NaN,0,NaN,0,NaN,0,NaN,0,0.025000,8,0.150000,2,NaN,0,NaN,0,0.225000,2,NaN,0,NaN,0,NaN,0,NaN,0,NaN,0,0.140000,4,0.895000,6,0.005000,6,NaN,0,0.760000,7,0.745000,4,0.355000,5,NaN,0,NaN,0,NaN,0,0.245000,28,0.005000,7,0.455000,6,NaN,0,0.055000,7,0.035000,4,0.005000,4,NaN,0,NaN,0,NaN,0,0.005000,28,0.735000,2,NaN,1,NaN,0,0.195000,3,NaN,1,NaN,1,NaN,0,NaN,0,NaN,0,0.310000,5
20261003034,1.000000,50000,100998,45236,5762,0.810208,0.794898,0.930406,0.875225,0.752892,0.158528,0.896878,0.577774,0.956282,0.953962,0.855000,3,NaN,0,NaN,0,0.705000,4,NaN,0,NaN,0,NaN,0,NaN,0,NaN,0,0.890000,7,0.055000,4,NaN,0,NaN,0,0.100000,4,NaN,0,NaN,0,NaN,0,NaN,0,NaN,0,0.030000,8,0.915000,2,NaN,0,NaN,0,0.305000,2,NaN,0,NaN,0,NaN,0,NaN,0,NaN,0,0.645000,4,0.325000,6,0.900000,6,NaN,0,0.445000,7,0.020000,4,0.975000,5,NaN,0,NaN,0,NaN,0,0.515000,28,0.005000,7,0.005000,6,NaN,0,0.100000,7,0.010000,4,0.005000,4,NaN,0,NaN,0,NaN,0,0.005000,28,0.775000,2,NaN,1,NaN,0,0.750000,3,NaN,1,NaN,1,NaN,0,NaN,0,NaN,0,0.865000,5
20261003035,1.000000,50000,100569,44788,5781,0.806818,0.791127,0.928386,0.874504,0.750420,0.158458,0.885905,0.574125,0.950000,0.947361,0.210000,3,NaN,0,NaN,0,0.125000,4,NaN,0,NaN,0,NaN,0,NaN,0,NaN,0,0.135000,7,0.005000,3,NaN,0,NaN,0,0.020000,4,NaN,0,NaN,0,NaN,0,NaN,0,NaN,0,0.005000,7,0.345000,2,NaN,0,NaN,0,0.860000,2,NaN,0,NaN,0,NaN,0,NaN,0,NaN,0,0.625000,4,0.825000,6,0.845000,5,NaN,0,0.620000,7,0.890000,4,0.110000,5,NaN,0,NaN,0,NaN,0,0.805000,27,0.005000,7,0.005000,6,NaN,0,0.015000,7,0.415000,4,0.005000,4,NaN,0,NaN,0,NaN,0,0.005000,28,0.755000,2,NaN,1,NaN,0,0.035000,3,NaN,1,NaN,1,NaN,0,NaN,0,NaN,0,0.040000,5
20261003036,1.000000,50000,101518,45504,6014,0.810862,0.794809,0.932325,0.873018,0.749777,0.162789,0.887605,0.564902,0.952290,0.949492,0.960000,3,NaN,0,NaN,0,0.630000,4,NaN,0,NaN,0,NaN,0,NaN,0,NaN,0,0.920000,7,0.050000,4,NaN,0,NaN,0,0.015000,4,NaN,0,NaN,0,NaN,0,NaN,0,NaN,0,0.010000,8,0.510000,2,NaN,0,NaN,0,0.240000,2,NaN,0,NaN,0,NaN,0,NaN,0,NaN,0,0.405000,4,0.740000,6,0.625000,6,NaN,0,0.740000,7,0.515000,4,0.665000,5,NaN,0,NaN,0,NaN,0,0.895000,28,0.005000,7,0.005000,6,NaN,0,0.235000,7,0.090000,4,0.005000,5,NaN,0,NaN,0,NaN,0,0.005000,29,0.655000,2,NaN,1,NaN,0,0.030000,3,NaN,1,NaN,1,NaN,0,NaN,0,NaN,0,0.065000,5
20261003037,1.000000,50000,100347,44610,5737,0.811170,0.795427,0.933589,0.877316,0.755477,0.155012,0.894085,0.578952,0.956462,0.954714,0.160000,3,NaN,0,NaN,0,0.680000,4,NaN,0,NaN,0,NaN,0,NaN,0,NaN,0,0.370000,7,0.165000,4,NaN,0,NaN,0,0.250000,4,NaN,0,NaN,0,NaN,0,NaN,0,NaN,0,0.160000,8,0.850000,2,NaN,0,NaN,0,0.670000,2,NaN,0,NaN,0,NaN,0,NaN,0,NaN,0,0.905000,4,0.490000,6,0.760000,6,NaN,0,0.270000,7,0.065000,4,0.285000,6,NaN,0,NaN,0,NaN,0,0.255000,29,0.015000,7,0.030000,6,NaN,0,0.065000,7,0.525000,4,0.005000,4,NaN,0,NaN,0,NaN,0,0.005000,28,0.595000,2,NaN,1,NaN,0,0.225000,3,NaN,1,NaN,1,NaN,0,NaN,0,NaN,0,0.335000,5
20261003038,1.000000,50000,101578,45643,5935,0.808349,0.792652,0.929065,0.872443,0.748788,0.165242,0.890277,0.572232,0.953637,0.951530,0.685000,3,NaN,0,NaN,0,0.655000,4,NaN,0,NaN,0,NaN,0,NaN,0,NaN,0,0.750000,7,0.005000,4,NaN,0,NaN,0,0.270000,4,NaN,0,NaN,0,NaN,0,NaN,0,NaN,0,0.005000,8,0.460000,2,NaN,0,NaN,0,0.290000,2,NaN,0,NaN,0,NaN,0,NaN,0,NaN,0,0.355000,4,0.260000,6,0.550000,6,NaN,0,0.840000,6,0.110000,4,0.530000,5,NaN,0,NaN,0,NaN,0,0.435000,27,0.005000,7,0.005000,6,NaN,0,0.720000,7,0.010000,4,0.005000,4,NaN,0,NaN,0,NaN,0,0.005000,28,0.760000,2,NaN,1,NaN,0,0.330000,2,NaN,1,NaN,1,NaN,0,NaN,0,NaN,0,0.620000,4
20261003039,1.000000,50000,101387,45631,5756,0.805204,0.789135,0.932592,0.870102,0.743709,0.164607,0.894058,0.563642,0.955681,0.953309,0.935000,3,NaN,0,NaN,0,0.665000,4,NaN,0,NaN,0,NaN,0,NaN,0,NaN,0,0.900000,7,0.010000,4,NaN,0,NaN,0,0.495000,4,NaN,0,NaN,0,NaN,0,NaN,0,NaN,0,0.030000,8,0.215000,2,NaN,0,NaN,0,0.335000,2,NaN,0,NaN,0,NaN,0,NaN,0,NaN,0,0.275000,4,0.845000,6,0.785000,6,NaN,0,0.165000,7,0.570000,4,0.945000,6,NaN,0,NaN,0,NaN,0,0.870000,29,0.005000,7,0.005000,6,NaN,0,0.215000,7,0.005000,4,0.005000,4,NaN,0,NaN,0,NaN,0,0.005000,28,0.075000,2,NaN,1,NaN,0,0.015000,3,NaN,1,NaN,1,NaN,0,NaN,0,NaN,0,0.010000,5
20261003040,1.000000,50000,101312,45433,5879,0.809284,0.793124,0.934172,0.874092,0.751403,0.159606,0.893173,0.572966,0.953519,0.951619,0.250000,3,NaN,0,NaN,0,0.560000,4,NaN,0,NaN,0,NaN,0,NaN,0,NaN,0,0.435000,7,0.005000,4,NaN,0,NaN,0,0.145000,4,NaN,0,NaN,0,NaN,0,NaN,0,NaN,0,0.005000,8,0.010000,2,NaN,0,NaN,0,0.980000,2,NaN,0,NaN,0,NaN,0,NaN,0,NaN,0,0.040000,4,0.235000,6,0.710000,6,NaN,0,0.755000,7,0.015000,4,0.175000,5,NaN,0,NaN,0,NaN,0,0.075000,28,0.005000,7,0.005000,6,NaN,0,0.015000,7,0.555000,4,0.005000,4,NaN,0,NaN,0,NaN,0,0.005000,28,0.020000,2,NaN,1,NaN,0,0.005000,3,NaN,1,NaN,1,NaN,0,NaN,0,NaN,0,0.005000,5
20261003041,1.000000,50000,101542,45664,5878,0.806527,0.790951,0.927526,0.871423,0.746692,0.164159,0.887593,0.571577,0.955081,0.953056,0.360000,3,NaN,0,NaN,0,0.530000,4,NaN,0,NaN,0,NaN,0,NaN,0,NaN,0,0.540000,7,0.045000,4,NaN,0,NaN,0,0.045000,4,NaN,0,NaN,0,NaN,0,NaN,0,NaN,0,0.020000,8,0.190000,2,NaN,0,NaN,0,0.065000,2,NaN,0,NaN,0,NaN,0,NaN,0,NaN,0,0.110000,4,0.110000,6,0.735000,6,NaN,0,0.175000,7,0.800000,4,0.465000,5,NaN,0,NaN,0,NaN,0,0.340000,28,0.005000,7,0.005000,6,NaN,0,0.010000,7,0.075000,4,0.005000,4,NaN,0,NaN,0,NaN,0,0.005000,28,0.005000,2,NaN,1,NaN,0,0.010000,3,NaN,1,NaN,1,NaN,0,NaN,0,NaN,0,0.005000,5
20261003042,1.000000,50000,101390,45374,6016,0.811267,0.795698,0.928690,0.873528,0.750477,0.163054,0.887509,0.570651,0.951458,0.948411,0.795000,3,NaN,0,NaN,0,0.220000,4,NaN,0,NaN,0,NaN,0,NaN,0,NaN,0,0.385000,7,0.005000,4,NaN,0,NaN,0,0.800000,4,NaN,0,NaN,0,NaN,0,NaN,0,NaN,0,0.015000,8,0.500000,2,NaN,0,NaN,0,0.180000,2,NaN,0,NaN,0,NaN,0,NaN,0,NaN,0,0.365000,4,0.900000,6,0.780000,6,NaN,0,0.270000,7,0.290000,4,0.625000,6,NaN,0,NaN,0,NaN,0,0.695000,29,0.005000,7,0.005000,6,NaN,0,0.880000,8,0.020000,4,0.005000,4,NaN,0,NaN,0,NaN,0,0.005000,29,0.920000,2,NaN,1,NaN,0,0.515000,3,NaN,1,NaN,1,NaN,0,NaN,0,NaN,0,0.760000,5
20261003043,1.000000,50000,101037,45239,5798,0.808766,0.792613,0.934805,0.875244,0.753022,0.163297,0.890468,0.571585,0.954442,0.951732,0.255000,4,NaN,0,NaN,0,0.680000,4,NaN,0,NaN,0,NaN,0,NaN,0,NaN,0,0.465000,8,0.005000,4,NaN,0,NaN,0,0.355000,4,NaN,0,NaN,0,NaN,0,NaN,0,NaN,0,0.005000,8,0.580000,2,NaN,0,NaN,0,0.570000,2,NaN,0,NaN,0,NaN,0,NaN,0,NaN,0,0.655000,4,0.565000,6,0.360000,6,NaN,0,0.910000,7,0.195000,4,0.885000,6,NaN,0,NaN,0,NaN,0,0.790000,29,0.005000,7,0.005000,6,NaN,0,0.155000,7,0.295000,4,0.005000,4,NaN,0,NaN,0,NaN,0,0.005000,28,0.895000,2,NaN,1,NaN,0,0.360000,3,NaN,1,NaN,1,NaN,0,NaN,0,NaN,0,0.590000,5
20261003044,1.000000,50000,100724,44937,5787,0.810248,0.794535,0.932262,0.875601,0.752977,0.156983,0.894386,0.579789,0.955004,0.952916,0.170000,3,NaN,0,NaN,0,0.180000,4,NaN,0,NaN,0,NaN,0,NaN,0,NaN,0,0.125000,7,0.130000,4,NaN,0,NaN,0,0.220000,4,NaN,0,NaN,0,NaN,0,NaN,0,NaN,0,0.125000,8,0.475000,2,NaN,0,NaN,0,0.320000,2,NaN,0,NaN,0,NaN,0,NaN,0,NaN,0,0.400000,4,0.525000,6,0.440000,6,NaN,0,0.240000,7,0.175000,4,0.570000,5,NaN,0,NaN,0,NaN,0,0.330000,28,0.005000,7,0.005000,7,NaN,0,0.030000,8,0.050000,4,0.005000,4,NaN,0,NaN,0,NaN,0,0.005000,30,0.980000,2,NaN,1,NaN,0,0.065000,3,NaN,1,NaN,1,NaN,0,NaN,0,NaN,0,0.170000,5
20261003045,1.000000,50000,102164,46179,5985,0.808642,0.793001,0.929323,0.870639,0.746645,0.164686,0.888268,0.563815,0.953900,0.951580,0.950000,4,NaN,0,NaN,0,0.595000,4,NaN,0,NaN,0,NaN,0,NaN,0,NaN,0,0.920000,8,0.010000,4,NaN,0,NaN,0,0.005000,4,NaN,0,NaN,0,NaN,0,NaN,0,NaN,0,0.005000,8,0.310000,2,NaN,0,NaN,0,0.530000,2,NaN,0,NaN,0,NaN,0,NaN,0,NaN,0,0.445000,4,0.815000,6,0.340000,6,NaN,0,0.375000,7,0.420000,4,0.870000,5,NaN,0,NaN,0,NaN,0,0.705000,28,0.005000,7,0.005000,6,NaN,0,0.010000,7,0.075000,4,0.005000,5,NaN,0,NaN,0,NaN,0,0.005000,29,0.550000,2,NaN,1,NaN,0,0.030000,3,NaN,1,NaN,1,NaN,0,NaN,0,NaN,0,0.085000,5
20261003046,1.000000,50000,101386,45541,5845,0.810415,0.795217,0.928828,0.874371,0.752131,0.162133,0.885874,0.570135,0.953351,0.950659,0.760000,3,NaN,0,NaN,0,0.670000,4,NaN,0,NaN,0,NaN,0,NaN,0,NaN,0,0.810000,7,0.005000,4,NaN,0,NaN,0,0.155000,4,NaN,0,NaN,0,NaN,0,NaN,0,NaN,0,0.005000,8,0.195000,2,NaN,0,NaN,0,0.430000,2,NaN,0,NaN,0,NaN,0,NaN,0,NaN,0,0.305000,4,0.520000,6,0.100000,6,NaN,0,0.425000,7,0.650000,4,0.020000,5,NaN,0,NaN,0,NaN,0,0.105000,28,0.005000,7,0.135000,6,NaN,0,0.100000,7,0.030000,4,0.005000,4,NaN,0,NaN,0,NaN,0,0.005000,28,0.175000,2,NaN,1,NaN,0,0.135000,3,NaN,1,NaN,1,NaN,0,NaN,0,NaN,0,0.110000,5
20261003047,1.000000,50000,100656,44813,5843,0.808433,0.792516,0.930515,0.875328,0.752270,0.159514,0.892439,0.571043,0.953454,0.950868,0.780000,3,NaN,0,NaN,0,0.870000,4,NaN,0,NaN,0,NaN,0,NaN,0,NaN,0,0.945000,7,0.035000,3,NaN,0,NaN,0,0.365000,4,NaN,0,NaN,0,NaN,0,NaN,0,NaN,0,0.065000,7,0.150000,2,NaN,0,NaN,0,0.935000,2,NaN,0,NaN,0,NaN,0,NaN,0,NaN,0,0.365000,4,0.455000,6,0.550000,6,NaN,0,0.300000,7,0.170000,4,0.565000,5,NaN,0,NaN,0,NaN,0,0.415000,28,0.005000,7,0.005000,6,NaN,0,0.285000,7,0.005000,4,0.005000,4,NaN,0,NaN,0,NaN,0,0.005000,28,0.135000,2,NaN,1,NaN,0,0.475000,3,NaN,1,NaN,1,NaN,0,NaN,0,NaN,0,0.290000,5
20261003048,1.000000,50000,101141,45225,5916,0.807239,0.791200,0.929851,0.873385,0.749594,0.161833,0.889819,0.570497,0.951485,0.949794,0.460000,3,NaN,0,NaN,0,0.440000,4,NaN,0,NaN,0,NaN,0,NaN,0,NaN,0,0.500000,7,0.090000,4,NaN,0,NaN,0,0.350000,4,NaN,0,NaN,0,NaN,0,NaN,0,NaN,0,0.105000,8,0.380000,2,NaN,0,NaN,0,0.195000,2,NaN,0,NaN,0,NaN,0,NaN,0,NaN,0,0.275000,4,0.060000,6,0.005000,6,NaN,0,0.300000,7,0.600000,4,0.380000,5,NaN,0,NaN,0,NaN,0,0.005000,28,0.005000,7,0.010000,7,NaN,0,0.085000,7,0.020000,4,0.005000,4,NaN,0,NaN,0,NaN,0,0.005000,29,0.970000,2,NaN,1,NaN,0,0.010000,3,NaN,1,NaN,1,NaN,0,NaN,0,NaN,0,0.010000,5
20261003049,1.000000,50000,100918,45051,5867,0.807573,0.791947,0.927561,0.873442,0.749165,0.160695,0.889536,0.574368,0.954532,0.952189,0.930000,3,NaN,0,NaN,0,0.710000,4,NaN,0,NaN,0,NaN,0,NaN,0,NaN,0,0.910000,7,0.005000,4,NaN,0,NaN,0,0.045000,4,NaN,0,NaN,0,NaN,0,NaN,0,NaN,0,0.010000,8,0.985000,2,NaN,0,NaN,0,0.130000,2,NaN,0,NaN,0,NaN,0,NaN,0,NaN,0,0.345000,4,0.155000,6,0.205000,6,NaN,0,0.100000,7,0.395000,4,0.770000,5,NaN,0,NaN,0,NaN,0,0.095000,28,0.005000,7,0.005000,6,NaN,0,0.265000,8,0.095000,4,0.005000,4,NaN,0,NaN,0,NaN,0,0.005000,29,0.005000,3,NaN,1,NaN,0,0.045000,3,NaN,1,NaN,1,NaN,0,NaN,0,NaN,0,0.005000,6
20261003050,1.000000,50000,101516,45636,5880,0.805633,0.789223,0.932993,0.873646,0.751009,0.160418,0.889206,0.574712,0.954529,0.952288,0.465000,3,NaN,0,NaN,0,0.480000,4,NaN,0,NaN,0,NaN,0,NaN,0,NaN,0,0.540000,7,0.015000,4,NaN,0,NaN,0,0.010000,4,NaN,0,NaN,0,NaN,0,NaN,0,NaN,0,0.005000,8,0.150000,2,NaN,0,NaN,0,0.610000,2,NaN,0,NaN,0,NaN,0,NaN,0,NaN,0,0.220000,4,0.090000,6,0.720000,6,NaN,0,0.990000,6,0.025000,4,0.125000,5,NaN,0,NaN,0,NaN,0,0.140000,27,0.005000,7,0.005000,6,NaN,0,0.370000,7,0.035000,4,0.005000,4,NaN,0,NaN,0,NaN,0,0.005000,28,0.700000,2,NaN,1,NaN,0,0.005000,3,NaN,1,NaN,1,NaN,0,NaN,0,NaN,0,0.005000,5
20261003051,1.000000,50000,100504,44749,5755,0.810946,0.795459,0.931364,0.875239,0.751723,0.157755,0.893700,0.578346,0.955846,0.953086,0.555000,3,NaN,0,NaN,0,0.165000,4,NaN,0,NaN,0,NaN,0,NaN,0,NaN,0,0.290000,7,0.025000,4,NaN,0,NaN,0,0.005000,4,NaN,0,NaN,0,NaN,0,NaN,0,NaN,0,0.005000,8,0.375000,2,NaN,0,NaN,0,0.495000,2,NaN,0,NaN,0,NaN,0,NaN,0,NaN,0,0.490000,4,0.335000,6,0.335000,6,NaN,0,0.045000,7,0.035000,4,0.805000,5,NaN,0,NaN,0,NaN,0,0.055000,28,0.005000,7,0.005000,6,NaN,0,0.010000,7,0.015000,4,0.005000,4,NaN,0,NaN,0,NaN,0,0.005000,28,0.075000,2,NaN,1,NaN,0,0.055000,3,NaN,1,NaN,1,NaN,0,NaN,0,NaN,0,0.035000,5
20261003052,1.000000,50000,100778,44983,5795,0.808106,0.792455,0.929594,0.874735,0.751388,0.160829,0.892513,0.580322,0.952679,0.950425,0.970000,3,NaN,0,NaN,0,0.045000,4,NaN,0,NaN,0,NaN,0,NaN,0,NaN,0,0.150000,7,0.005000,4,NaN,0,NaN,0,0.005000,5,NaN,0,NaN,0,NaN,0,NaN,0,NaN,0,0.005000,9,0.125000,2,NaN,0,NaN,0,0.430000,2,NaN,0,NaN,0,NaN,0,NaN,0,NaN,0,0.195000,4,0.430000,6,0.085000,6,NaN,0,0.110000,7,0.165000,4,0.545000,6,NaN,0,NaN,0,NaN,0,0.105000,29,0.005000,7,0.005000,6,NaN,0,0.015000,7,0.015000,4,0.005000,4,NaN,0,NaN,0,NaN,0,0.005000,28,0.750000,2,NaN,1,NaN,0,0.145000,3,NaN,1,NaN,1,NaN,0,NaN,0,NaN,0,0.310000,5
20261003053,1.000000,50000,100858,44840,6018,0.808486,0.791905,0.932037,0.873981,0.750088,0.159720,0.885992,0.568527,0.950552,0.947958,0.985000,3,NaN,0,NaN,0,0.965000,4,NaN,0,NaN,0,NaN,0,NaN,0,NaN,0,1.000000,7,0.005000,4,NaN,0,NaN,0,0.620000,4,NaN,0,NaN,0,NaN,0,NaN,0,NaN,0,0.005000,8,0.020000,2,NaN,0,NaN,0,0.195000,2,NaN,0,NaN,0,NaN,0,NaN,0,NaN,0,0.030000,4,0.585000,6,0.475000,6,NaN,0,0.270000,7,0.400000,4,0.620000,5,NaN,0,NaN,0,NaN,0,0.480000,28,0.005000,7,0.020000,6,NaN,0,0.530000,7,0.420000,4,0.005000,4,NaN,0,NaN,0,NaN,0,0.005000,28,0.150000,2,NaN,1,NaN,0,0.005000,3,NaN,1,NaN,1,NaN,0,NaN,0,NaN,0,0.005000,5
20261003054,1.000000,50000,101182,45347,5835,0.811867,0.796106,0.934362,0.875314,0.753507,0.161511,0.890590,0.572904,0.955672,0.953710,0.035000,3,NaN,0,NaN,0,0.315000,4,NaN,0,NaN,0,NaN,0,NaN,0,NaN,0,0.090000,7,0.035000,4,NaN,0,NaN,0,0.035000,4,NaN,0,NaN,0,NaN,0,NaN,0,NaN,0,0.010000,8,0.445000,2,NaN,0,NaN,0,0.165000,2,NaN,0,NaN,0,NaN,0,NaN,0,NaN,0,0.295000,4,0.530000,6,0.770000,6,NaN,0,0.375000,7,0.560000,5,0.085000,5,NaN,0,NaN,0,NaN,0,0.380000,29,0.005000,8,0.005000,7,NaN,0,0.270000,8,0.055000,4,0.005000,4,NaN,0,NaN,0,NaN,0,0.005000,31,0.415000,2,NaN,1,NaN,0,0.090000,3,NaN,1,NaN,1,NaN,0,NaN,0,NaN,0,0.110000,5
20261003055,1.000000,50000,101661,45702,5959,0.808618,0.792657,0.931029,0.869911,0.744004,0.167567,0.886891,0.568721,0.953324,0.951351,0.420000,4,NaN,0,NaN,0,0.510000,4,NaN,0,NaN,0,NaN,0,NaN,0,NaN,0,0.525000,8,0.070000,4,NaN,0,NaN,0,0.515000,4,NaN,0,NaN,0,NaN,0,NaN,0,NaN,0,0.150000,8,0.275000,2,NaN,0,NaN,0,0.430000,2,NaN,0,NaN,0,NaN,0,NaN,0,NaN,0,0.390000,4,0.545000,6,0.985000,6,NaN,0,0.880000,7,0.665000,4,0.230000,5,NaN,0,NaN,0,NaN,0,0.925000,28,0.005000,7,0.005000,6,NaN,0,0.385000,7,0.010000,4,0.005000,4,NaN,0,NaN,0,NaN,0,0.005000,28,0.680000,2,NaN,1,NaN,0,0.140000,3,NaN,1,NaN,1,NaN,0,NaN,0,NaN,0,0.260000,5
20261003056,1.000000,50000,100614,44838,5776,0.806536,0.790245,0.932999,0.874004,0.749536,0.160316,0.892831,0.576066,0.955756,0.953041,0.085000,3,NaN,0,NaN,0,0.090000,4,NaN,0,NaN,0,NaN,0,NaN,0,NaN,0,0.040000,7,0.005000,4,NaN,0,NaN,0,0.085000,4,NaN,0,NaN,0,NaN,0,NaN,0,NaN,0,0.005000,8,0.010000,2,NaN,0,NaN,0,0.240000,2,NaN,0,NaN,0,NaN,0,NaN,0,NaN,0,0.020000,4,0.295000,6,0.285000,6,NaN,0,0.580000,7,0.805000,4,0.770000,5,NaN,0,NaN,0,NaN,0,0.680000,28,0.005000,8,0.005000,7,NaN,0,0.070000,7,0.530000,4,0.005000,4,NaN,0,NaN,0,NaN,0,0.005000,30,0.885000,2,NaN,1,NaN,0,0.110000,3,NaN,1,NaN,1,NaN,0,NaN,0,NaN,0,0.235000,5
20261003057,1.000000,50000,101133,45354,5779,0.810240,0.794550,0.933379,0.874462,0.751706,0.161579,0.889791,0.573742,0.955609,0.952985,0.965000,4,NaN,0,NaN,0,0.795000,4,NaN,0,NaN,0,NaN,0,NaN,0,NaN,0,0.980000,8,0.250000,4,NaN,0,NaN,0,0.055000,4,NaN,0,NaN,0,NaN,0,NaN,0,NaN,0,0.055000,8,0.100000,2,NaN,0,NaN,0,0.190000,2,NaN,0,NaN,0,NaN,0,NaN,0,NaN,0,0.075000,4,0.960000,6,0.465000,6,NaN,0,0.650000,7,0.575000,4,0.375000,5,NaN,0,NaN,0,NaN,0,0.805000,28,0.010000,7,0.005000,6,NaN,0,0.005000,7,0.130000,4,0.005000,4,NaN,0,NaN,0,NaN,0,0.005000,28,0.005000,2,NaN,1,NaN,0,0.845000,3,NaN,1,NaN,1,NaN,0,NaN,0,NaN,0,0.120000,5
20261003058,1.000000,50000,100698,44748,5950,0.808868,0.791901,0.936471,0.875936,0.753580,0.157521,0.890566,0.573151,0.954549,0.952490,0.855000,3,NaN,0,NaN,0,0.660000,4,NaN,0,NaN,0,NaN,0,NaN,0,NaN,0,0.890000,7,0.085000,4,NaN,0,NaN,0,0.015000,4,NaN,0,NaN,0,NaN,0,NaN,0,NaN,0,0.005000,8,0.285000,2,NaN,0,NaN,0,0.005000,2,NaN,0,NaN,0,NaN,0,NaN,0,NaN,0,0.010000,4,0.985000,6,0.245000,6,NaN,0,0.215000,7,0.555000,4,0.730000,5,NaN,0,NaN,0,NaN,0,0.715000,28,0.005000,7,0.005000,6,NaN,0,0.010000,7,0.060000,4,0.005000,4,NaN,0,NaN,0,NaN,0,0.005000,28,0.575000,2,NaN,1,NaN,0,0.005000,3,NaN,1,NaN,1,NaN,0,NaN,0,NaN,0,0.005000,5
20261003059,1.000000,50000,101296,45526,5770,0.807724,0.791855,0.932929,0.872068,0.747368,0.164686,0.892922,0.564588,0.955511,0.953894,0.880000,3,NaN,0,NaN,0,0.830000,4,NaN,0,NaN,0,NaN,0,NaN,0,NaN,0,0.955000,7,0.050000,4,NaN,0,NaN,0,0.095000,4,NaN,0,NaN,0,NaN,0,NaN,0,NaN,0,0.030000,8,0.625000,2,NaN,0,NaN,0,0.050000,2,NaN,0,NaN,0,NaN,0,NaN,0,NaN,0,0.170000,4,0.995000,6,0.735000,6,NaN,0,0.260000,7,0.225000,4,0.455000,5,NaN,0,NaN,0,NaN,0,0.720000,28,0.005000,7,0.005000,6,NaN,0,0.105000,7,0.420000,4,0.005000,4,NaN,0,NaN,0,NaN,0,0.005000,28,0.950000,2,NaN,1,NaN,0,0.545000,2,NaN,1,NaN,1,NaN,0,NaN,0,NaN,0,0.835000,4
20261003060,1.000000,50000,101693,45813,5880,0.811541,0.795211,0.938776,0.874564,0.753235,0.158664,0.895093,0.569407,0.956648,0.954835,0.190000,3,NaN,0,NaN,0,0.145000,4,NaN,0,NaN,0,NaN,0,NaN,0,NaN,0,0.140000,7,0.005000,3,NaN,0,NaN,0,0.010000,4,NaN,0,NaN,0,NaN,0,NaN,0,NaN,0,0.005000,7,0.340000,2,NaN,0,NaN,0,0.160000,2,NaN,0,NaN,0,NaN,0,NaN,0,NaN,0,0.250000,4,0.630000,6,0.235000,6,NaN,0,0.600000,7,0.705000,4,0.120000,6,NaN,0,NaN,0,NaN,0,0.365000,29,0.005000,7,0.005000,6,NaN,0,0.005000,7,0.045000,4,0.005000,4,NaN,0,NaN,0,NaN,0,0.005000,28,0.520000,2,NaN,1,NaN,0,0.045000,3,NaN,1,NaN,1,NaN,0,NaN,0,NaN,0,0.105000,5
20261003061,1.000000,50000,101870,45986,5884,0.807692,0.791023,0.937967,0.870727,0.746115,0.167478,0.887253,0.566098,0.954628,0.952006,0.255000,3,NaN,0,NaN,0,0.600000,4,NaN,0,NaN,0,NaN,0,NaN,0,NaN,0,0.455000,7,0.095000,4,NaN,0,NaN,0,0.030000,4,NaN,0,NaN,0,NaN,0,NaN,0,NaN,0,0.025000,8,0.905000,2,NaN,0,NaN,0,0.765000,2,NaN,0,NaN,0,NaN,0,NaN,0,NaN,0,0.930000,4,0.780000,6,0.125000,6,NaN,0,0.290000,7,0.425000,4,0.840000,6,NaN,0,NaN,0,NaN,0,0.455000,29,0.005000,7,0.005000,6,NaN,0,0.005000,7,0.005000,4,0.005000,4,NaN,0,NaN,0,NaN,0,0.005000,28,0.700000,2,NaN,1,NaN,0,0.380000,3,NaN,1,NaN,1,NaN,0,NaN,0,NaN,0,0.550000,5
20261003062,1.000000,50000,101290,45500,5790,0.808345,0.793363,0.926079,0.872643,0.748489,0.162701,0.893050,0.571846,0.955105,0.953356,0.620000,3,NaN,0,NaN,0,0.535000,4,NaN,0,NaN,0,NaN,0,NaN,0,NaN,0,0.630000,7,0.235000,4,NaN,0,NaN,0,0.135000,4,NaN,0,NaN,0,NaN,0,NaN,0,NaN,0,0.085000,8,0.635000,2,NaN,0,NaN,0,0.535000,2,NaN,0,NaN,0,NaN,0,NaN,0,NaN,0,0.700000,4,0.015000,6,0.460000,6,NaN,0,0.840000,7,0.955000,4,0.015000,5,NaN,0,NaN,0,NaN,0,0.040000,28,0.015000,7,0.005000,6,NaN,0,0.140000,8,0.005000,4,0.005000,4,NaN,0,NaN,0,NaN,0,0.005000,29,0.955000,2,NaN,1,NaN,0,0.005000,3,NaN,1,NaN,1,NaN,0,NaN,0,NaN,0,0.020000,5
20261003063,1.000000,50000,101247,45308,5939,0.810408,0.794186,0.934164,0.874811,0.752668,0.157328,0.892134,0.574492,0.954877,0.951888,0.165000,3,NaN,0,NaN,0,0.195000,4,NaN,0,NaN,0,NaN,0,NaN,0,NaN,0,0.145000,7,0.005000,3,NaN,0,NaN,0,0.105000,4,NaN,0,NaN,0,NaN,0,NaN,0,NaN,0,0.005000,7,0.035000,2,NaN,0,NaN,0,0.780000,2,NaN,0,NaN,0,NaN,0,NaN,0,NaN,0,0.110000,4,0.655000,6,0.090000,6,NaN,0,0.975000,7,0.245000,4,0.315000,5,NaN,0,NaN,0,NaN,0,0.480000,28,0.005000,7,0.005000,6,NaN,0,0.050000,7,0.050000,4,0.005000,4,NaN,0,NaN,0,NaN,0,0.005000,28,0.260000,2,NaN,1,NaN,0,0.145000,3,NaN,1,NaN,1,NaN,0,NaN,0,NaN,0,0.195000,5
20261003064,1.000000,50000,100970,45211,5759,0.806651,0.790715,0.931759,0.873279,0.748970,0.163554,0.890753,0.573878,0.955824,0.952627,0.290000,3,NaN,0,NaN,0,0.405000,4,NaN,0,NaN,0,NaN,0,NaN,0,NaN,0,0.345000,7,0.005000,4,NaN,0,NaN,0,0.205000,4,NaN,0,NaN,0,NaN,0,NaN,0,NaN,0,0.010000,8,0.780000,2,NaN,0,NaN,0,0.220000,2,NaN,0,NaN,0,NaN,0,NaN,0,NaN,0,0.430000,4,0.830000,6,0.685000,6,NaN,0,0.905000,7,0.850000,4,0.440000,5,NaN,0,NaN,0,NaN,0,0.965000,28,0.005000,7,0.005000,7,NaN,0,0.065000,7,0.240000,4,0.005000,4,NaN,0,NaN,0,NaN,0,0.005000,29,0.740000,2,NaN,1,NaN,0,0.020000,3,NaN,1,NaN,1,NaN,0,NaN,0,NaN,0,0.050000,5
20261003065,1.000000,50000,100525,44784,5741,0.808095,0.792359,0.930848,0.873524,0.748362,0.164238,0.894470,0.577788,0.955059,0.952710,0.850000,4,NaN,0,NaN,0,0.760000,4,NaN,0,NaN,0,NaN,0,NaN,0,NaN,0,0.920000,8,0.010000,4,NaN,0,NaN,0,0.485000,4,NaN,0,NaN,0,NaN,0,NaN,0,NaN,0,0.050000,8,0.285000,2,NaN,0,NaN,0,0.635000,2,NaN,0,NaN,0,NaN,0,NaN,0,NaN,0,0.475000,4,0.570000,6,0.210000,6,NaN,0,0.750000,7,0.640000,4,0.505000,6,NaN,0,NaN,0,NaN,0,0.690000,29,0.005000,7,0.030000,6,NaN,0,0.215000,7,0.005000,4,0.005000,4,NaN,0,NaN,0,NaN,0,0.005000,28,0.735000,2,NaN,1,NaN,0,0.105000,3,NaN,1,NaN,1,NaN,0,NaN,0,NaN,0,0.190000,5
20261003066,1.000000,50000,100765,45043,5722,0.809396,0.793997,0.930619,0.874837,0.751561,0.158368,0.889832,0.575942,0.955709,0.952849,0.475000,3,NaN,0,NaN,0,0.620000,4,NaN,0,NaN,0,NaN,0,NaN,0,NaN,0,0.630000,7,0.045000,4,NaN,0,NaN,0,0.005000,4,NaN,0,NaN,0,NaN,0,NaN,0,NaN,0,0.010000,8,0.155000,2,NaN,0,NaN,0,0.335000,2,NaN,0,NaN,0,NaN,0,NaN,0,NaN,0,0.230000,4,0.720000,6,0.010000,6,NaN,0,0.805000,7,0.715000,4,0.550000,5,NaN,0,NaN,0,NaN,0,0.365000,28,0.005000,7,0.005000,6,NaN,0,0.005000,7,0.290000,4,0.005000,4,NaN,0,NaN,0,NaN,0,0.005000,28,0.265000,2,NaN,1,NaN,0,0.005000,3,NaN,1,NaN,1,NaN,0,NaN,0,NaN,0,0.005000,5
20261003067,1.000000,50000,101776,45818,5958,0.808734,0.792483,0.933703,0.872779,0.749923,0.161571,0.890912,0.575930,0.954910,0.952405,0.595000,3,NaN,0,NaN,0,0.360000,4,NaN,0,NaN,0,NaN,0,NaN,0,NaN,0,0.480000,7,0.055000,4,NaN,0,NaN,0,0.110000,4,NaN,0,NaN,0,NaN,0,NaN,0,NaN,0,0.020000,8,0.140000,2,NaN,0,NaN,0,0.295000,2,NaN,0,NaN,0,NaN,0,NaN,0,NaN,0,0.190000,4,0.920000,6,0.905000,6,NaN,0,0.275000,7,0.555000,4,0.525000,6,NaN,0,NaN,0,NaN,0,0.830000,29,0.005000,7,0.005000,6,NaN,0,0.030000,7,0.250000,4,0.005000,4,NaN,0,NaN,0,NaN,0,0.005000,28,0.430000,2,NaN,1,NaN,0,0.500000,3,NaN,1,NaN,1,NaN,0,NaN,0,NaN,0,0.525000,5
20261003068,1.000000,50000,100577,44840,5737,0.809142,0.793577,0.930800,0.873560,0.748562,0.160007,0.890013,0.572245,0.953784,0.951775,0.140000,3,NaN,0,NaN,0,0.170000,4,NaN,0,NaN,0,NaN,0,NaN,0,NaN,0,0.105000,7,0.005000,3,NaN,0,NaN,0,0.005000,4,NaN,0,NaN,0,NaN,0,NaN,0,NaN,0,0.005000,7,0.015000,2,NaN,0,NaN,0,0.485000,2,NaN,0,NaN,0,NaN,0,NaN,0,NaN,0,0.025000,4,0.985000,6,0.040000,6,NaN,0,0.425000,7,0.145000,4,0.505000,5,NaN,0,NaN,0,NaN,0,0.295000,28,0.005000,7,0.025000,6,NaN,0,0.005000,7,0.210000,4,0.005000,4,NaN,0,NaN,0,NaN,0,0.005000,28,0.075000,2,NaN,1,NaN,0,0.030000,3,NaN,1,NaN,1,NaN,0,NaN,0,NaN,0,0.015000,5
20261003069,1.000000,50000,100970,45090,5880,0.809084,0.793302,0.930102,0.874240,0.750873,0.160632,0.888546,0.577738,0.953203,0.950386,0.595000,3,NaN,0,NaN,0,0.965000,4,NaN,0,NaN,0,NaN,0,NaN,0,NaN,0,0.930000,7,0.010000,4,NaN,0,NaN,0,0.025000,4,NaN,0,NaN,0,NaN,0,NaN,0,NaN,0,0.005000,8,0.045000,2,NaN,0,NaN,0,0.760000,2,NaN,0,NaN,0,NaN,0,NaN,0,NaN,0,0.200000,4,0.415000,6,0.570000,6,NaN,0,0.610000,7,0.570000,4,0.535000,6,NaN,0,NaN,0,NaN,0,0.715000,29,0.005000,7,0.005000,6,NaN,0,0.005000,7,0.500000,4,0.005000,5,NaN,0,NaN,0,NaN,0,0.005000,29,0.140000,2,NaN,1,NaN,0,0.030000,3,NaN,1,NaN,1,NaN,0,NaN,0,NaN,0,0.030000,5
20261003070,1.000000,50000,102031,46069,5962,0.807173,0.791552,0.927877,0.871020,0.747074,0.164862,0.889897,0.571521,0.953155,0.950336,0.665000,3,NaN,0,NaN,0,0.300000,4,NaN,0,NaN,0,NaN,0,NaN,0,NaN,0,0.455000,7,0.025000,4,NaN,0,NaN,0,0.015000,4,NaN,0,NaN,0,NaN,0,NaN,0,NaN,0,0.005000,8,0.940000,2,NaN,0,NaN,0,0.160000,2,NaN,0,NaN,0,NaN,0,NaN,0,NaN,0,0.350000,4,0.755000,6,0.220000,6,NaN,0,0.645000,7,0.040000,4,0.050000,5,NaN,0,NaN,0,NaN,0,0.125000,28,0.005000,7,0.005000,7,NaN,0,0.005000,7,0.415000,4,0.005000,4,NaN,0,NaN,0,NaN,0,0.005000,29,0.910000,2,NaN,1,NaN,0,0.065000,3,NaN,1,NaN,1,NaN,0,NaN,0,NaN,0,0.175000,5
20261003071,1.000000,50000,101315,45451,5864,0.805106,0.788740,0.931958,0.870799,0.744909,0.167458,0.890690,0.570967,0.953916,0.951291,0.255000,3,NaN,0,NaN,0,0.455000,4,NaN,0,NaN,0,NaN,0,NaN,0,NaN,0,0.380000,7,0.005000,4,NaN,0,NaN,0,0.280000,4,NaN,0,NaN,0,NaN,0,NaN,0,NaN,0,0.015000,8,0.010000,2,NaN,0,NaN,0,0.135000,2,NaN,0,NaN,0,NaN,0,NaN,0,NaN,0,0.020000,4,0.230000,6,0.205000,6,NaN,0,0.550000,7,0.055000,4,0.855000,5,NaN,0,NaN,0,NaN,0,0.220000,28,0.005000,7,0.005000,6,NaN,0,0.050000,7,0.005000,4,0.005000,4,NaN,0,NaN,0,NaN,0,0.005000,28,0.245000,2,NaN,1,NaN,0,0.050000,3,NaN,1,NaN,1,NaN,0,NaN,0,NaN,0,0.070000,5
20261003072,1.000000,50000,100465,44826,5639,0.808224,0.792263,0.935095,0.874752,0.750659,0.160185,0.892532,0.569905,0.957540,0.955681,0.795000,4,NaN,0,NaN,0,0.255000,4,NaN,0,NaN,0,NaN,0,NaN,0,NaN,0,0.480000,8,0.005000,4,NaN,0,NaN,0,0.470000,4,NaN,0,NaN,0,NaN,0,NaN,0,NaN,0,0.015000,8,0.380000,2,NaN,0,NaN,0,0.035000,2,NaN,0,NaN,0,NaN,0,NaN,0,NaN,0,0.075000,4,0.070000,6,0.675000,6,NaN,0,0.045000,7,0.780000,4,0.475000,5,NaN,0,NaN,0,NaN,0,0.145000,28,0.005000,7,0.005000,6,NaN,0,0.065000,7,0.020000,4,0.005000,4,NaN,0,NaN,0,NaN,0,0.005000,28,0.985000,2,NaN,1,NaN,0,0.010000,3,NaN,1,NaN,1,NaN,0,NaN,0,NaN,0,0.010000,5
20261003073,1.000000,50000,101820,45812,6008,0.807314,0.790754,0.933589,0.873954,0.752335,0.162699,0.891176,0.568299,0.953355,0.951390,0.160000,3,NaN,0,NaN,0,0.145000,4,NaN,0,NaN,0,NaN,0,NaN,0,NaN,0,0.115000,7,0.215000,4,NaN,0,NaN,0,0.010000,4,NaN,0,NaN,0,NaN,0,NaN,0,NaN,0,0.015000,8,0.485000,2,NaN,0,NaN,0,0.010000,2,NaN,0,NaN,0,NaN,0,NaN,0,NaN,0,0.025000,4,0.935000,6,0.440000,6,NaN,0,0.810000,7,0.240000,4,0.715000,5,NaN,0,NaN,0,NaN,0,0.860000,28,0.005000,7,0.005000,6,NaN,0,0.005000,8,0.265000,4,0.005000,4,NaN,0,NaN,0,NaN,0,0.005000,29,0.035000,2,NaN,1,NaN,0,0.015000,3,NaN,1,NaN,1,NaN,0,NaN,0,NaN,0,0.010000,5
20261003074,1.000000,50000,100653,44873,5780,0.810298,0.794554,0.932526,0.875245,0.752098,0.157829,0.890697,0.568960,0.956538,0.953359,0.060000,3,NaN,0,NaN,0,0.600000,4,NaN,0,NaN,0,NaN,0,NaN,0,NaN,0,0.120000,7,0.485000,4,NaN,0,NaN,0,0.690000,4,NaN,0,NaN,0,NaN,0,NaN,0,NaN,0,0.665000,8,0.665000,2,NaN,0,NaN,0,0.150000,2,NaN,0,NaN,0,NaN,0,NaN,0,NaN,0,0.305000,4,0.265000,6,0.480000,6,NaN,0,0.920000,7,0.495000,4,0.910000,5,NaN,0,NaN,0,NaN,0,0.815000,28,0.005000,7,0.005000,6,NaN,0,0.670000,7,0.500000,4,0.005000,4,NaN,0,NaN,0,NaN,0,0.005000,28,0.865000,2,NaN,1,NaN,0,0.130000,3,NaN,1,NaN,1,NaN,0,NaN,0,NaN,0,0.290000,5
20261003075,1.000000,50000,100710,44946,5764,0.809328,0.793864,0.929910,0.874769,0.751292,0.161186,0.893554,0.573063,0.952636,0.950433,0.200000,3,NaN,0,NaN,0,0.780000,4,NaN,0,NaN,0,NaN,0,NaN,0,NaN,0,0.445000,7,0.035000,4,NaN,0,NaN,0,0.035000,4,NaN,0,NaN,0,NaN,0,NaN,0,NaN,0,0.010000,8,0.005000,2,NaN,0,NaN,0,0.540000,2,NaN,0,NaN,0,NaN,0,NaN,0,NaN,0,0.020000,4,0.490000,6,0.975000,6,NaN,0,0.630000,7,0.660000,4,0.260000,5,NaN,0,NaN,0,NaN,0,0.795000,28,0.005000,6,0.005000,6,NaN,0,0.035000,7,0.620000,4,0.005000,4,NaN,0,NaN,0,NaN,0,0.005000,27,0.045000,2,NaN,1,NaN,0,0.015000,3,NaN,1,NaN,1,NaN,0,NaN,0,NaN,0,0.010000,5
20261003076,1.000000,50000,100362,44571,5791,0.807831,0.791636,0.932481,0.874584,0.750069,0.158516,0.891715,0.571033,0.954138,0.951823,0.780000,3,NaN,0,NaN,0,0.050000,4,NaN,0,NaN,0,NaN,0,NaN,0,NaN,0,0.125000,7,0.005000,4,NaN,0,NaN,0,0.010000,4,NaN,0,NaN,0,NaN,0,NaN,0,NaN,0,0.005000,8,0.860000,2,NaN,0,NaN,0,0.150000,2,NaN,0,NaN,0,NaN,0,NaN,0,NaN,0,0.420000,4,0.600000,6,0.955000,6,NaN,0,0.325000,7,0.805000,4,0.010000,5,NaN,0,NaN,0,NaN,0,0.160000,28,0.005000,7,0.005000,6,NaN,0,0.005000,7,0.015000,4,0.005000,4,NaN,0,NaN,0,NaN,0,0.005000,28,0.735000,2,NaN,1,NaN,0,0.365000,3,NaN,1,NaN,1,NaN,0,NaN,0,NaN,0,0.575000,5
20261003077,1.000000,50000,101448,45431,6017,0.807456,0.791354,0.929034,0.871166,0.745957,0.164025,0.889650,0.578302,0.951558,0.948883,0.420000,3,NaN,0,NaN,0,0.655000,4,NaN,0,NaN,0,NaN,0,NaN,0,NaN,0,0.695000,7,0.095000,4,NaN,0,NaN,0,0.735000,4,NaN,0,NaN,0,NaN,0,NaN,0,NaN,0,0.240000,8,0.580000,2,NaN,0,NaN,0,0.975000,2,NaN,0,NaN,0,NaN,0,NaN,0,NaN,0,0.920000,4,0.615000,6,0.445000,6,NaN,0,0.400000,7,0.265000,4,0.900000,5,NaN,0,NaN,0,NaN,0,0.680000,28,0.005000,7,0.005000,6,NaN,0,0.005000,7,0.015000,4,0.005000,4,NaN,0,NaN,0,NaN,0,0.005000,28,0.290000,2,NaN,1,NaN,0,0.255000,3,NaN,1,NaN,1,NaN,0,NaN,0,NaN,0,0.270000,5
20261003078,1.000000,50000,101317,45503,5814,0.806633,0.790146,0.935673,0.873062,0.749381,0.163122,0.888763,0.577284,0.955702,0.953895,0.705000,3,NaN,0,NaN,0,0.475000,4,NaN,0,NaN,0,NaN,0,NaN,0,NaN,0,0.650000,7,0.005000,4,NaN,0,NaN,0,0.045000,4,NaN,0,NaN,0,NaN,0,NaN,0,NaN,0,0.005000,8,0.105000,2,NaN,0,NaN,0,0.355000,2,NaN,0,NaN,0,NaN,0,NaN,0,NaN,0,0.180000,4,0.740000,6,0.945000,6,NaN,0,0.415000,7,0.745000,4,0.925000,5,NaN,0,NaN,0,NaN,0,0.975000,28,0.005000,7,0.005000,6,NaN,0,0.005000,7,0.010000,4,0.005000,4,NaN,0,NaN,0,NaN,0,0.005000,28,0.645000,2,NaN,1,NaN,0,0.010000,3,NaN,1,NaN,1,NaN,0,NaN,0,NaN,0,0.015000,5
20261003079,1.000000,50000,99887,44097,5790,0.808126,0.791936,0.931434,0.875439,0.750596,0.159140,0.888689,0.570538,0.951095,0.948720,0.365000,3,NaN,0,NaN,0,0.590000,4,NaN,0,NaN,0,NaN,0,NaN,0,NaN,0,0.545000,7,0.015000,4,NaN,0,NaN,0,0.020000,4,NaN,0,NaN,0,NaN,0,NaN,0,NaN,0,0.010000,8,0.445000,2,NaN,0,NaN,0,0.245000,2,NaN,0,NaN,0,NaN,0,NaN,0,NaN,0,0.310000,4,0.875000,6,0.415000,6,NaN,0,0.725000,7,1.000000,4,0.715000,6,NaN,0,NaN,0,NaN,0,0.970000,29,0.005000,7,0.005000,6,NaN,0,0.005000,7,0.005000,4,0.005000,4,NaN,0,NaN,0,NaN,0,0.005000,28,0.650000,2,NaN,1,NaN,0,0.005000,3,NaN,1,NaN,1,NaN,0,NaN,0,NaN,0,0.015000,5
20261003080,1.000000,50000,101452,45629,5823,0.810892,0.795525,0.931307,0.874522,0.752585,0.160983,0.891429,0.572040,0.954749,0.952872,0.080000,4,NaN,0,NaN,0,0.955000,4,NaN,0,NaN,0,NaN,0,NaN,0,NaN,0,0.230000,8,0.005000,4,NaN,0,NaN,0,0.105000,4,NaN,0,NaN,0,NaN,0,NaN,0,NaN,0,0.005000,8,0.020000,2,NaN,0,NaN,0,0.270000,2,NaN,0,NaN,0,NaN,0,NaN,0,NaN,0,0.045000,4,0.255000,6,0.725000,6,NaN,0,0.760000,7,0.195000,4,0.045000,5,NaN,0,NaN,0,NaN,0,0.205000,28,0.005000,7,0.005000,7,NaN,0,0.160000,7,0.450000,4,0.005000,4,NaN,0,NaN,0,NaN,0,0.005000,29,0.735000,2,NaN,1,NaN,0,0.005000,3,NaN,1,NaN,1,NaN,0,NaN,0,NaN,0,0.015000,5
20261003081,1.000000,50000,101673,45785,5888,0.807985,0.791744,0.934273,0.872080,0.748302,0.162364,0.891132,0.571559,0.954117,0.951653,0.075000,3,NaN,0,NaN,0,0.410000,4,NaN,0,NaN,0,NaN,0,NaN,0,NaN,0,0.170000,7,0.005000,4,NaN,0,NaN,0,0.060000,4,NaN,0,NaN,0,NaN,0,NaN,0,NaN,0,0.005000,8,0.220000,2,NaN,0,NaN,0,0.570000,2,NaN,0,NaN,0,NaN,0,NaN,0,NaN,0,0.320000,4,0.020000,6,0.365000,6,NaN,0,0.370000,7,0.820000,4,0.875000,5,NaN,0,NaN,0,NaN,0,0.305000,28,0.005000,7,0.005000,6,NaN,0,0.005000,7,0.620000,4,0.005000,4,NaN,0,NaN,0,NaN,0,0.005000,28,0.245000,2,NaN,1,NaN,0,0.050000,3,NaN,1,NaN,1,NaN,0,NaN,0,NaN,0,0.050000,5
20261003082,1.000000,50000,100898,45196,5702,0.805592,0.789561,0.932655,0.872921,0.748084,0.159944,0.893977,0.571266,0.957171,0.955634,0.595000,4,NaN,0,NaN,0,0.275000,4,NaN,0,NaN,0,NaN,0,NaN,0,NaN,0,0.435000,8,0.005000,4,NaN,0,NaN,0,0.595000,4,NaN,0,NaN,0,NaN,0,NaN,0,NaN,0,0.005000,8,0.700000,2,NaN,0,NaN,0,0.660000,2,NaN,0,NaN,0,NaN,0,NaN,0,NaN,0,0.800000,4,0.930000,6,0.900000,6,NaN,0,0.650000,7,0.090000,4,0.665000,5,NaN,0,NaN,0,NaN,0,0.835000,28,0.005000,7,0.005000,6,NaN,0,0.400000,7,0.015000,4,0.005000,4,NaN,0,NaN,0,NaN,0,0.005000,28,0.355000,2,NaN,1,NaN,0,0.005000,3,NaN,1,NaN,1,NaN,0,NaN,0,NaN,0,0.005000,5
20261003083,1.000000,50000,101650,45738,5912,0.805363,0.788753,0.933863,0.870556,0.745247,0.164211,0.888782,0.566434,0.954297,0.951964,0.870000,3,NaN,0,NaN,0,0.635000,4,NaN,0,NaN,0,NaN,0,NaN,0,NaN,0,0.840000,7,0.005000,4,NaN,0,NaN,0,0.685000,4,NaN,0,NaN,0,NaN,0,NaN,0,NaN,0,0.005000,8,0.075000,2,NaN,0,NaN,0,0.565000,2,NaN,0,NaN,0,NaN,0,NaN,0,NaN,0,0.125000,4,0.605000,6,0.730000,6,NaN,0,0.145000,7,0.355000,4,0.530000,5,NaN,0,NaN,0,NaN,0,0.465000,28,0.005000,7,0.005000,6,NaN,0,0.380000,7,0.095000,4,0.005000,4,NaN,0,NaN,0,NaN,0,0.005000,28,0.790000,2,NaN,1,NaN,0,0.435000,3,NaN,1,NaN,1,NaN,0,NaN,0,NaN,0,0.635000,5
20261003084,1.000000,50000,101136,45174,5962,0.807650,0.791119,0.932908,0.873586,0.749980,0.159706,0.888143,0.576050,0.953736,0.951109,0.580000,3,NaN,0,NaN,0,0.520000,4,NaN,0,NaN,0,NaN,0,NaN,0,NaN,0,0.645000,7,0.005000,4,NaN,0,NaN,0,0.570000,4,NaN,0,NaN,0,NaN,0,NaN,0,NaN,0,0.005000,8,0.390000,2,NaN,0,NaN,0,0.860000,2,NaN,0,NaN,0,NaN,0,NaN,0,NaN,0,0.765000,4,0.490000,6,0.280000,6,NaN,0,0.805000,7,0.285000,4,0.080000,5,NaN,0,NaN,0,NaN,0,0.295000,28,0.005000,7,0.005000,6,NaN,0,0.245000,7,0.390000,4,0.005000,4,NaN,0,NaN,0,NaN,0,0.005000,28,0.250000,2,NaN,1,NaN,0,0.085000,3,NaN,1,NaN,1,NaN,0,NaN,0,NaN,0,0.070000,5
20261003085,1.000000,50000,100949,45085,5864,0.805492,0.788577,0.935539,0.872530,0.747434,0.164331,0.889262,0.575007,0.954619,0.951842,0.375000,3,NaN,0,NaN,0,0.850000,4,NaN,0,NaN,0,NaN,0,NaN,0,NaN,0,0.735000,7,0.015000,4,NaN,0,NaN,0,0.040000,4,NaN,0,NaN,0,NaN,0,NaN,0,NaN,0,0.010000,8,0.275000,2,NaN,0,NaN,0,0.395000,2,NaN,0,NaN,0,NaN,0,NaN,0,NaN,0,0.330000,4,0.340000,7,0.595000,6,NaN,0,0.180000,7,0.765000,4,0.745000,5,NaN,0,NaN,0,NaN,0,0.535000,29,0.005000,7,0.005000,6,NaN,0,0.005000,7,0.060000,4,0.005000,4,NaN,0,NaN,0,NaN,0,0.005000,28,0.430000,2,NaN,1,NaN,0,0.050000,3,NaN,1,NaN,1,NaN,0,NaN,0,NaN,0,0.070000,5
20261003086,1.000000,50000,100486,44608,5878,0.811849,0.795418,0.936543,0.876490,0.754169,0.155554,0.897136,0.575803,0.956563,0.954576,0.390000,3,NaN,0,NaN,0,0.035000,4,NaN,0,NaN,0,NaN,0,NaN,0,NaN,0,0.055000,7,0.030000,4,NaN,0,NaN,0,0.040000,4,NaN,0,NaN,0,NaN,0,NaN,0,NaN,0,0.015000,8,0.300000,2,NaN,0,NaN,0,0.430000,2,NaN,0,NaN,0,NaN,0,NaN,0,NaN,0,0.400000,4,0.330000,6,0.530000,6,NaN,0,0.810000,7,0.855000,4,0.220000,5,NaN,0,NaN,0,NaN,0,0.720000,28,0.005000,7,0.005000,6,NaN,0,0.080000,7,0.015000,4,0.005000,5,NaN,0,NaN,0,NaN,0,0.005000,29,0.985000,2,NaN,1,NaN,0,0.005000,3,NaN,1,NaN,1,NaN,0,NaN,0,NaN,0,0.070000,5
20261003087,1.000000,50000,100353,44619,5734,0.807797,0.791546,0.934252,0.875131,0.751137,0.158680,0.892024,0.572134,0.954903,0.952770,0.535000,3,NaN,0,NaN,0,0.570000,4,NaN,0,NaN,0,NaN,0,NaN,0,NaN,0,0.660000,7,0.005000,4,NaN,0,NaN,0,0.090000,4,NaN,0,NaN,0,NaN,0,NaN,0,NaN,0,0.005000,8,0.860000,2,NaN,0,NaN,0,0.820000,2,NaN,0,NaN,0,NaN,0,NaN,0,NaN,0,0.955000,4,0.740000,6,0.200000,6,NaN,0,0.355000,7,0.715000,4,0.355000,6,NaN,0,NaN,0,NaN,0,0.470000,29,0.005000,7,0.005000,6,NaN,0,0.030000,7,0.010000,4,0.005000,4,NaN,0,NaN,0,NaN,0,0.005000,28,0.565000,2,NaN,1,NaN,0,0.005000,3,NaN,1,NaN,1,NaN,0,NaN,0,NaN,0,0.005000,5
20261003088,1.000000,50000,100671,44829,5842,0.811233,0.794910,0.936494,0.875813,0.753271,0.158934,0.891308,0.571251,0.953525,0.950930,0.265000,3,NaN,0,NaN,0,0.080000,4,NaN,0,NaN,0,NaN,0,NaN,0,NaN,0,0.085000,7,0.610000,4,NaN,0,NaN,0,0.090000,4,NaN,0,NaN,0,NaN,0,NaN,0,NaN,0,0.265000,8,0.020000,2,NaN,0,NaN,0,0.660000,2,NaN,0,NaN,0,NaN,0,NaN,0,NaN,0,0.035000,4,0.030000,6,0.975000,6,NaN,0,0.210000,7,0.435000,4,0.055000,6,NaN,0,NaN,0,NaN,0,0.085000,29,0.005000,7,0.010000,6,NaN,0,0.015000,7,0.350000,4,0.005000,5,NaN,0,NaN,0,NaN,0,0.005000,29,0.765000,2,NaN,1,NaN,0,0.680000,3,NaN,1,NaN,1,NaN,0,NaN,0,NaN,0,0.825000,5
20261003089,1.000000,50000,101128,45239,5889,0.807151,0.790933,0.931737,0.873467,0.749726,0.161390,0.890789,0.576062,0.953598,0.952214,0.630000,4,NaN,0,NaN,0,0.675000,4,NaN,0,NaN,0,NaN,0,NaN,0,NaN,0,0.750000,8,0.015000,4,NaN,0,NaN,0,0.010000,4,NaN,0,NaN,0,NaN,0,NaN,0,NaN,0,0.005000,8,0.220000,2,NaN,0,NaN,0,0.075000,2,NaN,0,NaN,0,NaN,0,NaN,0,NaN,0,0.080000,4,0.190000,6,0.030000,6,NaN,0,0.915000,6,0.850000,4,0.855000,5,NaN,0,NaN,0,NaN,0,0.370000,27,0.005000,7,0.005000,6,NaN,0,0.020000,7,0.155000,4,0.005000,4,NaN,0,NaN,0,NaN,0,0.005000,28,0.510000,2,NaN,1,NaN,0,0.005000,3,NaN,1,NaN,1,NaN,0,NaN,0,NaN,0,0.005000,5
20261003090,1.000000,50000,100931,45133,5798,0.811569,0.796978,0.925147,0.874915,0.752116,0.160872,0.893561,0.576901,0.954786,0.951815,0.985000,3,NaN,0,NaN,0,0.115000,4,NaN,0,NaN,0,NaN,0,NaN,0,NaN,0,0.360000,7,0.005000,4,NaN,0,NaN,0,0.020000,4,NaN,0,NaN,0,NaN,0,NaN,0,NaN,0,0.005000,8,0.055000,2,NaN,0,NaN,0,0.015000,2,NaN,0,NaN,0,NaN,0,NaN,0,NaN,0,0.005000,4,0.850000,6,0.770000,6,NaN,0,0.745000,6,0.820000,4,0.460000,5,NaN,0,NaN,0,NaN,0,0.980000,27,0.005000,7,0.005000,6,NaN,0,0.070000,7,0.140000,4,0.005000,4,NaN,0,NaN,0,NaN,0,0.005000,28,0.725000,2,NaN,1,NaN,0,0.160000,3,NaN,1,NaN,1,NaN,0,NaN,0,NaN,0,0.270000,5
20261003091,1.000000,50000,100999,45165,5834,0.806094,0.790014,0.930579,0.872147,0.746799,0.162853,0.893246,0.565651,0.953283,0.951072,0.445000,3,NaN,0,NaN,0,0.275000,4,NaN,0,NaN,0,NaN,0,NaN,0,NaN,0,0.330000,7,0.585000,4,NaN,0,NaN,0,0.165000,4,NaN,0,NaN,0,NaN,0,NaN,0,NaN,0,0.230000,8,0.410000,2,NaN,0,NaN,0,0.055000,2,NaN,0,NaN,0,NaN,0,NaN,0,NaN,0,0.085000,4,0.200000,6,0.805000,6,NaN,0,0.110000,7,0.745000,4,0.180000,6,NaN,0,NaN,0,NaN,0,0.230000,29,0.005000,7,0.005000,6,NaN,0,0.510000,7,0.005000,4,0.005000,4,NaN,0,NaN,0,NaN,0,0.005000,28,0.040000,2,NaN,1,NaN,0,0.005000,3,NaN,1,NaN,1,NaN,0,NaN,0,NaN,0,0.005000,5
20261003092,1.000000,50000,100333,44546,5787,0.808595,0.792439,0.932953,0.875534,0.751892,0.158831,0.889839,0.576680,0.952251,0.950338,0.285000,3,NaN,0,NaN,0,0.030000,4,NaN,0,NaN,0,NaN,0,NaN,0,NaN,0,0.030000,7,0.005000,3,NaN,0,NaN,0,0.085000,4,NaN,0,NaN,0,NaN,0,NaN,0,NaN,0,0.005000,7,0.250000,2,NaN,0,NaN,0,0.525000,2,NaN,0,NaN,0,NaN,0,NaN,0,NaN,0,0.425000,4,0.070000,6,0.070000,6,NaN,0,0.090000,7,0.035000,4,0.550000,5,NaN,0,NaN,0,NaN,0,0.020000,28,0.005000,6,0.010000,6,NaN,0,0.740000,7,0.100000,4,0.005000,4,NaN,0,NaN,0,NaN,0,0.005000,27,0.265000,2,NaN,1,NaN,0,0.075000,3,NaN,1,NaN,1,NaN,0,NaN,0,NaN,0,0.075000,5
20261003093,1.000000,50000,100711,44889,5822,0.807931,0.791686,0.933184,0.874343,0.750449,0.159804,0.893490,0.580894,0.954845,0.952891,0.440000,3,NaN,0,NaN,0,0.890000,4,NaN,0,NaN,0,NaN,0,NaN,0,NaN,0,0.820000,7,0.005000,3,NaN,0,NaN,0,0.050000,4,NaN,0,NaN,0,NaN,0,NaN,0,NaN,0,0.005000,7,0.055000,2,NaN,0,NaN,0,0.345000,2,NaN,0,NaN,0,NaN,0,NaN,0,NaN,0,0.120000,4,0.270000,6,0.665000,6,NaN,0,0.945000,7,0.250000,4,0.025000,5,NaN,0,NaN,0,NaN,0,0.230000,28,0.005000,7,0.005000,6,NaN,0,0.010000,7,0.545000,4,0.005000,4,NaN,0,NaN,0,NaN,0,0.005000,28,0.325000,2,NaN,1,NaN,0,0.015000,3,NaN,1,NaN,1,NaN,0,NaN,0,NaN,0,0.020000,5
20261003094,1.000000,50000,100961,45174,5787,0.806911,0.791030,0.930880,0.872347,0.747101,0.164370,0.889278,0.572632,0.957312,0.954758,0.770000,4,NaN,0,NaN,0,0.700000,4,NaN,0,NaN,0,NaN,0,NaN,0,NaN,0,0.800000,8,0.030000,4,NaN,0,NaN,0,0.405000,4,NaN,0,NaN,0,NaN,0,NaN,0,NaN,0,0.060000,8,0.500000,2,NaN,0,NaN,0,0.535000,2,NaN,0,NaN,0,NaN,0,NaN,0,NaN,0,0.570000,4,0.340000,6,0.305000,6,NaN,0,0.810000,7,0.885000,4,0.085000,5,NaN,0,NaN,0,NaN,0,0.350000,28,0.005000,7,0.005000,6,NaN,0,0.010000,7,0.030000,4,0.005000,5,NaN,0,NaN,0,NaN,0,0.005000,29,0.705000,2,NaN,1,NaN,0,0.065000,3,NaN,1,NaN,1,NaN,0,NaN,0,NaN,0,0.095000,5
20261003095,1.000000,50000,101014,45223,5791,0.809739,0.793711,0.934899,0.873720,0.749951,0.162690,0.892234,0.563986,0.957340,0.955784,0.175000,4,NaN,0,NaN,0,0.650000,4,NaN,0,NaN,0,NaN,0,NaN,0,NaN,0,0.330000,8,0.005000,4,NaN,0,NaN,0,0.020000,4,NaN,0,NaN,0,NaN,0,NaN,0,NaN,0,0.005000,8,0.565000,2,NaN,0,NaN,0,0.005000,2,NaN,0,NaN,0,NaN,0,NaN,0,NaN,0,0.015000,4,0.675000,6,0.950000,6,NaN,0,0.495000,7,0.625000,4,0.135000,6,NaN,0,NaN,0,NaN,0,0.755000,29,0.005000,7,0.005000,6,NaN,0,0.010000,7,0.035000,4,0.005000,4,NaN,0,NaN,0,NaN,0,0.005000,28,0.305000,2,NaN,1,NaN,0,0.065000,2,NaN,1,NaN,1,NaN,0,NaN,0,NaN,0,0.105000,4
20261003096,1.000000,50000,100894,45029,5865,0.811451,0.796465,0.926513,0.874324,0.750855,0.163092,0.888813,0.572977,0.950895,0.948914,0.710000,4,NaN,0,NaN,0,0.710000,4,NaN,0,NaN,0,NaN,0,NaN,0,NaN,0,0.855000,8,0.005000,4,NaN,0,NaN,0,0.225000,4,NaN,0,NaN,0,NaN,0,NaN,0,NaN,0,0.005000,8,0.250000,2,NaN,0,NaN,0,0.460000,2,NaN,0,NaN,0,NaN,0,NaN,0,NaN,0,0.365000,4,0.370000,7,0.675000,6,NaN,0,0.625000,7,0.790000,4,0.370000,5,NaN,0,NaN,0,NaN,0,0.725000,29,0.005000,7,0.005000,7,NaN,0,0.080000,7,0.075000,4,0.005000,5,NaN,0,NaN,0,NaN,0,0.005000,30,0.785000,2,NaN,1,NaN,0,0.010000,3,NaN,1,NaN,1,NaN,0,NaN,0,NaN,0,0.030000,5
20261003097,1.000000,50000,101624,45641,5983,0.805439,0.788940,0.931305,0.870670,0.745409,0.168444,0.890744,0.568863,0.953495,0.951163,0.480000,3,NaN,0,NaN,0,0.605000,4,NaN,0,NaN,0,NaN,0,NaN,0,NaN,0,0.655000,7,0.070000,4,NaN,0,NaN,0,0.185000,4,NaN,0,NaN,0,NaN,0,NaN,0,NaN,0,0.060000,8,0.895000,2,NaN,0,NaN,0,0.345000,2,NaN,0,NaN,0,NaN,0,NaN,0,NaN,0,0.615000,4,0.650000,6,0.865000,6,NaN,0,0.790000,7,0.460000,4,0.075000,5,NaN,0,NaN,0,NaN,0,0.655000,28,0.005000,7,0.005000,6,NaN,0,0.380000,7,0.225000,4,0.005000,4,NaN,0,NaN,0,NaN,0,0.005000,28,0.435000,2,NaN,1,NaN,0,0.070000,3,NaN,1,NaN,1,NaN,0,NaN,0,NaN,0,0.065000,5
20261003098,1.000000,50000,101607,45820,5787,0.803980,0.787167,0.937100,0.870895,0.745810,0.162134,0.893769,0.574954,0.955150,0.953696,0.975000,3,NaN,0,NaN,0,0.505000,4,NaN,0,NaN,0,NaN,0,NaN,0,NaN,0,0.820000,7,0.005000,4,NaN,0,NaN,0,0.435000,4,NaN,0,NaN,0,NaN,0,NaN,0,NaN,0,0.005000,8,0.540000,2,NaN,0,NaN,0,0.095000,2,NaN,0,NaN,0,NaN,0,NaN,0,NaN,0,0.210000,4,0.650000,6,0.850000,6,NaN,0,0.640000,7,0.465000,4,0.070000,5,NaN,0,NaN,0,NaN,0,0.625000,28,0.005000,7,0.005000,7,NaN,0,0.035000,7,0.100000,4,0.005000,4,NaN,0,NaN,0,NaN,0,0.005000,29,0.310000,2,NaN,1,NaN,0,0.330000,3,NaN,1,NaN,1,NaN,0,NaN,0,NaN,0,0.370000,5
20261003099,1.000000,50000,100780,44906,5874,0.808448,0.792121,0.933265,0.875273,0.752462,0.156410,0.894750,0.574517,0.955359,0.953679,0.660000,3,NaN,0,NaN,0,0.720000,4,NaN,0,NaN,0,NaN,0,NaN,0,NaN,0,0.800000,7,0.005000,4,NaN,0,NaN,0,0.920000,4,NaN,0,NaN,0,NaN,0,NaN,0,NaN,0,0.025000,8,0.720000,2,NaN,0,NaN,0,0.650000,2,NaN,0,NaN,0,NaN,0,NaN,0,NaN,0,0.805000,4,0.700000,6,0.560000,6,NaN,0,0.260000,7,0.910000,4,0.220000,5,NaN,0,NaN,0,NaN,0,0.575000,28,0.005000,7,0.005000,6,NaN,0,0.170000,7,0.030000,4,0.005000,4,NaN,0,NaN,0,NaN,0,0.005000,28,0.830000,2,NaN,1,NaN,0,0.355000,3,NaN,1,NaN,1,NaN,0,NaN,0,NaN,0,0.570000,5
20261013000,1.500000,50000,101820,45866,5954,0.803705,0.786770,0.934162,0.869485,0.743555,0.169564,0.886884,0.568948,0.947863,0.944974,0.005000,3,NaN,0,NaN,0,0.005000,4,NaN,0,NaN,0,NaN,0,NaN,0,NaN,0,0.005000,7,0.005000,4,NaN,0,NaN,0,0.005000,4,NaN,0,NaN,0,NaN,0,NaN,0,NaN,0,0.005000,8,0.100000,2,NaN,0,NaN,0,0.005000,2,NaN,0,NaN,0,NaN,0,NaN,0,NaN,0,0.005000,4,0.035000,6,0.960000,6,NaN,0,0.005000,6,0.235000,4,0.285000,5,NaN,0,NaN,0,NaN,0,0.005000,27,0.005000,7,0.010000,6,NaN,0,0.005000,7,0.195000,4,0.005000,4,NaN,0,NaN,0,NaN,0,0.005000,28,0.365000,2,NaN,1,NaN,0,0.005000,3,NaN,1,NaN,1,NaN,0,NaN,0,NaN,0,0.005000,5
20261013001,1.500000,50000,101262,45378,5884,0.808103,0.792102,0.931509,0.871768,0.746693,0.169254,0.884930,0.570890,0.945461,0.941975,0.005000,4,NaN,0,NaN,0,0.005000,4,NaN,0,NaN,0,NaN,0,NaN,0,NaN,0,0.005000,8,0.005000,4,NaN,0,NaN,0,0.005000,4,NaN,0,NaN,0,NaN,0,NaN,0,NaN,0,0.005000,8,0.015000,2,NaN,0,NaN,0,0.005000,2,NaN,0,NaN,0,NaN,0,NaN,0,NaN,0,0.005000,4,0.005000,6,0.220000,6,NaN,0,0.005000,8,0.735000,4,0.240000,6,NaN,0,NaN,0,NaN,0,0.005000,30,0.005000,7,0.005000,6,NaN,0,0.005000,8,0.015000,4,0.005000,4,NaN,0,NaN,0,NaN,0,0.005000,29,0.140000,2,NaN,1,NaN,0,0.005000,3,NaN,1,NaN,1,NaN,0,NaN,0,NaN,0,0.005000,5
20261013002,1.500000,50000,100737,44891,5846,0.809271,0.793455,0.930722,0.873135,0.748113,0.163852,0.885247,0.571601,0.945926,0.943119,0.005000,3,NaN,0,NaN,0,0.005000,4,NaN,0,NaN,0,NaN,0,NaN,0,NaN,0,0.005000,7,0.005000,4,NaN,0,NaN,0,0.005000,4,NaN,0,NaN,0,NaN,0,NaN,0,NaN,0,0.005000,8,0.120000,2,NaN,0,NaN,0,0.005000,2,NaN,0,NaN,0,NaN,0,NaN,0,NaN,0,0.005000,4,0.005000,6,0.350000,6,NaN,0,0.005000,7,0.610000,4,0.385000,5,NaN,0,NaN,0,NaN,0,0.005000,28,0.005000,7,0.005000,6,NaN,0,0.005000,7,0.200000,4,0.005000,5,NaN,0,NaN,0,NaN,0,0.005000,29,0.575000,2,NaN,1,NaN,0,0.005000,3,NaN,1,NaN,1,NaN,0,NaN,0,NaN,0,0.005000,5
20261013003,1.500000,50000,101044,45122,5922,0.805599,0.788396,0.936677,0.872501,0.747610,0.166324,0.887880,0.572431,0.947495,0.944136,0.005000,3,NaN,0,NaN,0,0.005000,4,NaN,0,NaN,0,NaN,0,NaN,0,NaN,0,0.005000,7,0.005000,3,NaN,0,NaN,0,0.005000,4,NaN,0,NaN,0,NaN,0,NaN,0,NaN,0,0.005000,7,0.090000,2,NaN,0,NaN,0,0.005000,2,NaN,0,NaN,0,NaN,0,NaN,0,NaN,0,0.005000,4,0.025000,6,0.190000,6,NaN,0,0.005000,7,0.200000,4,0.480000,5,NaN,0,NaN,0,NaN,0,0.005000,28,0.005000,7,0.005000,6,NaN,0,0.005000,7,0.045000,4,0.005000,4,NaN,0,NaN,0,NaN,0,0.005000,28,0.080000,2,NaN,1,NaN,0,0.005000,3,NaN,1,NaN,1,NaN,0,NaN,0,NaN,0,0.005000,5
20261013004,1.500000,50000,100863,44857,6006,0.806539,0.789576,0.933233,0.873849,0.749838,0.160336,0.888112,0.569800,0.947877,0.945515,0.005000,3,NaN,0,NaN,0,0.005000,4,NaN,0,NaN,0,NaN,0,NaN,0,NaN,0,0.005000,7,0.005000,4,NaN,0,NaN,0,0.005000,4,NaN,0,NaN,0,NaN,0,NaN,0,NaN,0,0.005000,8,0.005000,2,NaN,0,NaN,0,0.005000,2,NaN,0,NaN,0,NaN,0,NaN,0,NaN,0,0.005000,4,0.045000,6,0.360000,6,NaN,0,0.005000,6,0.730000,4,0.795000,5,NaN,0,NaN,0,NaN,0,0.005000,27,0.005000,7,0.005000,6,NaN,0,0.005000,7,0.045000,4,0.005000,4,NaN,0,NaN,0,NaN,0,0.005000,28,0.320000,2,NaN,1,NaN,0,0.005000,2,NaN,1,NaN,1,NaN,0,NaN,0,NaN,0,0.005000,4
20261013005,1.500000,50000,100820,45151,5669,0.809091,0.792386,0.942141,0.875570,0.753148,0.162012,0.891506,0.576302,0.952784,0.950322,0.005000,3,NaN,0,NaN,0,0.005000,4,NaN,0,NaN,0,NaN,0,NaN,0,NaN,0,0.005000,7,0.005000,3,NaN,0,NaN,0,0.005000,4,NaN,0,NaN,0,NaN,0,NaN,0,NaN,0,0.005000,7,0.005000,2,NaN,0,NaN,0,0.005000,2,NaN,0,NaN,0,NaN,0,NaN,0,NaN,0,0.005000,4,0.005000,6,0.960000,6,NaN,0,0.005000,7,0.910000,4,0.310000,5,NaN,0,NaN,0,NaN,0,0.005000,28,0.005000,6,0.005000,6,NaN,0,0.005000,7,0.095000,4,0.005000,4,NaN,0,NaN,0,NaN,0,0.005000,27,0.005000,2,NaN,1,NaN,0,0.005000,3,NaN,1,NaN,1,NaN,0,NaN,0,NaN,0,0.005000,5
20261013006,1.500000,50000,100820,45024,5796,0.806966,0.790823,0.932367,0.873021,0.748091,0.165890,0.888087,0.572802,0.952121,0.949396,0.005000,3,NaN,0,NaN,0,0.005000,4,NaN,0,NaN,0,NaN,0,NaN,0,NaN,0,0.005000,7,0.005000,3,NaN,0,NaN,0,0.005000,4,NaN,0,NaN,0,NaN,0,NaN,0,NaN,0,0.005000,7,0.005000,2,NaN,0,NaN,0,0.005000,2,NaN,0,NaN,0,NaN,0,NaN,0,NaN,0,0.005000,4,0.015000,6,0.815000,6,NaN,0,0.005000,7,0.855000,4,0.385000,6,NaN,0,NaN,0,NaN,0,0.005000,29,0.005000,7,0.010000,6,NaN,0,0.005000,7,0.040000,4,0.005000,4,NaN,0,NaN,0,NaN,0,0.005000,28,0.160000,2,NaN,1,NaN,0,0.005000,3,NaN,1,NaN,1,NaN,0,NaN,0,NaN,0,0.005000,5
20261013007,1.500000,50000,101747,45861,5886,0.804201,0.787575,0.933741,0.870738,0.745840,0.167769,0.883091,0.568100,0.947189,0.944070,0.005000,3,NaN,0,NaN,0,0.005000,4,NaN,0,NaN,0,NaN,0,NaN,0,NaN,0,0.005000,7,0.005000,4,NaN,0,NaN,0,0.005000,4,NaN,0,NaN,0,NaN,0,NaN,0,NaN,0,0.005000,8,0.005000,2,NaN,0,NaN,0,0.005000,2,NaN,0,NaN,0,NaN,0,NaN,0,NaN,0,0.005000,4,0.020000,6,0.920000,6,NaN,0,0.005000,7,0.820000,4,0.165000,6,NaN,0,NaN,0,NaN,0,0.005000,29,0.005000,7,0.005000,6,NaN,0,0.005000,7,0.045000,4,0.005000,4,NaN,0,NaN,0,NaN,0,0.005000,28,0.015000,2,NaN,1,NaN,0,0.005000,3,NaN,1,NaN,1,NaN,0,NaN,0,NaN,0,0.005000,5
20261013008,1.500000,50000,102056,46067,5989,0.803270,0.786832,0.929704,0.868259,0.741720,0.176384,0.882903,0.563957,0.944900,0.941492,0.015000,3,NaN,0,NaN,0,0.005000,4,NaN,0,NaN,0,NaN,0,NaN,0,NaN,0,0.005000,7,0.005000,3,NaN,0,NaN,0,0.005000,4,NaN,0,NaN,0,NaN,0,NaN,0,NaN,0,0.005000,7,0.070000,2,NaN,0,NaN,0,0.005000,2,NaN,0,NaN,0,NaN,0,NaN,0,NaN,0,0.005000,4,0.065000,6,0.820000,6,NaN,0,0.005000,7,0.825000,4,0.500000,5,NaN,0,NaN,0,NaN,0,0.005000,28,0.005000,7,0.005000,6,NaN,0,0.005000,7,0.175000,4,0.005000,4,NaN,0,NaN,0,NaN,0,0.005000,28,0.070000,2,NaN,1,NaN,0,0.005000,3,NaN,1,NaN,1,NaN,0,NaN,0,NaN,0,0.005000,5
20261013009,1.500000,50000,101213,45354,5859,0.806631,0.790272,0.933265,0.873297,0.749595,0.163665,0.888207,0.572655,0.946406,0.943494,0.005000,3,NaN,0,NaN,0,0.005000,4,NaN,0,NaN,0,NaN,0,NaN,0,NaN,0,0.005000,7,0.005000,4,NaN,0,NaN,0,0.005000,4,NaN,0,NaN,0,NaN,0,NaN,0,NaN,0,0.005000,8,0.005000,2,NaN,0,NaN,0,0.005000,2,NaN,0,NaN,0,NaN,0,NaN,0,NaN,0,0.005000,4,0.540000,6,0.625000,6,NaN,0,0.005000,7,0.585000,4,0.910000,5,NaN,0,NaN,0,NaN,0,0.005000,28,0.005000,7,0.045000,6,NaN,0,0.005000,7,0.195000,4,0.005000,4,NaN,0,NaN,0,NaN,0,0.005000,28,0.115000,2,NaN,1,NaN,0,0.005000,3,NaN,1,NaN,1,NaN,0,NaN,0,NaN,0,0.005000,5
20261013010,1.500000,50000,101003,45225,5778,0.805051,0.789121,0.929733,0.872687,0.747878,0.166183,0.884139,0.570903,0.946425,0.943264,0.010000,3,NaN,0,NaN,0,0.005000,4,NaN,0,NaN,0,NaN,0,NaN,0,NaN,0,0.005000,7,0.005000,4,NaN,0,NaN,0,0.005000,4,NaN,0,NaN,0,NaN,0,NaN,0,NaN,0,0.005000,8,0.010000,2,NaN,0,NaN,0,0.005000,2,NaN,0,NaN,0,NaN,0,NaN,0,NaN,0,0.005000,4,0.040000,6,0.620000,6,NaN,0,0.005000,7,0.530000,4,0.480000,5,NaN,0,NaN,0,NaN,0,0.005000,28,0.005000,7,0.005000,6,NaN,0,0.005000,7,0.010000,4,0.005000,5,NaN,0,NaN,0,NaN,0,0.005000,29,0.030000,2,NaN,1,NaN,0,0.005000,3,NaN,1,NaN,1,NaN,0,NaN,0,NaN,0,0.005000,5
20261013011,1.500000,50000,101279,45416,5863,0.806978,0.790999,0.930752,0.872698,0.748572,0.170085,0.884902,0.577245,0.945535,0.941567,0.005000,4,NaN,0,NaN,0,0.005000,4,NaN,0,NaN,0,NaN,0,NaN,0,NaN,0,0.005000,8,0.005000,4,NaN,0,NaN,0,0.005000,4,NaN,0,NaN,0,NaN,0,NaN,0,NaN,0,0.005000,8,0.100000,2,NaN,0,NaN,0,0.005000,2,NaN,0,NaN,0,NaN,0,NaN,0,NaN,0,0.005000,4,0.080000,6,0.200000,6,NaN,0,0.005000,7,0.590000,4,0.985000,5,NaN,0,NaN,0,NaN,0,0.005000,28,0.005000,7,0.005000,6,NaN,0,0.005000,7,0.005000,4,0.005000,4,NaN,0,NaN,0,NaN,0,0.005000,28,0.285000,2,NaN,1,NaN,0,0.020000,3,NaN,1,NaN,1,NaN,0,NaN,0,NaN,0,0.030000,5
20261013012,1.500000,50000,101172,45463,5709,0.804659,0.788927,0.929935,0.870676,0.744313,0.167566,0.888261,0.568271,0.948021,0.945266,0.005000,3,NaN,0,NaN,0,0.005000,4,NaN,0,NaN,0,NaN,0,NaN,0,NaN,0,0.005000,7,0.005000,4,NaN,0,NaN,0,0.005000,4,NaN,0,NaN,0,NaN,0,NaN,0,NaN,0,0.005000,8,0.230000,2,NaN,0,NaN,0,0.005000,2,NaN,0,NaN,0,NaN,0,NaN,0,NaN,0,0.005000,4,0.005000,6,0.575000,6,NaN,0,0.005000,7,0.665000,4,0.890000,5,NaN,0,NaN,0,NaN,0,0.005000,28,0.005000,7,0.005000,6,NaN,0,0.005000,7,0.060000,4,0.005000,4,NaN,0,NaN,0,NaN,0,0.005000,28,0.335000,2,NaN,1,NaN,0,0.010000,3,NaN,1,NaN,1,NaN,0,NaN,0,NaN,0,0.010000,5
20261013013,1.500000,50000,101007,45230,5777,0.808144,0.792461,0.930933,0.872939,0.748387,0.166137,0.885714,0.578687,0.946934,0.943923,0.005000,3,NaN,0,NaN,0,0.005000,4,NaN,0,NaN,0,NaN,0,NaN,0,NaN,0,0.005000,7,0.005000,3,NaN,0,NaN,0,0.005000,4,NaN,0,NaN,0,NaN,0,NaN,0,NaN,0,0.005000,7,0.190000,2,NaN,0,NaN,0,0.005000,2,NaN,0,NaN,0,NaN,0,NaN,0,NaN,0,0.010000,4,0.020000,6,0.905000,5,NaN,0,0.005000,7,0.190000,4,0.270000,5,NaN,0,NaN,0,NaN,0,0.005000,27,0.005000,7,0.005000,6,NaN,0,0.005000,7,0.220000,4,0.005000,4,NaN,0,NaN,0,NaN,0,0.005000,28,0.595000,2,NaN,1,NaN,0,0.010000,3,NaN,1,NaN,1,NaN,0,NaN,0,NaN,0,0.015000,5
20261013014,1.500000,50000,101257,45418,5839,0.805861,0.789225,0.935263,0.871851,0.746844,0.166033,0.884176,0.573157,0.946586,0.943771,0.005000,3,NaN,0,NaN,0,0.005000,4,NaN,0,NaN,0,NaN,0,NaN,0,NaN,0,0.005000,7,0.005000,4,NaN,0,NaN,0,0.005000,4,NaN,0,NaN,0,NaN,0,NaN,0,NaN,0,0.005000,8,0.005000,2,NaN,0,NaN,0,0.005000,2,NaN,0,NaN,0,NaN,0,NaN,0,NaN,0,0.005000,4,0.060000,6,0.775000,6,NaN,0,0.005000,7,0.965000,4,0.720000,5,NaN,0,NaN,0,NaN,0,0.005000,28,0.005000,7,0.005000,6,NaN,0,0.005000,7,0.100000,4,0.005000,5,NaN,0,NaN,0,NaN,0,0.005000,29,0.005000,3,NaN,1,NaN,0,0.005000,3,NaN,1,NaN,1,NaN,0,NaN,0,NaN,0,0.005000,6
20261013015,1.500000,50000,101473,45460,6013,0.804286,0.787484,0.931315,0.870596,0.744895,0.170154,0.879919,0.569190,0.943098,0.939242,0.065000,3,NaN,0,NaN,0,0.005000,4,NaN,0,NaN,0,NaN,0,NaN,0,NaN,0,0.005000,7,0.005000,4,NaN,0,NaN,0,0.005000,4,NaN,0,NaN,0,NaN,0,NaN,0,NaN,0,0.005000,8,0.645000,2,NaN,0,NaN,0,0.005000,2,NaN,0,NaN,0,NaN,0,NaN,0,NaN,0,0.020000,4,0.755000,6,0.750000,6,NaN,0,0.005000,7,0.780000,4,0.285000,5,NaN,0,NaN,0,NaN,0,0.005000,28,0.005000,7,0.005000,6,NaN,0,0.005000,6,0.100000,4,0.005000,4,NaN,0,NaN,0,NaN,0,0.005000,27,0.190000,2,NaN,1,NaN,0,0.025000,3,NaN,1,NaN,1,NaN,0,NaN,0,NaN,0,0.025000,5
20261013016,1.500000,50000,101845,45900,5945,0.807792,0.792462,0.926156,0.871491,0.747555,0.166341,0.886954,0.571509,0.944919,0.941975,0.005000,4,NaN,0,NaN,0,0.005000,4,NaN,0,NaN,0,NaN,0,NaN,0,NaN,0,0.005000,8,0.005000,4,NaN,0,NaN,0,0.005000,4,NaN,0,NaN,0,NaN,0,NaN,0,NaN,0,0.005000,8,0.275000,2,NaN,0,NaN,0,0.005000,2,NaN,0,NaN,0,NaN,0,NaN,0,NaN,0,0.005000,4,0.005000,7,0.770000,6,NaN,0,0.005000,7,0.955000,4,0.590000,5,NaN,0,NaN,0,NaN,0,0.005000,29,0.005000,7,0.005000,6,NaN,0,0.005000,7,0.065000,4,0.005000,5,NaN,0,NaN,0,NaN,0,0.005000,29,0.835000,2,NaN,1,NaN,0,0.005000,3,NaN,1,NaN,1,NaN,0,NaN,0,NaN,0,0.005000,5
20261013017,1.500000,50000,101094,45167,5927,0.807923,0.791573,0.932512,0.874256,0.751204,0.160682,0.887279,0.578301,0.950656,0.948265,0.030000,3,NaN,0,NaN,0,0.005000,4,NaN,0,NaN,0,NaN,0,NaN,0,NaN,0,0.005000,7,0.005000,4,NaN,0,NaN,0,0.005000,4,NaN,0,NaN,0,NaN,0,NaN,0,NaN,0,0.005000,8,0.005000,2,NaN,0,NaN,0,0.005000,2,NaN,0,NaN,0,NaN,0,NaN,0,NaN,0,0.005000,4,0.395000,6,0.680000,6,NaN,0,0.005000,6,0.365000,4,0.735000,5,NaN,0,NaN,0,NaN,0,0.005000,27,0.005000,7,0.005000,6,NaN,0,0.005000,7,0.065000,4,0.005000,5,NaN,0,NaN,0,NaN,0,0.005000,29,0.410000,2,NaN,1,NaN,0,0.010000,3,NaN,1,NaN,1,NaN,0,NaN,0,NaN,0,0.010000,5
20261013018,1.500000,50000,101162,45479,5683,0.808979,0.793223,0.935070,0.874222,0.751300,0.163263,0.892186,0.576957,0.951406,0.948586,0.005000,3,NaN,0,NaN,0,0.005000,4,NaN,0,NaN,0,NaN,0,NaN,0,NaN,0,0.005000,7,0.005000,4,NaN,0,NaN,0,0.005000,4,NaN,0,NaN,0,NaN,0,NaN,0,NaN,0,0.005000,8,0.180000,2,NaN,0,NaN,0,0.005000,2,NaN,0,NaN,0,NaN,0,NaN,0,NaN,0,0.005000,4,0.005000,6,0.580000,6,NaN,0,0.005000,7,0.280000,4,0.790000,5,NaN,0,NaN,0,NaN,0,0.005000,28,0.005000,7,0.005000,6,NaN,0,0.005000,7,0.090000,4,0.005000,5,NaN,0,NaN,0,NaN,0,0.005000,29,0.395000,2,NaN,1,NaN,0,0.005000,3,NaN,1,NaN,1,NaN,0,NaN,0,NaN,0,0.005000,5
20261013019,1.500000,50000,100765,45022,5743,0.806875,0.791058,0.930872,0.874302,0.750497,0.165712,0.884771,0.573869,0.947295,0.944883,0.015000,4,NaN,0,NaN,0,0.005000,4,NaN,0,NaN,0,NaN,0,NaN,0,NaN,0,0.005000,8,0.005000,4,NaN,0,NaN,0,0.005000,4,NaN,0,NaN,0,NaN,0,NaN,0,NaN,0,0.005000,8,0.055000,2,NaN,0,NaN,0,0.005000,2,NaN,0,NaN,0,NaN,0,NaN,0,NaN,0,0.005000,4,0.020000,6,0.055000,6,NaN,0,0.005000,7,0.195000,4,0.610000,6,NaN,0,NaN,0,NaN,0,0.005000,29,0.005000,7,0.005000,6,NaN,0,0.005000,7,0.190000,4,0.005000,4,NaN,0,NaN,0,NaN,0,0.005000,28,0.485000,2,NaN,1,NaN,0,0.015000,3,NaN,1,NaN,1,NaN,0,NaN,0,NaN,0,0.020000,5
20261013020,1.500000,50000,100691,44860,5831,0.809000,0.793179,0.930715,0.874080,0.749877,0.161325,0.887459,0.576290,0.946606,0.943242,0.005000,3,NaN,0,NaN,0,0.005000,4,NaN,0,NaN,0,NaN,0,NaN,0,NaN,0,0.005000,7,0.005000,4,NaN,0,NaN,0,0.005000,4,NaN,0,NaN,0,NaN,0,NaN,0,NaN,0,0.005000,8,0.110000,2,NaN,0,NaN,0,0.005000,2,NaN,0,NaN,0,NaN,0,NaN,0,NaN,0,0.005000,4,0.055000,6,0.050000,6,NaN,0,0.005000,7,0.235000,4,0.610000,5,NaN,0,NaN,0,NaN,0,0.005000,28,0.005000,6,0.015000,6,NaN,0,0.005000,7,0.010000,4,0.005000,4,NaN,0,NaN,0,NaN,0,0.005000,27,0.180000,2,NaN,1,NaN,0,0.005000,3,NaN,1,NaN,1,NaN,0,NaN,0,NaN,0,0.005000,5
20261013021,1.500000,50000,101276,45467,5809,0.804782,0.788506,0.932174,0.872931,0.749025,0.163296,0.888697,0.575131,0.948699,0.946387,0.005000,3,NaN,0,NaN,0,0.005000,4,NaN,0,NaN,0,NaN,0,NaN,0,NaN,0,0.005000,7,0.005000,3,NaN,0,NaN,0,0.005000,4,NaN,0,NaN,0,NaN,0,NaN,0,NaN,0,0.005000,7,0.055000,2,NaN,0,NaN,0,0.005000,2,NaN,0,NaN,0,NaN,0,NaN,0,NaN,0,0.005000,4,0.005000,6,0.845000,6,NaN,0,0.005000,7,0.280000,4,0.320000,5,NaN,0,NaN,0,NaN,0,0.005000,28,0.005000,7,0.005000,6,NaN,0,0.005000,7,0.330000,4,0.005000,4,NaN,0,NaN,0,NaN,0,0.005000,28,0.380000,2,NaN,1,NaN,0,0.005000,3,NaN,1,NaN,1,NaN,0,NaN,0,NaN,0,0.005000,5
20261013022,1.500000,50000,100671,44834,5837,0.809260,0.793438,0.930786,0.874333,0.750331,0.164377,0.886960,0.578488,0.949352,0.946150,0.005000,3,NaN,0,NaN,0,0.005000,4,NaN,0,NaN,0,NaN,0,NaN,0,NaN,0,0.005000,7,0.005000,3,NaN,0,NaN,0,0.005000,4,NaN,0,NaN,0,NaN,0,NaN,0,NaN,0,0.005000,7,0.025000,2,NaN,0,NaN,0,0.005000,2,NaN,0,NaN,0,NaN,0,NaN,0,NaN,0,0.005000,4,0.005000,6,0.090000,6,NaN,0,0.005000,7,0.780000,4,0.585000,5,NaN,0,NaN,0,NaN,0,0.005000,28,0.005000,7,0.005000,6,NaN,0,0.005000,7,0.235000,4,0.005000,5,NaN,0,NaN,0,NaN,0,0.005000,29,0.270000,2,NaN,1,NaN,0,0.005000,3,NaN,1,NaN,1,NaN,0,NaN,0,NaN,0,0.005000,5
20261013023,1.500000,50000,100381,44575,5806,0.805959,0.788985,0.936273,0.873950,0.748854,0.165400,0.882662,0.572230,0.945731,0.942762,0.005000,3,NaN,0,NaN,0,0.005000,4,NaN,0,NaN,0,NaN,0,NaN,0,NaN,0,0.005000,7,0.005000,4,NaN,0,NaN,0,0.005000,4,NaN,0,NaN,0,NaN,0,NaN,0,NaN,0,0.005000,8,0.245000,2,NaN,0,NaN,0,0.005000,2,NaN,0,NaN,0,NaN,0,NaN,0,NaN,0,0.005000,4,0.005000,6,0.815000,6,NaN,0,0.005000,7,0.395000,4,0.050000,5,NaN,0,NaN,0,NaN,0,0.005000,28,0.005000,7,0.005000,6,NaN,0,0.005000,7,0.325000,4,0.005000,5,NaN,0,NaN,0,NaN,0,0.005000,29,0.225000,2,NaN,1,NaN,0,0.005000,3,NaN,1,NaN,1,NaN,0,NaN,0,NaN,0,0.005000,5
20261013024,1.500000,50000,101027,45104,5923,0.805280,0.788910,0.929934,0.872163,0.746899,0.167609,0.887453,0.579516,0.947227,0.943825,0.005000,3,NaN,0,NaN,0,0.005000,4,NaN,0,NaN,0,NaN,0,NaN,0,NaN,0,0.005000,7,0.005000,4,NaN,0,NaN,0,0.005000,4,NaN,0,NaN,0,NaN,0,NaN,0,NaN,0,0.005000,8,0.075000,2,NaN,0,NaN,0,0.005000,2,NaN,0,NaN,0,NaN,0,NaN,0,NaN,0,0.005000,4,0.035000,6,0.335000,6,NaN,0,0.005000,7,0.150000,4,0.020000,6,NaN,0,NaN,0,NaN,0,0.005000,29,0.005000,7,0.005000,6,NaN,0,0.005000,7,0.005000,4,0.005000,4,NaN,0,NaN,0,NaN,0,0.005000,28,0.015000,2,NaN,1,NaN,0,0.005000,3,NaN,1,NaN,1,NaN,0,NaN,0,NaN,0,0.005000,5
