variant,value,gamma,n_edges,n_edges_all,n_env,n_roots,max_generation,max_generation_occurrence,max_restatement_depth,independent_share_of_acquisitions,h3_c_agent_retelling,adjacent_rho,nodes_gen0,nodes_gen1,nodes_gen2,nodes_gen3,nodes_gen4,nodes_gen5,h1_p_chat_to_chat_other,h1_ngen_chat_to_chat_other,h1_p_chat_to_chat_self,h1_ngen_chat_to_chat_self,h1_p_chat_to_human,h1_ngen_chat_to_human,h1_p_chat_to_memory_other,h1_ngen_chat_to_memory_other,h1_p_chat_to_memory_self,h1_ngen_chat_to_memory_self,h1_p_memory_to_chat,h1_ngen_memory_to_chat,h1_p_search_to_chat,h1_ngen_search_to_chat,h1_p_search_to_memory,h1_ngen_search_to_memory,h1_p_chat_to_search_answer,h1_ngen_chat_to_search_answer,h1_p_combined,h1_ngen_combined,h1det_p_chat_to_chat_other,h1det_p_chat_to_chat_self,h1det_p_chat_to_human,h1det_p_chat_to_memory_other,h1det_p_chat_to_memory_self,h1det_p_memory_to_chat,h1det_p_search_to_chat,h1det_p_search_to_memory,h1det_p_chat_to_search_answer,h1det_p_combined,n_determined_edges,tk_mean_linear_slope,tk_mean_quadratic_slope,tk_variance_linear_slope,tk_variance_quadratic_slope
main,"rules v2, env precede, exposure main, time term KDE",0.250000,815594,1650092,156749,1145011,7,152,146,0.161208,0.300564,0.180408,1301760,645779,150985,16809,1817,175,0.005000,4,NaN,0,0.885000,2,0.005000,5,NaN,0,NaN,0,NaN,0,NaN,0,0.005000,4,0.005000,15,0.005000,NaN,NaN,0.005000,NaN,NaN,NaN,NaN,0.005000,0.005000,463310,10.804197,-31.211896,7708.396591,-15321.995981
time_term,module A kernel + KDE,0.250000,813991,1645817,158352,1145011,7,135,146,0.162856,0.294070,0.180903,1303363,646197,149157,16569,1819,219,0.005000,4,NaN,0,0.745000,2,0.005000,5,NaN,0,NaN,0,NaN,0,NaN,0,0.005000,4,0.005000,15,0.005000,NaN,NaN,0.005000,NaN,NaN,NaN,NaN,0.005000,0.005000,463310,10.781321,-28.829016,7719.102953,-14159.543587
gamma,0 (time only),0.000000,815397,1648370,156946,1145011,7,174,146,0.161410,0.308534,0.174931,1301957,636149,156954,19762,2258,239,0.005000,4,NaN,0,0.850000,2,0.005000,6,NaN,0,NaN,0,NaN,0,NaN,0,0.005000,4,0.005000,16,0.005000,NaN,NaN,0.005000,NaN,NaN,NaN,NaN,0.005000,0.005000,463310,11.902226,-25.671041,7863.641578,-12855.046167
gamma,1.0 (SPEC default),1.000000,815814,1651295,156529,1145011,7,134,146,0.160981,0.297627,0.182343,1301540,647864,150115,16091,1581,139,0.005000,4,NaN,0,0.905000,2,0.005000,5,NaN,0,NaN,0,NaN,0,NaN,0,0.005000,4,0.005000,15,0.005000,NaN,NaN,0.005000,NaN,NaN,NaN,NaN,0.005000,0.005000,463310,11.261359,-35.559336,7982.160114,-17381.865366
content,"other agents only, gamma 0.25",0.250000,815594,1648781,156749,1145011,7,172,146,0.161208,0.304239,0.180408,1301760,645779,150985,16809,1817,175,0.005000,4,NaN,0,0.850000,2,0.005000,5,NaN,0,NaN,0,NaN,0,NaN,0,0.005000,4,0.005000,15,0.005000,NaN,NaN,0.005000,NaN,NaN,NaN,NaN,0.005000,0.005000,463310,10.804197,-31.211896,7708.396591,-15321.995981
env_rule,any,0.250000,786857,1568694,185486,1145011,7,148,146,0.190762,0.294512,0.168516,1330497,638999,132820,13538,1364,117,0.005000,4,NaN,0,0.915000,2,0.005000,5,NaN,0,NaN,0,NaN,0,NaN,0,0.005000,4,0.005000,15,0.005000,NaN,NaN,0.005000,NaN,NaN,NaN,NaN,0.005000,0.005000,426235,10.953754,-28.368975,7734.767976,-13955.540105
exposure,ever,0.250000,820651,1655385,155500,1141203,7,152,146,0.159299,0.300927,0.187680,1296703,648733,152645,17177,1882,185,0.005000,4,NaN,0,0.905000,2,0.005000,5,NaN,0,NaN,0,NaN,0,NaN,0,0.005000,4,0.005000,15,0.005000,NaN,NaN,0.005000,NaN,NaN,NaN,NaN,0.005000,0.005000,465134,13.267746,-35.540327,9301.612944,-18279.491283
exposure,all,0.250000,832214,1667939,151353,1133787,7,152,146,0.153882,0.301578,0.195261,1285140,654390,157504,18053,2023,210,0.005000,5,NaN,0,0.885000,2,0.005000,5,NaN,0,NaN,0,NaN,0,NaN,0,0.005000,4,0.005000,16,0.005000,NaN,NaN,0.005000,NaN,NaN,NaN,NaN,0.005000,0.005000,467975,14.374129,-37.588964,9806.443529,-18799.805841
rules,v1,0.250000,815594,1644692,156749,1145011,7,152,146,0.161208,0.300652,0.180408,1301760,645779,150985,16809,1817,175,0.005000,4,NaN,0,0.920000,2,0.005000,5,NaN,0,NaN,0,NaN,0,NaN,0,0.005000,4,0.005000,15,0.005000,NaN,NaN,0.005000,NaN,NaN,NaN,NaN,0.005000,0.005000,463310,10.804197,-31.211896,7708.396591,-15321.995981
rules,v3,0.250000,815594,1647702,156749,1145011,7,152,146,0.161208,0.300626,0.180408,1301760,645779,150985,16809,1817,175,0.005000,4,NaN,0,0.880000,2,0.005000,5,NaN,0,NaN,0,NaN,0,NaN,0,0.005000,4,0.005000,15,0.005000,NaN,NaN,0.005000,NaN,NaN,NaN,NaN,0.005000,0.005000,463310,10.804197,-31.211896,7708.396591,-15321.995981
